video_id,country,category,days_trending,best_rank,peak_views,peak_likes
--2bBYK_TVA,IN,Other,1,49,266398,1159
--OFJWkdJOI,GB,Music,1,28,487526,13108
--OFJWkdJOI,IN,Music,3,25,1501722,25635
-0v4hel0ZRc,IN,Other,1,39,79272,172
-1_YSVdX6os,IN,Music,1,38,130676,0
-2AgR2HxuBQ,GB,Movie/TV Trailer,1,22,65901,1657
-2E3iZRRyj8,GB,Gaming,1,39,206897,10013
-2o6QwJcvUU,GB,Other,1,21,14314,627
-3F5y4ie8Es,IN,Gaming,1,32,160974,2626
-4Jd2wiGJKA,US,Music,2,38,224668,19488
-4_m1Zn3zTg,GB,Sports,1,43,218938,4100
-5EOZO_1GdI,IN,Music,2,40,225617,519
-5OvnO5ZkiY,IN,Gaming,1,42,281255,3600
-5_Ejqi2wwo,IN,Movie/TV Trailer,2,19,472034,24185
-7Hv5fR7KX0,US,Sports,1,49,0,0
-7zrxWeB2sQ,GB,Music,1,31,11479,526
-8JSKIEGYyo,GB,Movie/TV Trailer,1,41,130658,16206
-8gHn4_qpY8,GB,Reaction,1,38,38549,4267
-8gHn4_qpY8,US,Reaction,1,25,40143,4363
-ApRU1hUPfk,GB,Gaming,1,48,144626,8500
-AxmoG_z4Fw,IN,Gaming,1,44,447457,6145
-BXQA-r2eCA,GB,Other,1,28,282778,2546
-BXQA-r2eCA,US,Other,2,22,284343,2556
-BuqhOVo4ow,GB,Music,1,46,81005,228
-CepAYN0WyM,GB,Music,3,4,3504670,227387
-CepAYN0WyM,US,Music,3,1,3520887,228019
-CfophY8CXE,GB,Gaming,1,32,201543,3894
-CpFYSL2gi8,GB,Gaming,1,36,88412,7189
-CpFYSL2gi8,US,Gaming,1,36,97640,7347
-E2x80YumMI,US,Other,2,17,100246,5733
-EAw4le65aw,GB,Other,2,31,205005,8848
-GKwwbwee3E,US,Sports,1,20,0,0
-GLJFWNLPmA,IN,Gaming,2,12,813932,12497
-H1z1Dh4RUI,GB,Other,1,41,768476,25791
-H1z1Dh4RUI,US,Other,1,38,785655,26081
-HHndxGApbg,IN,Gaming,3,21,1180692,31551
-HY0lhbi_98,IN,Other,1,44,186700,1052
-HjNTjsbdS0,GB,Other,2,1,66150,4794
-I2-X9v-ogs,GB,Movie/TV Trailer,1,50,77164,2900
-IBvImeS5I8,GB,Music,2,4,25987,1747
-J0_2eMtFQM,US,Movie/TV Trailer,2,29,441279,27756
-Ja5KJcQ-Lc,IN,Movie/TV Trailer,2,14,215658,9621
-JjYVQ4kcHk,US,Other,2,13,575670,897
-KO5r4d_J3g,GB,Movie/TV Trailer,2,5,178662,4985
-KO5r4d_J3g,US,Movie/TV Trailer,2,5,179636,5010
-KZk8SHbMwA,US,Other,1,28,284349,765
-KdvidY4iYs,US,Music,2,16,205721,12263
-LgR6TxHLzU,GB,Other,1,13,302091,34497
-Lzmq6rm23c,IN,Music,1,25,750200,9987
-MTKBxUbKhw,GB,Other,1,15,354608,5505
-MTKBxUbKhw,IE,Other,1,42,355944,5525
-MTKBxUbKhw,US,Other,1,44,367228,5607
-MwIxRzXIpQ,US,Other,1,43,0,0
-NSEoxrM3y0,IN,Other,1,28,39562,496
-RCnK3-v3UM,US,Music,1,49,190476,928
-SEKt_0pdHM,GB,Other,2,10,1567355,168287
-SEKt_0pdHM,US,Other,1,10,1113849,140797
-ShK9mZtMbI,GB,Music,1,49,78542,6429
-ShK9mZtMbI,US,Music,2,7,150718,9792
-TTV__STZ_U,US,Other,1,23,154974,4983
-TWYj6sw2NQ,GB,Movie/TV Trailer,1,2,469903,43497
-TWYj6sw2NQ,IE,Movie/TV Trailer,4,32,625846,48568
-TWYj6sw2NQ,US,Movie/TV Trailer,1,5,477024,43753
-TbMQh_wzys,IN,Gaming,1,24,4669025,16278
-TgxqvW-NgA,GB,Gaming,1,35,266282,3765
-UCgFCEdxx0,US,Sports,1,34,0,0
-UZ593CkT4g,GB,Gaming,1,32,229600,12674
-UZzAd3BzRk,US,Other,1,22,194653,9495
-XWueMO81sc,IN,Sports,1,38,786320,24633
-Y2MWamQnv4,GB,Other,1,32,171205,9655
-Y2MWamQnv4,US,Other,1,20,178709,9885
-ZdSZN7LdqY,GB,Other,1,40,115863,9113
-ZqjaLBi0l4,US,Other,1,20,0,0
-_J7PLDk0Fg,GB,Gaming,1,18,120162,3103
-_mDI6pES98,US,Reaction,1,17,30037,1077
-aRZvjwsmqc,US,Other,1,18,0,0
-agpMFZgIOo,GB,Gaming,1,35,56505,2742
-aj4kYnLFqw,IN,Movie/TV Trailer,2,26,410658,22505
-bFXiF_7C5o,IN,Gaming,1,47,113290,300
-bIE7hduGkM,US,Other,1,5,425376,3583
-booyKdAS9s,US,Movie/TV Trailer,1,43,78849,5770
-cy2Kb6Qsj4,GB,Other,1,18,75182,2504
-dV5WWRS6Go,US,Other,1,43,27103,2216
-doboDw0XCA,IN,Music,1,13,594929,4548
-e8UaW7RUs8,GB,Movie/TV Trailer,1,29,78326,2939
-eXl1hKKNJI,IN,Movie/TV Trailer,4,8,205820,8389
-ehz0S6LsIk,IN,Other,1,27,342530,20638
-fAG4JbevH0,GB,Other,1,15,399145,26057
-fAG4JbevH0,US,Other,1,27,412670,26586
-fYw02kqff4,IN,Sports,1,30,283025,3526
-fgscE0zETg,US,Other,1,45,0,0
-gF6SxJNYgQ,GB,Music,1,30,133697,291
-hJGSDoZpJk,US,Other,1,46,0,0
-is91g0UvfY,IN,Gaming,1,43,1388752,3450
-iz9ZuyIC3w,IN,Other,1,16,66638,510
-jzwy0HXdXg,US,Other,1,29,86298,7625
-kQh-c0pqf8,IN,Movie/TV Trailer,2,31,33889,4099
-kyZ_4t3WAY,IN,Other,1,50,457644,15432
-ls3k3xUudE,IN,Gaming,1,3,865211,16489
-lwlVAnmZzY,IN,Music,1,42,57037,186
-mp7wJA3vKM,IN,Movie/TV Trailer,1,11,72485,15375
-oSBScmfhNI,US,Other,1,15,0,0
-oXESzyahbc,IE,Other,4,18,2186597,97580
-oggxDI-Xrc,GB,Sports,1,36,246037,3758
-pMpVg2001A,US,Other,1,28,0,0
-peKMzSz__I,IN,Movie/TV Trailer,3,37,46093,1832
-pm8XHoMpx0,GB,Sports,1,45,197583,9468
-pppzjE8wEs,US,Other,1,42,95483,4439
-ps-ArOaMbk,GB,Other,1,43,45091,1990
-qIa7N3BgaA,GB,Other,1,20,367734,11192
-qIa7N3BgaA,US,Other,1,35,387051,11457
-q_S27LbNKU,IE,Other,17,25,23488524,643404
-q_S27LbNKU,US,Other,1,42,10777315,335143
-rkjE0xc730,GB,Music,3,1,2980071,217973
-rkjE0xc730,IE,Music,21,4,5518386,258149
-rkjE0xc730,US,Music,2,4,2424889,202875
-sTZBuwn7lA,IN,Movie/TV Trailer,2,43,83358,1722
-swgjnYWt4g,GB,Gaming,1,42,887316,54007
-swgjnYWt4g,IE,Gaming,2,12,1100657,61265
-swgjnYWt4g,US,Gaming,2,6,898203,54323
-t3Nw6Z0yd4,GB,Movie/TV Trailer,2,8,27456,237
-u9TRlZADmg,GB,Other,1,40,80773,5759
-uFLzvL-Zog,US,Other,1,34,0,0
-uhc55_j98M,IN,Gaming,1,22,1087865,13286
-uvNvVtUidc,US,Music,1,43,937481,41746
-vTYZp83veY,US,Other,1,44,0,0
-w1b2aJJxgc,GB,Other,1,38,839419,20358
-wRnDlwAd5U,IN,Gaming,2,25,301060,949
-wrCD61Fozo,US,Music,1,31,273831,1010
-wxXJiOUMBY,GB,Other,1,11,353646,28757
-x0cY5LiBZA,GB,Movie/TV Trailer,1,29,49515,988
-x0cY5LiBZA,US,Movie/TV Trailer,1,41,52197,1032
-xB_Nnm7CHU,IN,Other,2,18,399311,9387
-xFTZNzCS2o,GB,Other,1,16,12376,640
-xSxaE1ClEE,IE,Movie/TV Trailer,1,43,576611,3083
-xSxaE1ClEE,US,Movie/TV Trailer,1,31,580400,3129
-xY5v4sP1Ow,GB,Gaming,1,48,619446,10193
-yQJffgGgSI,IN,Sports,2,6,954646,14058
-yTRneGSEBA,IN,Other,1,37,81704,388
-z5DVwZiFPM,US,Other,1,47,38389,2670
0-B59JegAws,US,Music,1,47,43574,353
0-gTGDefZUs,IN,Other,1,36,53618,4713
00BNybmsQvo,GB,Reaction,2,20,137852,7966
00BNybmsQvo,IE,Reaction,6,41,169630,9063
00BNybmsQvo,US,Reaction,2,29,138657,7988
00hw57ZJQk4,US,Other,2,6,1067795,39059
012g-P4IqG8,GB,Other,1,36,378258,7981
012g-P4IqG8,US,Other,1,47,385444,8040
01R0Hmco_9A,US,Other,1,48,0,0
01hi4G_lkQY,GB,Reaction,1,32,57219,3886
01hi4G_lkQY,US,Reaction,1,44,58365,3920
02-RDIZ5Rdw,GB,Movie/TV Trailer,1,41,505348,7663
02-RDIZ5Rdw,US,Movie/TV Trailer,1,43,550475,7719
03IEn9GQNM0,US,Other,1,31,171019,11219
03JBxednt3g,IN,Sports,1,29,385646,13168
03xYwx8D8os,GB,Gaming,1,49,172069,6686
04-vHqEFTXI,US,Other,1,42,0,0
05EqxrceoTM,IN,Other,1,17,854680,45549
05vM0OQTc3I,US,Other,1,48,244620,9275
075LcdYQytk,GB,Movie/TV Trailer,1,49,16584,808
078J2Aa4gP8,US,Other,1,6,0,0
07OxIAvsXQ4,US,Other,1,23,25643,3549
07h9Y1XKBWI,GB,Movie/TV Trailer,2,2,4326467,112977
07h9Y1XKBWI,IE,Movie/TV Trailer,20,5,6852323,133641
07h9Y1XKBWI,IN,Movie/TV Trailer,3,2,4896953,118311
07h9Y1XKBWI,US,Movie/TV Trailer,1,11,3368632,99083
08ZAZSbM3EA,GB,Movie/TV Trailer,1,23,53620,3058
08ZAZSbM3EA,US,Movie/TV Trailer,1,20,54678,3087
08watG5l20M,GB,Music,1,34,99779,12309
098m8TLTb4Y,US,Other,4,4,260305,8931
09sFFEJ6tl4,GB,Movie/TV Trailer,1,17,48575,2418
0AGBP87_8GQ,IN,Gaming,1,38,241966,1459
0AXK1BSkVug,GB,Other,1,39,37418,1102
0Adj4HPIUXw,GB,Sports,1,18,152024,3705
0Adj4HPIUXw,IE,Sports,2,27,245808,4724
0AsfMdywXug,GB,Movie/TV Trailer,1,14,210738,12111
0B7WBA1r6gg,US,Other,1,15,0,0
0Cr65UlucIU,IN,Other,1,42,75405,255
0DAKXYC53sQ,GB,Reaction,1,20,44362,3036
0DAKXYC53sQ,US,Reaction,1,38,45693,3092
0DBqNXiu6Ik,IN,Movie/TV Trailer,2,28,519208,3215
0DTrjpIb4QI,GB,Other,2,1,149529,17579
0DTrjpIb4QI,IE,Other,2,40,149579,17586
0DTrjpIb4QI,US,Other,1,49,93341,14551
0Dr8I_RyRCg,IE,Movie/TV Trailer,2,26,765238,27975
0Dr8I_RyRCg,US,Movie/TV Trailer,1,5,531163,22050
0EAEdIxedlk,GB,Other,1,27,216344,9782
0EAEdIxedlk,IE,Other,1,42,219721,9850
0EAEdIxedlk,US,Other,2,6,530945,17171
0Et62HWoy7E,IN,Other,2,3,424651,9063
0Fp2kxfrm2w,IN,Music,2,15,319761,1221
0GnA8VYOfko,US,Other,1,33,2429115,90516
0GqW4qjeW-8,GB,Reaction,1,17,54681,2658
0HuNrqxlnPs,IN,Gaming,1,17,1851177,5761
0JlMjgqduVw,GB,Movie/TV Trailer,3,2,7747388,73474
0JlMjgqduVw,IE,Movie/TV Trailer,18,2,18705923,95361
0JlMjgqduVw,IN,Movie/TV Trailer,4,8,17600438,80051
0JlMjgqduVw,US,Movie/TV Trailer,3,2,7958595,73766
0KYJPoGJcMc,IN,Other,4,1,3517774,20815
0LIdlmPmH4A,GB,Other,2,31,466869,42165
0LRV20a3Kwg,IN,Other,2,42,208209,606
0MxBFXH2a_U,GB,Movie/TV Trailer,2,2,620295,48688
0MxBFXH2a_U,IE,Movie/TV Trailer,2,32,621160,48699
0MxBFXH2a_U,US,Movie/TV Trailer,2,5,623800,48785
0NWHhWdkqEM,GB,Movie/TV Trailer,1,47,44413,1282
0OpiEVwuWTY,IN,Other,1,34,84865,1269
0Oqgl4gIll0,US,Gaming,1,23,229351,12093
0OsSVrsWems,GB,Gaming,1,42,473906,18667
0OsSVrsWems,US,Gaming,1,27,482983,18929
0P-R4aHRW0s,GB,Gaming,1,23,295328,5498
0PBuQCe4bkQ,US,Other,1,16,210768,19694
0PGskY4fjU8,IN,Other,2,18,1185740,85750
0PVLyBYNFj4,GB,Music,1,22,133431,11307
0PVWLsYHvZo,IN,Other,1,48,117886,3304
0PXEYzjZWlQ,IN,Other,1,33,334697,2965
0Pj_6gt3uC8,GB,Movie/TV Trailer,1,41,36571,3072
0Pjc3lSgYI8,US,Other,1,38,151820,8722
0Q4v7IKWO_E,US,Movie/TV Trailer,1,40,602223,13404
0RMN4t71MPA,IN,Movie/TV Trailer,2,17,772188,16189
0RpDPIOiJT4,US,Other,1,41,97585,6605
0Rt4ubsEn8c,GB,Movie/TV Trailer,1,25,87051,12560
0Rt4ubsEn8c,US,Movie/TV Trailer,1,16,90112,12820
0RxUcKE13ZI,IN,Other,4,1,8986844,164299
0S5PQ0SpV8Q,IN,Other,1,45,644264,23377
0SL_AZSrxw0,GB,Movie/TV Trailer,1,47,21951,1126
0TFEksyLWu4,GB,Music,1,28,30347,4221
0ToUafpbEKM,GB,Other,1,41,399569,31312
0ToUafpbEKM,US,Other,1,20,411169,31699
0TvIHeS0mpw,GB,Reaction,1,8,67147,5575
0TvIHeS0mpw,US,Reaction,2,8,101076,7182
0TySRKsgK-Q,IN,Gaming,1,21,1011165,3437
0U2iYQ_i0_I,US,Music,2,19,211785,18160
0UIGCG99F3Y,US,Other,1,39,0,0
0VqlRaK9f7M,GB,Other,1,48,404669,13172
0VufauIk2yo,US,Music,1,31,59651,7432
0WMX-j5WIHw,IN,Movie/TV Trailer,3,19,318620,1960
0WlruQq-h9E,US,Other,1,26,159777,9289
0YW75xy66dY,GB,Other,1,15,426600,22088
0YW75xy66dY,IE,Other,2,39,729295,28597
0YW75xy66dY,US,Other,1,28,442714,22415
0YtPdtyP_7Y,US,Other,1,36,221529,17971
0ZShLKjPF_8,GB,Other,1,46,234003,4093
0ZShLKjPF_8,US,Other,1,44,242051,4181
0_OqGHPMvBE,US,Other,1,44,445798,17127
0_i9a3tNDqo,GB,Other,1,18,154551,11022
0aIQ4hXe20U,GB,Sports,1,18,145443,3447
0aIQ4hXe20U,IE,Sports,3,18,246178,4841
0aif_nter64,GB,Movie/TV Trailer,1,20,96189,379
0arQVg7DxRU,US,Other,7,21,33151,971
0b98h0tr7N4,US,Other,1,39,0,0
0b9xVo-gQYA,GB,Music,2,16,2264790,25708
0b9xVo-gQYA,IN,Music,3,10,2673950,28783
0bViIqTNLDs,US,Other,1,33,0,0
0bcCvEjaxRM,US,Sports,1,29,233136,8101
0bpXFeEkAoM,US,Movie/TV Trailer,1,50,78377,15126
0d4nirTymmg,GB,Movie/TV Trailer,2,5,21796963,150355
0d4nirTymmg,IE,Movie/TV Trailer,2,44,21901217,150430
0d4nirTymmg,IN,Movie/TV Trailer,7,2,31401140,196681
0d4nirTymmg,US,Movie/TV Trailer,2,8,22251263,150938
0e6a0RFP69I,GB,Gaming,1,10,60582,9671
0e6a0RFP69I,US,Gaming,1,10,62610,9805
0fpTI9MJLuE,GB,Gaming,1,42,195971,7384
0fpTI9MJLuE,US,Gaming,1,45,207462,7639
0gEOlHommWQ,IN,Gaming,1,15,386967,4274
0gEOlHommWQ,IN,Gaming,1,33,875606,7109
0hhsgXT9MT0,GB,Music,1,24,181684,847
0iTNen9sIec,IN,Gaming,3,6,2084465,44951
0ihGIc3ZWog,GB,Gaming,1,42,653360,11062
0ijm2Xui5N8,GB,Music,1,4,382912,63777
0ijm2Xui5N8,IE,Music,1,4,384492,64008
0ijm2Xui5N8,US,Music,1,7,400497,65573
0ijm2Xui5N8,GB,Music,1,16,808500,94700
0ijm2Xui5N8,IE,Music,2,7,1095431,110741
0ijm2Xui5N8,US,Music,1,43,818797,95276
0is_VwWU3EE,US,Other,2,7,292039,24630
0jSEH6f4Sdo,GB,Gaming,1,12,293678,15548
0jSEH6f4Sdo,IE,Gaming,1,45,895016,31351
0jSEH6f4Sdo,US,Gaming,1,34,323964,16539
0jZ46zxHIro,GB,Gaming,1,35,194671,7283
0jZ46zxHIro,US,Gaming,1,47,210183,7575
0lOYSDeWDZU,US,Other,1,26,666741,12337
0lknXuAFoug,GB,Gaming,1,42,74344,3588
0mJI3TOQwbg,GB,Sports,1,45,173562,6276
0mQMbB8hkLo,US,News,1,26,0,0
0mUR_FHpMH4,US,Sports,1,9,0,0
0nRLTk0GWu4,GB,Music,1,48,259438,743
0oMdyixr23w,IN,Movie/TV Trailer,3,17,176120,19027
0ocEc_b3db0,IN,Other,1,33,150394,418
0pVtPe1_Z-c,US,Other,2,13,95533,5648
0pg0raFMNIU,GB,Music,2,1,5612522,278801
0pg0raFMNIU,IE,Music,17,27,25738282,411059
0qsj9CfY49o,US,Other,1,6,0,0
0rClKIqxXkE,US,Music,1,36,95947,9090
0rDrr0ydsw8,GB,Other,1,9,367500,28747
0rDrr0ydsw8,US,Other,2,15,738608,45318
0rGw1dse-mo,IN,Sports,2,27,928421,11876
0sTz2jbHSPw,IN,Other,1,36,71921,442
0sZuXnq8Irw,GB,Other,1,48,268740,8867
0syjdGLMBMg,US,Other,1,2,0,0
0tZFp7o16Oc,US,Other,1,15,0,0
0tcQN8rZ2nI,IN,Gaming,1,24,519113,31817
0xEZGOUlN5Y,IN,Gaming,1,6,11198037,28904
0xQia-RHC0E,US,Other,1,33,323455,23295
0z6seSQH-5U,IN,Music,2,19,2662626,91124
0zFgSGY_E64,IN,Other,1,49,166838,1380
1-du5coAz5A,GB,Movie/TV Trailer,1,31,28787,2129
1-xtruSUufE,GB,Movie/TV Trailer,1,47,144419,4572
1-xtruSUufE,IN,Movie/TV Trailer,1,34,145291,4585
10x5dwCtZ3c,GB,Other,1,46,109040,10859
11BoZxZylPg,GB,Sports,1,27,154361,11552
11BoZxZylPg,US,Sports,1,37,163755,11860
11CnT0zLMfo,IN,Other,1,17,895311,34465
11gcNa-TBRA,GB,Movie/TV Trailer,1,11,856627,4297
11gcNa-TBRA,US,Movie/TV Trailer,1,14,877376,4406
11i8OwHI_No,IN,Other,3,10,651883,1471
11oxApuoUeo,GB,Other,3,30,614180,20525
120i7ln07k0,US,Other,1,44,0,0
14-kYdSI8Dw,GB,Other,1,43,91303,431
1441_l-c0-8,GB,Other,1,25,205688,29384
147ZaDQIFA4,GB,Other,1,23,334902,1309
14IA7mkz5Aw,IN,Other,2,28,972602,26895
153uJDL4Y7s,GB,Movie/TV Trailer,2,2,773704,15527
153uJDL4Y7s,IN,Movie/TV Trailer,2,39,773800,15544
153uJDL4Y7s,US,Movie/TV Trailer,2,4,781530,15628
15Cjp_JZLJ8,GB,Other,1,47,64592,290
15QvNTiQMps,GB,Other,1,42,437149,24042
15QvNTiQMps,US,Other,1,47,447060,24282
15VZCVoaJ7s,GB,Other,1,42,213557,21731
15aaQL3SMAo,IN,Other,1,30,404385,2264
15bEKqahsaI,US,Other,1,44,0,0
15mR4-qIbUk,GB,Other,1,41,380407,29334
15mR4-qIbUk,US,Other,1,26,390360,29689
166IwIe7ke8,US,Other,2,10,201399,14291
16fz03Fesrs,US,Sports,1,24,0,0
16kMv8u1HuQ,GB,Other,1,39,68632,2822
17Q1b4yFtHE,IN,Other,3,10,1072766,2728
17vcngBqKmg,GB,Music,1,22,137662,12426
18XN3U0lP7Y,GB,Music,1,24,44257,231
18uFT__WI2U,GB,Reaction,2,10,356824,16348
18uFT__WI2U,IE,Reaction,3,25,388610,17167
18uFT__WI2U,US,Reaction,2,16,358153,16373
19E0cV45etU,US,Other,1,45,51375,441
19I5a1tRt98,GB,Movie/TV Trailer,2,23,2285330,5630
19I5a1tRt98,US,Movie/TV Trailer,1,17,1055981,3414
19uXlyhvR9Q,GB,Other,1,16,155280,2893
19v34QoBD7I,IN,Movie/TV Trailer,1,40,338748,11599
19xAkDMN4NQ,US,Other,1,36,0,0
1BiwllrQaqk,GB,Other,1,33,20000,214
1BzVOWfZl1s,IN,Gaming,1,12,1294489,57691
1CW0DP3zJEU,GB,Sports,1,30,270959,11845
1CXSj5hxzks,IN,Movie/TV Trailer,3,29,622257,16415
1Ce9cH-1Whg,IN,Other,1,16,155815,387
1CunNyk728M,US,Other,1,43,30289,1277
1CvMNYpJ4QI,IN,Movie/TV Trailer,1,33,54438,1606
1DMjuXWvjWA,US,Other,1,44,116293,5598
1E2Dmm8fyWc,GB,Movie/TV Trailer,1,38,20517,271
1Eh1Ehul0Qo,GB,Other,1,9,436236,3757
1Eh1Ehul0Qo,US,Other,1,47,436737,3763
1EwpPkpsSh0,GB,Movie/TV Trailer,1,7,208173,13527
1EwpPkpsSh0,US,Movie/TV Trailer,1,13,212281,13644
1H9dU3gNW5o,IN,Other,3,9,905695,116609
1IzZezTfwE0,GB,Other,1,7,622232,116119
1IzZezTfwE0,US,Other,1,4,633385,116863
1J6TJ9HXvDk,IN,Music,1,36,75654,173
1JdemHlOyN4,GB,Movie/TV Trailer,2,16,179430,5280
1JdemHlOyN4,US,Movie/TV Trailer,2,7,181291,5306
1JkAa64U1Ko,US,Other,1,13,0,0
1KkJFYJBwoY,GB,Reaction,1,48,160550,6636
1KkJFYJBwoY,US,Reaction,1,48,174650,6972
1KymG_sGrMY,US,Other,1,24,3488469,27775
1LafsWma0OU,GB,Movie/TV Trailer,1,23,38335,1993
1LafsWma0OU,US,Movie/TV Trailer,1,8,46046,2164
1Lf7Gt29XVg,US,Other,1,18,0,0
1LutQSQ-GWY,GB,Other,2,19,75621,2806
1Mkqg9pHl6c,GB,Gaming,1,45,278245,3745
1NHS5OP73Sc,GB,Movie/TV Trailer,3,8,1355202,37484
1NHS5OP73Sc,IE,Movie/TV Trailer,14,8,1933902,46276
1NHS5OP73Sc,US,Movie/TV Trailer,4,5,1512781,40257
1Ng4_XNQWjk,GB,Movie/TV Trailer,1,35,36642,2328
1NqGLjfpYtI,GB,Movie/TV Trailer,1,32,92732,6659
1OXmO0jnQfE,GB,Other,1,40,317882,8098
1Od5hSoBtlY,IE,Other,1,39,682062,37910
1OnD-3X4rqg,IN,Movie/TV Trailer,1,43,114675,1080
1PEJKEpveoE,GB,Other,1,12,61068,1695
1PfnLwNvXCc,IN,Music,2,22,442021,63690
1Pm00nMTr14,IN,Other,2,30,368423,1506
1QJH4eTHonY,IN,Gaming,2,12,1021241,12113
1QJbrlX63pE,IE,Sports,2,30,729099,23368
1QJbrlX63pE,US,Sports,1,32,199463,9170
1Qu-ZZvV_Yg,IN,Sports,1,48,145885,2795
1RZLTuaG6_k,US,Other,1,25,234881,509
1RlTT-f_cIw,GB,Movie/TV Trailer,1,20,708338,18283
1RlTT-f_cIw,IE,Movie/TV Trailer,3,35,838617,20470
1RlTT-f_cIw,US,Movie/TV Trailer,1,23,714518,18392
1RsNkKEbYdQ,GB,Other,1,43,755386,3921
1RsNkKEbYdQ,IN,Other,2,28,1196832,5822
1T4Ng_6Bp7s,GB,Other,1,9,206828,14120
1TYIywPGXjY,IN,Gaming,1,42,299177,1480
1Tm51S0zRkk,IN,Other,1,39,229738,0
1TrG_J5q_wM,US,Other,1,6,0,0
1UQhyfQuxTE,IN,Other,1,31,129450,458
1VXqo23YZ00,GB,Other,1,39,234946,9431
1VXqo23YZ00,US,Other,1,6,256712,9759
1VqxWNwgf5Q,GB,Other,2,4,4900171,472916
1VqxWNwgf5Q,US,Other,2,4,4956231,474558
1W--gxPF15E,IN,Gaming,1,41,1339117,2946
1WDmjUF8Fvg,GB,Reaction,1,26,49551,2548
1WDmjUF8Fvg,US,Reaction,2,22,72750,3239
1WHdHyxZuto,GB,Gaming,2,8,1188719,72437
1WHdHyxZuto,IE,Gaming,6,11,2058893,102636
1WHdHyxZuto,US,Gaming,2,5,1200893,72896
1WXRBSnLAU8,IN,Other,2,12,914915,36504
1Wfk-RXx5aQ,IN,Other,1,20,565363,62001
1X7TlmkLuQw,GB,Other,1,30,177676,2867
1XFEtAx5i7E,GB,Other,1,19,423405,62396
1XFEtAx5i7E,US,Other,1,22,434611,63041
1XMpCugfLkc,IN,Other,1,37,206683,5227
1XOQ2NlUnHY,GB,Other,1,28,75433,3756
1Xb7wVTFyd8,IN,Gaming,2,21,1006722,43320
1XyiMQPlRsU,IN,Gaming,2,18,1242454,19974
1YT3qHWUkVg,GB,Other,1,21,283990,5143
1YT3qHWUkVg,US,Other,1,33,299830,5314
1YddSDFIsk4,IN,Other,3,19,1419024,6140
1YkdKpSrVM4,GB,Movie/TV Trailer,1,20,77790,5335
1YkdKpSrVM4,US,Movie/TV Trailer,1,13,81430,5475
1ZCwQry8HM4,US,Gaming,2,36,590006,33701
1ZcDyB7F2bg,GB,Movie/TV Trailer,1,17,34874,421
1aOPK83EYNY,GB,Gaming,1,21,92872,5973
1c1nK0KgnSU,IE,Other,2,36,727815,34734
1c4vT24vJxg,IN,Reaction,1,37,171535,2998
1cfbUrxpgvo,GB,Other,1,39,35699,298
1covxcoB-kc,GB,Other,1,31,286619,7945
1cw1P4-r4qI,US,Music,1,28,29986,3050
1dWv2Y5hV-8,IN,Gaming,1,41,661794,2240
1eIHw1I6VBk,US,Other,1,43,0,0
1eW_7MUgse0,IN,Other,1,23,610083,15641
1euyHy9Mc-Q,US,Other,1,19,584813,6648
1fdBjonN17Q,IN,Movie/TV Trailer,1,31,124013,6346
1fpGg9wNM9A,GB,Movie/TV Trailer,2,19,763299,49814
1fpGg9wNM9A,US,Movie/TV Trailer,2,10,766367,49903
1g5knkhaDSc,IN,Movie/TV Trailer,2,17,750522,11147
1g9jXi8WY0I,US,Other,1,34,123031,15516
1gOwscUD6V0,IN,Other,2,33,429032,7322
1gezo8Zvt_g,US,Other,1,27,63586,2453
1hX0NfXf91w,US,Sports,1,43,0,0
1haG-AGN0Ng,GB,Other,1,33,365146,29362
1haG-AGN0Ng,US,Other,1,21,381552,30076
1ibqHrRmjdI,IN,Gaming,1,15,197246,4895
1idtuH0FKf4,IN,Music,1,31,110620,15905
1j2ohJ39rJM,GB,Other,1,8,62160,1842
1jKnI_ib8c8,GB,Other,2,1,4609864,250688
1jKnI_ib8c8,US,Other,1,10,3009496,216316
1kuGNyNmpcs,US,Sports,1,47,0,0
1ltE_gqGHVU,IN,Other,2,7,3888814,24242
1lxFXWZ0IEU,US,Other,1,3,746782,12560
1mc5CozPtJo,IN,Other,1,32,749806,23450
1mc78VRkcUA,IN,Music,2,24,424596,21153
1nYHI9Tv0vo,US,Other,1,26,0,0
1oFVaL_TVew,IN,Sports,1,44,355746,19811
1oir5yZQjik,IN,Sports,2,27,879558,11568
1oqbc4ekHv8,IN,Gaming,1,48,2006376,14558
1osdiOAkBKc,IE,Movie/TV Trailer,7,11,2388368,81705
1phxjgY6CFQ,IN,Movie/TV Trailer,1,50,160102,7421
1qRVSEPbxWg,GB,Other,1,45,281203,5391
1qaPctG6Tuk,IN,Other,2,28,98401,1115
1r-PlKRYe7c,GB,Movie/TV Trailer,2,8,459059,5838
1r-PlKRYe7c,US,Movie/TV Trailer,2,16,465223,5897
1r6GTP4PWYs,US,Gaming,1,48,269417,13706
1rjw7yD6H8Y,US,Gaming,1,16,457333,6246
1rzFcq4oOyA,US,Music,3,19,174798,12312
1sVtc5GqDnA,GB,Music,2,10,173620,6000
1t254G19GyE,IN,Other,2,10,478720,2912
1tOfeRCmYjM,US,Music,3,25,76788,4286
1tqWTWIEX2k,GB,Movie/TV Trailer,2,14,130355,8249
1tqWTWIEX2k,US,Movie/TV Trailer,1,37,71600,5589
1vKj10XPH8U,GB,Other,1,50,215022,14534
1vKj10XPH8U,US,Other,1,32,227896,14895
1ww8XJelbUY,GB,Other,1,47,23424,1947
1xHbT6QjYFg,IN,Other,2,19,494240,1431
1xYySEBgyoc,IN,Other,2,8,320378,6537
1xucibVqccc,GB,Other,1,40,152854,3409
1yMCW2RzJUo,GB,Movie/TV Trailer,2,8,146537,1031
1ymnCXU6iyA,GB,Movie/TV Trailer,1,2,1364719,54976
1ymnCXU6iyA,US,Movie/TV Trailer,1,2,1378673,55303
1z73rwTz0sc,GB,Gaming,1,18,79627,3763
2-V8yoTi8Ko,GB,Gaming,1,38,392108,16267
2026gsKfeE4,US,Other,1,10,86881,3637
20UpB7XwQv4,GB,Other,1,30,126354,1105
20UpB7XwQv4,US,Other,2,15,242970,1947
21HbB2HXA4E,US,Music,2,12,150216,11323
21UALhpzYP4,US,Music,1,36,27971,3120
21xz4ofM0Q8,IN,Other,1,22,652527,15923
22T85BJDHLI,IE,Other,1,47,151788,3526
22T85BJDHLI,GB,Other,1,9,98836,2539
22T85BJDHLI,IE,Other,1,41,99098,2545
22o08dvxn3A,IE,Sports,4,15,938002,1328
24vxKKt9I88,US,Reaction,1,44,24273,1640
24zWN02iqd4,US,Other,1,25,0,0
25rTFPHJczM,GB,Other,1,32,115194,2274
25sj-W0DCmg,GB,Other,1,31,167103,12024
25wuGz7vkSw,GB,Other,1,36,60996,1202
26g7rFNR2x4,GB,Other,1,23,274756,4690
26g7rFNR2x4,US,Other,1,35,287141,4863
27C4pfRsf9g,GB,Other,3,1,15660529,1236831
27C4pfRsf9g,IE,Other,36,1,82532956,2029153
27C4pfRsf9g,IN,Other,2,13,11935207,1074801
27C4pfRsf9g,US,Other,3,1,15758341,1240344
27en1H6kZi0,GB,Music,1,27,361891,1011
283OEmZItUA,IN,Other,1,46,817375,43396
28vR0DsD8tA,US,Other,1,38,0,0
28yybXEERCg,GB,Movie/TV Trailer,1,5,181783,11948
28yybXEERCg,US,Movie/TV Trailer,2,5,279508,15371
295ByizPKIs,US,Other,1,44,0,0
29LfZ09YsW8,GB,Other,1,47,29725,3326
29bfaHc1XiY,GB,Other,1,40,120468,17225
29dqmlkQWHk,GB,Other,1,22,185322,0
29dqmlkQWHk,IN,Other,2,25,340450,0
29e97i7zzVg,US,Sports,1,22,0,0
2AmGzuWmIh8,US,Music,4,4,146749,9281
2B939f_5cZA,IN,Other,1,25,195764,449
2BeVZuqmR6o,GB,Music,1,31,28766,225
2CWcuVKiCCA,IN,Other,1,30,111916,1507
2CXaSdz-5hI,IN,Other,2,16,1134676,217352
2CbQzBGgkLI,IN,Other,1,45,225149,2850
2CvGbR_RkM8,IN,Gaming,6,3,16041854,694908
2DOpHnPixX0,GB,Movie/TV Trailer,1,5,74500,2254
2ENxq9jTufM,US,Sports,1,41,103001,1993
2EP71ZiSkRQ,GB,Movie/TV Trailer,1,17,209485,11161
2EP71ZiSkRQ,IE,Movie/TV Trailer,7,23,516064,20072
2EP71ZiSkRQ,US,Movie/TV Trailer,1,11,214674,11298
2Et5hhIxDuA,IN,Gaming,1,9,1903054,5805
2FjB5EQYdV0,US,Sports,1,6,0,0
2Fv2DT110Cw,GB,Movie/TV Trailer,1,11,56288,1598
2GDN1FOLLZY,IN,Other,2,44,377420,855
2GNeABiL2sY,IN,Music,2,16,265927,18320
2GcRB9KjtXU,GB,Sports,1,32,126440,3365
2HTJmYFnPI0,GB,Other,2,10,586729,44464
2HTJmYFnPI0,IE,Other,7,43,1616263,56821
2HTJmYFnPI0,US,Other,2,7,592402,44637
2I74MnlvrQA,IN,Other,3,12,294047,1599
2IDu8lFyww4,IN,Other,1,16,260049,1801
2IEdYD-e_EM,GB,Challenge/Stunt,1,44,492984,17656
2IEdYD-e_EM,US,Challenge/Stunt,1,26,504115,17887
2IcpfrLqkwE,GB,Other,1,28,441914,51188
2IqBqiNfW3s,IN,Gaming,1,23,1478199,2299
2IyjDtp7sJQ,IE,Other,5,12,1297664,67950
2IyjDtp7sJQ,US,Other,1,37,218558,17983
2J1N9ZyBEss,GB,Gaming,1,25,437646,29935
2J1N9ZyBEss,US,Gaming,1,25,456629,30570
2J95CTmZUUM,GB,Other,2,10,33570,4892
2JbuvoqcN4k,IN,Gaming,2,9,1596500,22006
2JeUjIqK_4c,GB,Movie/TV Trailer,2,5,173407,5229
2JeUjIqK_4c,US,Movie/TV Trailer,1,11,98456,3527
2JpSFGTU2yQ,US,Other,13,4,100922,2027
2K_f7PL9mbs,IE,Gaming,5,12,877662,3902
2Ks_EztG4rk,US,Gaming,1,41,292409,10675
2L8LKLfSFfU,IN,Gaming,2,9,1227473,64217
2LJ59dPOWOc,US,Other,1,34,0,0
2LckbZbz2NU,GB,Other,1,18,52331,1810
2MGJH7EFr18,US,Other,1,43,97303,2923
2MO5jJrAW1s,GB,Other,2,22,93150,1073
2NboPlwh_hY,GB,Gaming,1,39,287744,4190
2Nls1MySm10,US,Gaming,1,38,248394,10484
2NomizORoqU,GB,Movie/TV Trailer,2,11,411131,26910
2NomizORoqU,IE,Movie/TV Trailer,6,29,690998,29598
2NomizORoqU,US,Movie/TV Trailer,1,20,284366,23536
2PdscDj3BtU,GB,Music,2,1,571889,15287
2ProXIaQftQ,GB,Reaction,1,47,20565,1171
2QdcK0Bz57c,GB,Gaming,1,39,171383,8098
2R2DxCQPQj4,US,Other,1,48,164838,1063
2RoL1WVanFI,GB,Sports,1,36,206161,7873
2RydunKJrBU,GB,Other,3,2,1259752,55508
2RydunKJrBU,IE,Other,13,2,1723395,66229
2RydunKJrBU,IN,Other,3,11,1260850,55518
2RydunKJrBU,US,Other,2,2,1068333,50615
2S1JwyMtzAE,US,Other,1,27,280098,10348
2SArZZGBpzw,IN,Other,1,30,51937,464
2SXz3OwDFV4,US,Other,1,36,195668,12642
2SqRi-bt8vU,IN,Music,3,1,639103,2010
2TcLxWu-sK4,IE,Other,1,39,187537,3354
2TseoyiHoP8,GB,Other,1,3,1071792,24002
2TseoyiHoP8,IE,Other,6,15,1188291,26327
2TseoyiHoP8,US,Other,1,6,1078084,24149
2UU0P_eu8gA,US,Sports,1,19,0,0
2VAc4FvNOmc,GB,Movie/TV Trailer,1,17,21976,3051
2VpLwb5-4ZU,GB,Gaming,1,30,978414,7745
2VpLwb5-4ZU,IE,Gaming,2,24,995488,7746
2W08QzaddeI,US,News,1,22,0,0
2WmI_bYr40U,GB,Movie/TV Trailer,2,22,221994,9701
2WmI_bYr40U,IE,Movie/TV Trailer,2,43,222324,9712
2WmI_bYr40U,US,Movie/TV Trailer,2,25,223567,9762
2X8FHkQUGac,IN,Movie/TV Trailer,1,38,279864,16525
2XK2GA1hnv8,IN,Other,2,10,436744,23364
2XY29qhcxN8,IN,Other,1,46,187505,1156
2Y8cq9KN3RE,IN,Gaming,1,45,1015633,3345
2YSnCqHXMGY,IE,Music,4,42,1129664,55012
2YbbiS79nE4,US,Movie/TV Trailer,1,19,82693,317
2Z1YdID_S6M,GB,Challenge/Stunt,1,49,190918,5063
2_7BQ9hLGkk,GB,Movie/TV Trailer,1,17,364313,24964
2_7BQ9hLGkk,US,Movie/TV Trailer,1,20,366446,25039
2_Dobi475E8,IN,Movie/TV Trailer,3,19,1220307,11024
2_UXowxOuNk,IN,Music,3,7,1120547,52405
2_UXowxOuNk,IN,Music,1,18,1415043,58210
2_Xshs4TgZA,GB,Gaming,1,49,686265,12191
2czXNeNkJY4,GB,Movie/TV Trailer,1,23,56264,1461
2dqSV5Sk05U,US,Other,1,26,225907,10465
2dtIzQpStlg,GB,Music,1,22,580599,21285
2dtIzQpStlg,IN,Music,3,12,1035081,30708
2e4g87QrVuo,US,Gaming,1,33,0,0
2eNdt7KwtiM,GB,Other,1,6,755287,50954
2eNdt7KwtiM,US,Other,1,18,785895,52133
2eiIhtd8ZVk,IN,Other,2,3,1334995,18374
2fNrPP1Lne0,US,Other,1,19,333075,1404
2fseQQt3GV8,US,Movie/TV Trailer,1,23,83557,14830
2gJgsW61g24,GB,Other,3,13,148808,1483
2gJgsW61g24,IE,Other,4,1,799486,5631
2gXNDr_6FcE,GB,Other,1,4,4699418,181205
2gXNDr_6FcE,IN,Other,5,1,7170630,224331
2gXNDr_6FcE,US,Other,1,30,4744357,182378
2gXTMCckHU0,IN,Other,1,42,2006957,4346
2gqOQep8LF4,US,Other,1,24,221255,12943
2grjQ1gQMsg,GB,Music,1,46,15190,78
2i6Q5YamvDg,US,Other,2,16,340821,9692
2iq1DUnPZdo,GB,Challenge/Stunt,1,32,233790,5012
2iyafVVRBQE,GB,Other,1,30,286218,4817
2jGWAJt4qCo,IN,Movie/TV Trailer,2,8,656710,25944
2kntxizQIFI,GB,Movie/TV Trailer,2,8,5279826,221887
2kntxizQIFI,IN,Movie/TV Trailer,7,2,11367069,346650
2kqK2eNRrqg,US,Other,1,42,130759,12224
2lHbgLEVb94,US,Other,1,46,29391,2138
2lNKcGnqAX4,GB,Movie/TV Trailer,1,16,69807,3254
2m2EHZfB0d8,IN,Sports,1,47,1014052,9845
2m5AuEvF4kU,IN,Music,1,41,96543,327
2mSgNdXNt5k,IN,Gaming,2,44,259989,870
2mWm9cs7nyE,US,Other,1,45,467828,32545
2pvp70HBCMM,GB,Other,1,48,53299,1152
2qcf0ZZtfRw,US,Other,1,24,246339,7258
2qduYQ-VDGw,GB,Other,1,21,242340,11585
2qduYQ-VDGw,US,Other,2,3,692085,21992
2qtfgEnK_28,GB,Other,1,7,330045,22877
2qtfgEnK_28,IE,Other,29,1,1826493,55923
2rA2K0gwjoo,GB,Other,2,1,3709272,301167
2rA2K0gwjoo,US,Other,3,1,4598400,332241
2rQCZKoaEhc,IN,Movie/TV Trailer,4,20,3123174,25515
2sBRb7Mbg0A,US,Movie/TV Trailer,1,46,158425,3699
2snRH-rr5kY,IN,Movie/TV Trailer,3,19,372074,18255
2tAbq7bjHKI,GB,Other,1,15,249746,11037
2tEQK1KrkoM,GB,Other,1,7,25614,3190
2tEQK1KrkoM,IE,Other,6,33,155398,7041
2tEQK1KrkoM,IE,Other,2,33,220063,7785
2tW7ehVIAQs,GB,Other,1,45,64286,2411
2trRAods8Js,GB,Music,1,42,155006,560
2uE3qs9v7Qo,IN,Gaming,1,18,1351317,51393
2uUF6NeYthA,US,Other,1,27,0,0
2v8oxqkojEU,US,Other,1,23,374537,474
2vYyHb34upc,IN,Music,5,1,5715177,289111
2vgKtYIevSA,GB,Music,1,4,186015,15586
2vgKtYIevSA,US,Music,1,6,193462,15654
2vjzlTTviFQ,GB,Music,1,36,103734,258
2vjzlTTviFQ,US,Music,1,36,107177,267
2vzsR9Pq2sU,IN,Gaming,1,47,325622,4315
2w4bc2EvnKY,GB,Challenge/Stunt,1,47,165245,16540
2xGklAZll58,US,Movie/TV Trailer,1,23,34661,1032
2z3b5g33occ,IN,Gaming,1,41,174280,3506
2z6a6NUFlsU,GB,Other,2,11,2587098,75285
2z6a6NUFlsU,IE,Other,5,35,5409832,87656
2z6a6NUFlsU,US,Other,2,11,2606153,75424
2zVQswuiqq4,GB,Other,1,15,45134,1183
3-1pnpkUtPg,GB,Other,1,9,65596,1965
31YzGkSQjhQ,IN,Gaming,4,3,7355949,513498
31ziLievXCg,IN,Gaming,2,3,1311988,16621
32UwQAjCp8g,GB,Other,1,37,12749,181
33erMbUUNnU,IN,Other,1,18,169217,18105
33gm_xd63VI,GB,Music,2,25,148119,443
346Mgt26WW8,IN,Other,1,29,1098830,76637
34IYQ-059mw,US,Other,1,45,0,0
35_7RqerOKs,US,Other,1,9,0,0
35nqh2A6dww,US,Gaming,1,11,382769,2707
35wpFbPQajY,IN,Music,3,7,667927,35403
36UzLtdwZxU,IN,Sports,1,6,2175891,2477
36uTDYMt4zs,GB,Gaming,1,36,763121,12899
37-_MqQxcKc,IN,Other,1,43,300816,7936
38QKl6eZ31A,IN,Music,2,48,110840,475
38kUQ70R3H8,GB,Sports,2,6,634690,28224
38kUQ70R3H8,US,Sports,1,3,602501,28017
38mXmzdJF9Q,GB,Movie/TV Trailer,2,2,424697,29407
38mXmzdJF9Q,IE,Movie/TV Trailer,3,44,500313,31924
38mXmzdJF9Q,US,Movie/TV Trailer,1,2,298847,24578
39s1rkJQXtE,GB,Sports,1,29,199294,3768
3AQJqWzG-Ss,IN,Other,1,44,147377,559
3As2LhlurGo,US,Other,1,50,142288,9862
3C0epHmMYXg,IN,Sports,1,30,198606,2467
3CDOd4GdcUQ,GB,Other,2,13,10681064,106540
3CDOd4GdcUQ,IN,Other,5,4,17448289,168786
3CkyswzGhAI,GB,Movie/TV Trailer,2,17,127914,8400
3CkyswzGhAI,US,Movie/TV Trailer,2,17,128521,8431
3Cq3OmuNhns,IE,Gaming,2,24,1405648,25102
3Cq3OmuNhns,US,Gaming,1,30,369412,10064
3DH1pWKir8Q,IN,Other,1,45,22893,335
3DIs7AnOBoc,GB,Other,2,1,49798,2680
3EGuYn0_VXc,IN,Movie/TV Trailer,3,5,815716,22088
3FJRYHVQVDE,GB,Other,1,10,904420,210236
3FJRYHVQVDE,IE,Other,3,22,1302784,254049
3FJRYHVQVDE,US,Other,1,16,918219,212602
3Fn5lZt2xXk,IN,Other,1,22,310983,35790
3G0A03PFMg0,GB,Other,1,10,835896,92466
3GCVuKFW56g,GB,Other,1,40,393314,29963
3Gmo0EXHyKg,IE,Movie/TV Trailer,7,17,3134005,116906
3HAM-FgIkqk,GB,Movie/TV Trailer,1,32,492434,11898
3Hqi76Pe9K4,IN,Other,1,18,101161,208
3HxIO_cnCpA,IN,Gaming,3,9,472416,18893
3I8m5MvFqE4,IN,Other,1,18,391131,19371
3IrvMWefZLg,GB,Other,1,27,321141,5612
3IrvMWefZLg,US,Other,1,18,335178,5831
3Ix-CNBVDJM,US,Music,1,21,53031,8039
3Jtzdy5xcR0,IN,Gaming,1,17,928230,1849
3K6lQhUVwTQ,IN,Other,1,42,60137,424
3KE5veofz_4,US,Music,1,37,14447,2330
3KMQEC-8Pws,US,Other,1,20,54689,2955
3MSh1nVPbnI,GB,Other,1,10,162861,2498
3MYc_8AKu60,GB,Gaming,1,37,225937,22665
3Mo4isGxhg0,IN,Movie/TV Trailer,2,37,52378,957
3NJN0uaI3vM,GB,Challenge/Stunt,1,27,58842,1258
3NTDitoZ0zA,GB,Other,1,7,32435,369
3Nn0Fn5KM0o,US,Other,1,47,50510,1396
3O3-OFbgZc4,GB,Music,1,19,6710,563
3O6rm_ihq1Q,IN,Other,1,31,76638,333
3OoonU-EizA,GB,Music,2,13,347290,19188
3OoonU-EizA,US,Music,2,4,351224,19288
3PEx9tdqzjo,GB,Gaming,1,36,326886,25461
3PEx9tdqzjo,US,Gaming,1,12,351483,26399
3P_GJ4zKtgk,GB,Movie/TV Trailer,1,35,38322,1867
3P_GJ4zKtgk,US,Movie/TV Trailer,1,38,41335,1944
3S0R3G0NYpI,GB,Other,1,26,262775,14776
3S0R3G0NYpI,US,Other,1,20,273022,15176
3SlzGXYaj6Q,US,Music,3,15,178234,10636
3TPHFXEhCGw,US,Other,1,44,48387,1878
3ToDHW8Mloo,IN,Other,2,25,158023,898
3Uhv1tJo7gc,GB,Gaming,2,9,2176630,115985
3Uhv1tJo7gc,IE,Gaming,9,9,3282666,136731
3Uhv1tJo7gc,US,Gaming,2,32,2196857,116430
3Urak78eG4M,US,Other,1,46,32190,327
3UwSkQLcyKw,GB,Other,2,3,2417823,103384
3UwSkQLcyKw,IE,Other,8,8,3864212,135980
3UwSkQLcyKw,US,Other,2,3,2447425,103943
3V-BS7i1Orw,US,Music,2,4,302849,19244
3W0qDV7Y_Sk,GB,Other,1,32,19958,816
3W8wS9M8RAU,GB,Other,1,13,178575,916
3WcwI_X9dF8,GB,Music,1,39,301315,4550
3WixgPtGxxo,IN,Gaming,1,36,1076095,2949
3X1dCivE3kE,IN,Other,1,24,196180,868
3XbvFs0q7TA,US,Other,1,35,0,0
3XcdYCMCsuk,IN,Music,1,24,352655,13107
3YdhLSku_T8,US,Sports,1,41,116494,2049
3Yqi3D4b2RQ,GB,Movie/TV Trailer,1,23,201111,15835
3Yqi3D4b2RQ,US,Movie/TV Trailer,1,26,212475,16307
3Z42tBfBLJY,GB,Movie/TV Trailer,1,11,586314,51971
3Z42tBfBLJY,US,Movie/TV Trailer,1,17,601622,52785
3ZLbnw96a6E,IN,Gaming,1,30,1122522,4126
3_NEH4LyaWk,IN,Other,1,3,2508095,119135
3_NEH4LyaWk,IN,Other,1,8,3608812,144691
3aHhRDIxwig,GB,Other,1,33,25276,3870
3aYHEQ01XkM,US,Gaming,1,42,313630,14161
3abVd78_M7A,GB,Music,3,1,2927928,115356
3abVd78_M7A,IN,Music,3,4,2935355,115416
3abVd78_M7A,US,Music,1,16,1457072,94798
3b7nh1Ug3Js,IN,Gaming,2,9,880568,12634
3bM0pYF36HI,IE,Gaming,1,36,673137,33230
3besyjAhrOA,IN,Gaming,1,36,290332,6411
3buMwTgqznk,US,Other,1,29,265805,15411
3c1zQCpPaNM,IN,Other,2,4,363692,782
3cLC-2F7mNI,IN,Other,1,43,578682,41114
3cffMYft3ik,GB,Other,1,35,219333,4309
3csVWs4ac98,US,Sports,1,3,0,0
3e-P8pFFpiI,GB,Other,1,25,89716,14067
3e6c55905xc,US,Movie/TV Trailer,1,44,213203,11234
3ewTV3PbxPM,GB,Movie/TV Trailer,1,37,45241,831
3ftexdVaBUs,IN,Gaming,1,26,195403,2158
3gNTY8fqIFw,GB,Sports,1,3,901834,3250
3gtsMsJaa3c,GB,Movie/TV Trailer,1,10,126657,696
3gtsMsJaa3c,US,Movie/TV Trailer,1,19,24075,234
3hGmMUiJuQY,IN,Music,2,21,247658,1928
3i4pKlPpKig,GB,Music,3,4,238477,8563
3iVDhcz1tW0,US,Music,1,25,175833,275
3i_s5xP2AxM,IN,Other,4,4,14869517,196266
3j7bhOvW6jw,GB,Music,2,4,2873408,200799
3j7bhOvW6jw,IN,Music,3,4,3618476,214272
3j7bhOvW6jw,US,Music,1,10,1831190,173305
3jCEBdka6xA,GB,Movie/TV Trailer,1,38,18561,722
3j_egLT5Z0s,GB,Movie/TV Trailer,1,16,154080,5675
3j_egLT5Z0s,IE,Movie/TV Trailer,2,34,264881,8148
3j_egLT5Z0s,US,Movie/TV Trailer,2,10,266436,8173
3kMr6JCbppI,GB,Movie/TV Trailer,1,5,441126,35561
3kMr6JCbppI,US,Movie/TV Trailer,2,5,595954,41127
3kO4XceQ_pY,GB,Other,1,27,398984,6104
3kO4XceQ_pY,US,Other,1,27,404355,6172
3khI3vqV0FY,GB,Music,1,22,58473,8551
3kxExEgyxLQ,US,Challenge/Stunt,1,46,178337,5993
3lMdORXOCQU,GB,Music,2,12,169122,346
3lQ3v6uhuN8,US,Other,1,35,377808,19441
3lR1ObvnZdg,US,Movie/TV Trailer,1,42,33489,2507
3lZ2ZenuCGc,GB,Movie/TV Trailer,2,13,342421,12313
3lZ2ZenuCGc,US,Movie/TV Trailer,2,7,348781,12425
3lf9HdiQtjk,US,Other,1,47,233191,6623
3mOTUKIzkXE,US,Music,3,6,401122,15409
3mzL7RE-TUQ,US,Other,1,3,0,0
3nElVHkpuKo,IN,Movie/TV Trailer,4,11,8414504,12955
3o0YEAI4Wmk,GB,Other,1,27,67361,1806
3oB9AxspVow,GB,Movie/TV Trailer,2,2,7490377,61261
3oB9AxspVow,IE,Movie/TV Trailer,15,11,16895600,96803
3oB9AxspVow,IN,Movie/TV Trailer,2,17,7515275,61352
3oB9AxspVow,US,Movie/TV Trailer,3,2,11857607,73903
3oNIvZRAIf0,IN,Other,1,42,30173,404
3oSg3oTy7Hg,GB,Other,1,32,200409,5012
3p08XibcgX0,US,Other,1,46,0,0
3pfqXO-ZjIA,GB,Other,1,43,4566,358
3qApHonP5dA,GB,Other,1,25,122234,422
3qFGTwqO6tQ,IN,Gaming,1,27,258463,1589
3qSIgQxpoqM,GB,Movie/TV Trailer,1,47,421975,20187
3qSIgQxpoqM,IN,Movie/TV Trailer,4,11,1543985,30253
3qSIgQxpoqM,US,Movie/TV Trailer,1,37,602771,20735
3qhXg-Ek4t8,IN,Other,1,48,284608,1166
3s5CYUVKLw0,IN,Other,1,37,155269,295
3sWN-7iFRf0,GB,Music,1,31,423564,2395
3t4Yr_VuzJ8,IN,Gaming,1,39,952205,5223
3tSJ-6XE_do,IN,Movie/TV Trailer,2,40,71831,815
3uUHZlEBQ6A,GB,Music,3,1,155939,8445
3uWURriiVIM,GB,Movie/TV Trailer,1,29,22217,557
3uXipmPaluU,GB,Other,2,4,238898,3126
3vMkXY9dSl0,GB,Other,1,38,181026,7043
3vMkXY9dSl0,US,Other,1,6,202691,7338
3vMsUN6DZjA,IN,Gaming,2,17,279671,4826
3xZsGiMIpA0,GB,Other,1,15,211882,14450
3yhshnFDHaE,GB,Movie/TV Trailer,1,20,96515,9750
3yhshnFDHaE,US,Movie/TV Trailer,1,11,103656,10076
3ynmamX5lYU,GB,Gaming,1,21,1282784,11155
3ynmamX5lYU,IE,Gaming,1,24,1283235,11155
4-Z9W_LjGV8,GB,Other,1,17,41756,2444
4-r0rS903qc,US,News,2,16,242899,22618
4-wEN4xFHA4,GB,Music,2,28,190394,337
413kklN9iFA,GB,Other,1,29,56642,2169
413kklN9iFA,US,Other,1,17,58754,2209
41iba4liFuQ,US,Movie/TV Trailer,1,17,172528,10236
42UUDBlR3AI,IN,Other,1,48,68273,275
42aeAUlLw3w,GB,Gaming,1,42,200210,7366
43DRHqbEMSU,GB,Sports,1,29,135053,12281
43DRHqbEMSU,US,Sports,1,46,138193,12438
43qoWFJbWF0,GB,Movie/TV Trailer,2,14,424380,26275
43qoWFJbWF0,US,Movie/TV Trailer,3,5,607896,33652
442XyRuWlEw,GB,Movie/TV Trailer,1,37,38444,1325
442XyRuWlEw,US,Movie/TV Trailer,1,49,39342,1340
45fXBZa9pZA,GB,Other,1,14,67575,801
45q18ujEYyk,GB,Movie/TV Trailer,1,10,267562,18786
45q18ujEYyk,US,Movie/TV Trailer,1,10,271256,18904
46QIr0rLyKE,US,Movie/TV Trailer,1,46,86710,694
47I-Xb2bGu0,GB,Movie/TV Trailer,1,11,569168,52536
47I-Xb2bGu0,IE,Movie/TV Trailer,1,50,569998,52563
47I-Xb2bGu0,US,Movie/TV Trailer,4,5,734412,57994
47XMyGGC2yU,GB,Other,2,19,28259,1408
47tffo-5eVs,IN,Gaming,1,44,420263,9753
48vOtWj-Q6k,IN,Gaming,2,34,138856,2508
49x5rfxmv4E,GB,Other,1,22,625102,33368
49x5rfxmv4E,IN,Other,5,1,5321493,74129
4Aa2z8ERgHs,US,Gaming,1,26,145920,11373
4Ag6DKicN0s,US,Other,1,47,0,0
4BHyJqcpdoE,GB,Movie/TV Trailer,2,2,133204,858
4BRheApE9Sk,GB,Gaming,1,35,170568,6875
4BRheApE9Sk,US,Gaming,1,38,178591,7058
4ChPhnanh_0,IN,Sports,2,20,836255,12265
4DMtpxNfRS4,US,Music,1,45,53566,4895
4DcaVHmNqYk,US,Other,1,41,0,0
4E0-K9F16r8,GB,Movie/TV Trailer,1,23,5094076,47999
4E0-K9F16r8,IN,Movie/TV Trailer,5,5,15479605,65461
4EL-SO5S2TY,IN,Other,4,4,6046838,171932
4EYUv8u7ir0,GB,Other,1,48,111389,2819
4Gnv_f2iwTY,GB,Other,1,50,188235,3306
4HRDFXXuMNE,US,Other,1,46,218412,31728
4HbAyxlMWto,GB,Other,1,42,157913,5243
4HcWsS4gnZ0,IN,Gaming,1,6,3195508,7659
4IE_PQaG7xk,US,Other,1,36,3404897,78944
4JF72seHJEU,GB,Other,1,35,206875,4219
4KXnboPN1p4,IE,Music,12,13,1251334,58918
4KXnboPN1p4,US,Music,1,43,699449,49921
4KccR8v_TjU,GB,Gaming,1,39,95505,6570
4Ke2CYBBf6M,GB,Music,1,44,147868,602
4M61s4OIWls,IE,Music,11,19,6878176,48814
4MMoXmAI7do,IN,Other,2,10,296924,1658
4MzltbgtyqM,GB,Other,2,6,162741,3696
4MzltbgtyqM,IE,Other,3,18,197527,4061
4NrHIWfX3n8,IN,Movie/TV Trailer,3,13,686859,12457
4NrHIWfX3n8,US,Movie/TV Trailer,1,43,282161,6093
4OQ5VdqG_LY,GB,Music,1,43,190048,561
4Oh5aNXkJ40,GB,Sports,1,30,774626,56860
4Oh5aNXkJ40,IE,Sports,1,48,778908,56951
4OxPvpLRraE,GB,Music,1,25,368562,1396
4OxPvpLRraE,US,Music,1,24,384782,1431
4PGhKmoU7cw,IN,Other,1,9,807799,6506
4PGhKmoU7cw,IN,Gaming,1,9,324305,3590
4PGhKmoU7cw,IN,Gaming,1,24,1209048,8528
4PPodH3i_7k,GB,Movie/TV Trailer,1,26,55464,3969
4PPodH3i_7k,US,Movie/TV Trailer,1,26,58018,4144
4Pnt4njqpt0,GB,Movie/TV Trailer,2,7,571316,9622
4PyQlX3FG1I,IN,Gaming,1,39,356638,1988
4Q1MyHkSN2E,GB,Movie/TV Trailer,1,23,26785,628
4Q4TuAzkz4k,GB,Other,2,3,2020490,97510
4Q4TuAzkz4k,IE,Other,5,3,3233743,129327
4Q4TuAzkz4k,US,Other,1,20,927966,57349
4QCkL-W557M,US,Other,1,47,171542,11498
4RP7yZ6P9no,US,Reaction,1,49,18034,1110
4Ri1uvuFuLc,IN,Other,4,30,656662,1919
4S5mDq4-EwY,IN,Gaming,1,3,11740873,32731
4SMPb82Cg3s,US,Music,1,37,263258,562
4SUT208HWS8,US,Movie/TV Trailer,1,32,90445,2049
4TJgYzFLFqA,US,Movie/TV Trailer,1,20,27981,2447
4TWQxOXnq4M,IN,Sports,1,38,287432,4141
4TWatxVc7lo,GB,Sports,1,45,191910,12055
4ULmCpdeGPU,GB,Gaming,1,33,1512077,11137
4ULmCpdeGPU,IE,Gaming,3,15,1547275,11139
4UTP2WFtNnU,US,Movie/TV Trailer,1,35,5512,59
4UUqGf2GOlA,GB,Music,1,43,92912,5846
4UfRmQy89RY,US,Other,1,30,253967,15118
4VjXJW1cC6Q,GB,Gaming,1,38,174333,6862
4WFIeHc6MaU,GB,Other,1,8,104787,1908
4WFIeHc6MaU,US,Other,1,23,107428,1949
4WMFB-JrecM,GB,Gaming,1,32,395875,14696
4WMFB-JrecM,US,Gaming,1,47,403827,14889
4WYr1qUvM-I,IN,Reaction,1,46,27480,1270
4Wi2OkFTLOU,GB,Gaming,1,47,161978,3554
4XBNxWA0_34,US,Gaming,1,18,262122,15075
4XJ0b1pRbSk,IN,Gaming,2,3,906917,57346
4Xa96ZSH3YU,US,Other,1,48,54875,3582
4Y-67tr8gjc,GB,Other,1,31,131530,469
4YEAToQJJKs,IN,Movie/TV Trailer,1,38,91967,1668
4YkbZTSoG2g,IN,Movie/TV Trailer,3,8,7221703,66010
4YkbZTSoG2g,GB,Movie/TV Trailer,1,26,2197545,34877
4YkbZTSoG2g,IN,Movie/TV Trailer,3,5,6608710,52840
4YkbZTSoG2g,US,Movie/TV Trailer,1,29,2396984,35895
4ZA93aDOKnI,US,Sports,1,13,0,0
4ZBEVMQeWz4,GB,Movie/TV Trailer,1,35,28504,1384
4ZaP524jcy8,GB,Movie/TV Trailer,1,41,41563,4900
4_hU8t3waig,GB,Other,1,39,891703,56053
4a1ziN7nP1A,GB,Other,1,48,5055,949
4a4pGHq1yUw,US,Gaming,1,30,192447,4746
4a8elY0imOw,IN,Sports,1,3,3147455,68766
4aoo3Iwp64w,GB,Sports,1,39,141657,3041
4aoo3Iwp64w,IE,Sports,3,33,256972,4177
4bgVQQ_NW3M,IN,Gaming,1,37,266518,964
4btzgL17vs4,GB,Movie/TV Trailer,1,11,61596,2427
4c3s7qmq4C0,GB,Music,1,49,10919,21
4c9hohUbMHc,GB,Movie/TV Trailer,2,2,53797,476
4c9hohUbMHc,IE,Movie/TV Trailer,7,26,76374,573
4cmSwWF6azo,US,Other,1,42,0,0
4d45JrUQYqg,US,Other,1,38,0,0
4dxPSM1s5-4,GB,Movie/TV Trailer,1,37,66423,1840
4dxPSM1s5-4,US,Movie/TV Trailer,1,22,68685,1866
4e6_nCPYjHA,GB,Other,1,18,10361,774
4eBZUofbnrI,GB,Challenge/Stunt,1,49,134903,2727
4gS5zomd7K8,US,Gaming,1,6,372467,13096
4gU-Y4H3ne8,US,Other,1,45,0,0
4hU3s5sIBuo,IN,Music,1,21,220237,16902
4h_MZihNf8k,IN,Other,2,32,272851,0
4hbC3IX8aUU,GB,Other,1,45,362731,5288
4hdImodqQks,US,Sports,1,3,449526,13149
4i3GHno_CGI,US,Other,1,24,445143,29981
4jQUC6Sg9_0,US,Other,1,27,0,0
4jvhSfUOHEQ,GB,Other,1,15,331895,11899
4jvhSfUOHEQ,IE,Other,2,18,544705,16462
4jvhSfUOHEQ,US,Other,1,18,347643,12147
4kW4Yi3Cokk,IN,Other,1,31,346628,2258
4kudYwqEm38,IN,Music,2,40,215903,359
4lQ_MQtB__M,US,Other,1,24,0,0
4oBVjCpozi4,IE,Sports,1,39,1136174,9964
4ozQrSHlFWw,GB,Other,1,20,389035,14946
4ozQrSHlFWw,US,Other,1,17,403217,15238
4pOfopumEgQ,US,Other,1,34,57289,618
4q223MQyM-Y,GB,Sports,1,14,143586,3248
4rUeBg8m2CQ,IN,Other,1,36,106974,502
4rev9tYREYs,IN,Sports,1,47,220271,830
4ruYkTcvF44,US,Other,2,18,268029,6266
4ryeBsMjN5s,IN,Other,1,37,36408,247
4s7ZTkwSCj8,IN,Gaming,1,29,1085576,4196
4sK04_f6LDs,IN,Other,1,34,157740,29682
4sfbcDgxMNk,US,Other,1,32,0,0
4tmxMCDOu3A,GB,Music,1,37,111975,568
4u3iI1WuU0k,GB,Music,2,4,401395,30461
4u3iI1WuU0k,US,Music,2,1,406144,30656
4ubjZcyxzBY,US,Other,2,1,1055729,4333
4udIozbf1d0,US,Other,1,30,0,0
4uyrk0MwSS4,IN,Other,2,38,411356,9312
4v31nFdfUS8,GB,Other,2,10,2943067,106895
4v31nFdfUS8,IE,Other,2,40,2946189,106894
4v31nFdfUS8,IN,Other,2,1,2946189,106897
4v31nFdfUS8,US,Other,1,16,2408698,101241
4vPYryv1w9o,GB,Sports,1,24,401114,10048
4vPYryv1w9o,US,Sports,1,48,406984,10138
4v_jk0w7wR0,GB,Gaming,2,6,3599087,193658
4v_jk0w7wR0,IE,Gaming,12,9,5704522,229772
4v_jk0w7wR0,US,Gaming,2,9,3633887,194463
4vtLcquc2bs,IN,Movie/TV Trailer,1,49,22890,2042
4vv2OSI7PP4,GB,Other,1,33,4232,394
4xH3m8SThbw,GB,Gaming,1,18,780350,10030
4xvILNS8B0U,IN,Other,1,27,207564,16146
4ybh5TVHb8k,US,Other,1,30,154877,10906
4ysrBcxnXa8,IN,Gaming,1,35,128767,2378
4zBbvPmSjXQ,IN,Gaming,1,26,740554,2366
4zItAC-0m_E,GB,Gaming,1,9,319245,26890
4zItAC-0m_E,US,Gaming,1,35,328913,27602
4z_slkyDjKk,US,Sports,1,10,0,0
5-gX0wjZl4M,US,Other,1,40,0,0
5-peG8H-lqE,GB,Other,1,33,156435,2420
51NuXWcVlyE,IN,Movie/TV Trailer,1,11,368344,14901
51dmlmen89E,GB,Other,1,26,79612,1522
51m7HQiv_ZI,IN,Other,2,22,1176688,11124
523Vk5VC5Eg,GB,Other,1,25,33508,4388
52qIHLFTINU,GB,Other,1,31,434481,2115
52zbLzvVxkU,IN,Other,3,10,327502,17836
53Wo-fNZ7yM,GB,Music,1,31,56430,26609
53_Ffsd9614,GB,Other,1,27,272734,5700
54B4OWVFDdw,US,Movie/TV Trailer,1,47,44257,1938
54UJ9FBBV4g,IN,Gaming,1,48,86679,2119
559g_wcp5Gc,IN,Gaming,1,35,844817,2299
56VeFUhtC94,GB,Other,1,49,4035,112
570sypR16OQ,US,Other,1,45,263227,5301
57Ae8rSLet0,GB,Music,1,9,55991,757
57FP_7j3CX0,US,Gaming,1,39,175541,11379
58I2YcKKcv8,US,Other,1,30,0,0
58Q01Dp_AYI,GB,Gaming,1,9,434172,6730
58Q01Dp_AYI,US,Gaming,1,29,452777,6885
58iSv-J88Hc,GB,Music,1,13,59900,3911
591W58EnuTQ,US,Music,13,1,216361,6169
59riTz85bwk,US,Other,1,49,33096,451
5AB-dx1WMmU,IN,Sports,1,33,2212267,0
5Ak71D6D6-8,IN,Other,2,6,1114867,70903
5Amt_gCuwqY,GB,Music,1,19,105926,139
5BF2NGPqHnc,IN,Gaming,1,9,4236191,9721
5BRFV64zAQI,IN,Other,1,25,104967,634
5BYVZBcPnj4,GB,Movie/TV Trailer,2,11,262944,3164
5BYVZBcPnj4,IE,Movie/TV Trailer,8,20,422751,4366
5BYVZBcPnj4,US,Movie/TV Trailer,1,11,150103,2109
5D2c4Vookzc,IN,Other,1,32,135203,738
5E6V80lXLXU,GB,Other,1,32,243426,9159
5EGvz8yPQKU,US,Gaming,1,39,157600,10477
5F5MKI_jXJw,GB,Challenge/Stunt,2,6,21396562,519728
5F5MKI_jXJw,IE,Challenge/Stunt,14,6,48193605,839368
5F5MKI_jXJw,IN,Challenge/Stunt,3,6,29548454,632815
5F5MKI_jXJw,US,Challenge/Stunt,2,6,21688461,524340
5FLJBDCnme4,US,Sports,1,41,79982,2685
5GbGyFLp5Pg,US,Gaming,1,42,0,0
5Gmkat1K5kk,GB,Sports,1,27,284854,1035
5H4KcXC7vU0,GB,Other,1,28,90064,1245
5HELYy55k5k,GB,Challenge/Stunt,1,45,146340,9228
5HlMUNHgeY0,IN,Movie/TV Trailer,1,34,200921,2764
5I-Cb_yN2Bs,GB,Gaming,1,43,356705,8033
5I-Cb_yN2Bs,US,Gaming,1,36,385381,8429
5It_kQ-kQoM,GB,Other,1,47,100497,3379
5J2fBhKNKF8,GB,Other,1,48,7284,950
5J_Hzl6PnBM,GB,Movie/TV Trailer,1,29,22331,1731
5JtEIm2BIeY,US,Other,2,3,0,0
5K1D2tpEZOM,IN,Gaming,2,9,856957,18202
5KArFL-f2-4,IN,Gaming,1,23,1828461,11846
5KQ_PSbKCv8,IN,Other,1,34,389909,2443
5KjdMX00tTY,US,Music,1,18,132837,11616
5KjdMX00tTY,US,Music,1,32,16833,3177
5LbpDCPKen0,GB,Other,1,21,146331,33508
5LbpDCPKen0,US,Other,2,15,458569,75374
5LvGzJ79UoE,IN,Gaming,1,36,1529304,12909
5MZBCOYLYps,IN,Music,3,10,910895,41411
5MbcTxNc_-4,IN,Movie/TV Trailer,3,8,712612,26918
5Mt7W1O8eNU,US,Other,1,35,128553,5794
5N_K_DN84ZI,US,Other,1,38,147917,130
5NgJnsIbbEo,US,Other,1,9,0,0
5OWGuMWOWdY,IN,Movie/TV Trailer,2,11,372496,3906
5OyTxEbT-fM,US,Other,1,22,262151,28749
5Qm_TdOTJ14,IN,Other,2,35,734067,51892
5R7V66cCjEs,IE,Music,3,43,7304,516
5RsCOR8Gocw,GB,Movie/TV Trailer,2,2,202596,781
5RsCOR8Gocw,US,Movie/TV Trailer,2,5,203475,783
5SCJM6aYsK0,US,Music,2,9,229455,9720
5ToX0PUY5_4,GB,Music,1,40,145361,250
5UOp8al66ng,IN,Other,1,10,501692,3360
5Ugj8FJ_pv0,GB,Music,1,19,327328,1098
5VIaWvm3quU,US,Other,1,33,197974,9438
5VsTiAQGIq0,GB,Movie/TV Trailer,1,17,37618,3442
5VsTiAQGIq0,US,Movie/TV Trailer,1,14,40433,3633
5WjYMIdFp7c,US,Other,1,38,183307,8402
5X1dMFuHZhc,GB,Movie/TV Trailer,3,2,2727494,88833
5X1dMFuHZhc,IE,Movie/TV Trailer,16,2,3785555,103423
5X1dMFuHZhc,IN,Movie/TV Trailer,3,2,2729128,88847
5X1dMFuHZhc,US,Movie/TV Trailer,2,5,2341894,81320
5Yiz05fa_2M,IN,Other,3,1,2693961,62634
5ZLMJyoJIsk,GB,Movie/TV Trailer,1,18,3481885,614305
5ZLMJyoJIsk,IE,Movie/TV Trailer,3,1,4826893,724867
5ZLMJyoJIsk,IN,Movie/TV Trailer,1,19,3498531,615385
5ZLMJyoJIsk,US,Movie/TV Trailer,1,18,3571758,620387
5ZlVvIGlQn4,GB,Other,2,7,724011,63472
5Zm7VC36iYA,IN,Music,3,10,2125024,86105
5ZmJvlGiF5k,US,Music,2,10,264329,27057
5Zv6A-4yPbQ,US,Other,1,34,0,0
5_6GRFK13vc,GB,Movie/TV Trailer,1,8,513146,22982
5_6GRFK13vc,IE,Movie/TV Trailer,2,37,732636,26913
5_6GRFK13vc,US,Movie/TV Trailer,2,8,735544,26953
5_FuSdSP0fA,US,Other,1,39,0,0
5_HUgYZ1zQw,GB,Other,1,15,35976,689
5aUZ308mKYk,IN,Movie/TV Trailer,3,26,540393,3750
5aXZ0fjAiho,GB,Music,1,19,91367,6835
5aXZ0fjAiho,US,Music,2,4,185465,10541
5an2gYiuIJQ,US,Other,1,25,0,0
5baCa7N4dPM,IN,Gaming,1,6,1028973,3074
5bdvO68nRmw,GB,Reaction,1,29,37604,3105
5blz3booCZU,IN,Gaming,1,41,446498,26334
5bm-ujV54wI,US,Other,1,46,103736,4639
5c7bZEMU4c0,GB,Movie/TV Trailer,1,28,68764,3905
5c7bZEMU4c0,US,Movie/TV Trailer,2,19,125948,5601
5cRc7H6XPdA,US,Sports,1,35,0,0
5cnIkR8f5tE,US,Other,1,27,187885,7948
5cxsw07PDCs,GB,Music,2,18,236476,720
5dIdIfCqOUg,IN,Movie/TV Trailer,2,29,255848,6720
5dgWZb0gJoo,US,Other,1,39,327783,8665
5ejo31EmKog,GB,Other,1,34,44833,2945
5gATyOISk8U,US,Other,1,34,371956,9796
5gPPpiPD9WI,US,Sports,1,9,0,0
5gwB0i0HyB8,GB,Other,1,49,6486,1369
5hgJ2gKE09s,GB,Other,1,12,93155,8361
5hy9IKEXUSg,US,Other,1,23,310871,9825
5iecxofoZhY,IN,Movie/TV Trailer,2,20,443097,19141
5l4wDL9pXps,US,Other,1,9,0,0
5m_3reeBP10,IN,Movie/TV Trailer,1,22,231067,23072
5mtbOhpqroo,GB,Movie/TV Trailer,1,17,86027,7981
5mtbOhpqroo,US,Movie/TV Trailer,1,28,87758,8075
5nBLF7RxqJA,IN,Other,1,39,269425,1751
5nYKXwW7cH0,IN,Movie/TV Trailer,4,14,320128,14657
5o_o1u5iwL8,US,Other,1,38,0,0
5qWxdohL6G8,GB,Reaction,1,28,96876,3309
5qwtFiEAgjs,GB,Other,1,42,108341,8902
5rUwXBdTOs0,US,Sports,1,14,0,0
5rbE3Lr4Sek,US,Other,1,40,0,0
5s5KPG4VXVw,GB,Music,1,4,305285,1157
5sem3_5UUyE,GB,Other,1,6,10616,120
5tTJGolcYUw,GB,Gaming,1,12,246508,3439
5vZY80fCqYI,GB,Other,1,38,97406,1989
5vZY80fCqYI,IE,Other,6,21,5509129,16387
5xhDawcDVkE,IN,Movie/TV Trailer,5,8,14673429,58707
5yHJUxtzlOI,US,Other,1,6,147566,16321
5zent5SHpkM,GB,Sports,1,24,237975,4255
6-GWxDD7VpM,GB,Other,1,6,561000,39162
6-GWxDD7VpM,US,Other,1,3,606198,40672
6-eqUIMD1JU,GB,Other,1,4,287055,8371
61ILM68gLbE,IE,Gaming,1,42,2274533,106891
61aWIO6ht98,GB,Movie/TV Trailer,1,43,43950,4137
62bIsvRcPv0,GB,Movie/TV Trailer,4,2,19624310,562944
62bIsvRcPv0,IE,Movie/TV Trailer,28,2,30297752,653891
62bIsvRcPv0,IN,Movie/TV Trailer,1,5,7279230,389715
62bIsvRcPv0,US,Movie/TV Trailer,4,2,19711751,563673
63TMRmbaBFc,US,Other,2,27,228465,590
63k0kNuCPak,GB,Music,1,18,43375,2258
63nWAOFHuEE,IN,Movie/TV Trailer,4,2,475136,3316
647TsP9EP-0,GB,Movie/TV Trailer,1,11,124186,2179
64ddYI6i3j4,GB,Other,1,25,438872,7260
64ddYI6i3j4,US,Other,1,38,459430,7493
650iPnUnpCo,US,Movie/TV Trailer,1,46,60084,1519
65SHgyOwav0,IN,Gaming,2,18,1537556,11115
65iu0PVMoRo,IN,Other,1,47,32882,275
65q1Wr5Kq5s,GB,Other,1,43,356463,6486
66GtLpQxz9E,US,Other,1,39,0,0
66QzlDewigE,GB,Other,1,27,525143,30611
66QzlDewigE,US,Other,1,24,541258,31269
66jPT40RxLg,GB,Movie/TV Trailer,1,17,36983,573
66x3qvY_lMM,IN,Gaming,1,30,32930,167
67FwxHAdeV8,IE,Gaming,3,45,1013022,41666
67FwxHAdeV8,US,Gaming,1,47,724185,34383
67ho3OxCmmM,GB,Movie/TV Trailer,2,11,2810365,34685
67ho3OxCmmM,IE,Movie/TV Trailer,13,17,3870466,47692
67ho3OxCmmM,IN,Movie/TV Trailer,2,38,2814922,34721
67ho3OxCmmM,US,Movie/TV Trailer,2,11,2821340,34889
67o0ubdLAtE,US,Music,2,7,273388,16051
6878YYX1LE8,US,Movie/TV Trailer,1,43,138829,8813
68HMMNEyqtY,IN,Gaming,2,47,352109,23745
68PVsdxBiME,GB,Music,1,27,98635,0
690bXOzD9lk,IN,Other,2,10,680788,51053
690pWNFLL50,GB,Other,1,14,60358,1451
69hGt54rH3E,IN,Gaming,1,45,291547,10067
6A96jp-MHz0,IN,Other,3,3,1875317,149198
6B7K-81A8-A,IN,Movie/TV Trailer,1,32,266397,29091
6C21sCViqcY,GB,Other,1,47,267232,16908
6Ckqs4Q0hwc,GB,Sports,1,30,263612,4037
6DPkDnUL1so,US,Other,3,39,107297,5486
6DWo0IGv6Dg,GB,Other,1,43,7769,491
6DZ58zh93hw,GB,Other,2,4,202360,1767
6DZ58zh93hw,IE,Other,23,19,1513081,9666
6Db-cEgbmC4,GB,Music,1,37,1278918,73279
6Db-cEgbmC4,IE,Music,23,15,22603767,319234
6DmaRUxXIUY,US,Other,1,28,443659,7156
6FHDVyeE9uo,US,Sports,2,3,0,0
6FmjZcrbrzA,US,Sports,1,41,359801,12772
6FvecSOm1VY,US,Other,1,45,0,0
6G4tHJS2iGI,GB,Music,1,21,236623,10551
6GIlwd5rhq8,US,Other,1,19,454003,490
6H8gjl71B9c,IN,Other,1,15,397343,1542
6HYNGV6QCRE,IN,Movie/TV Trailer,3,6,2381817,24586
6Hf1Op8C9Qc,US,Other,1,31,104076,9453
6HvCTTCYqSg,IN,Music,3,1,1194499,50703
6I0W8IStby0,GB,Movie/TV Trailer,1,17,58445,1019
6I3WDMEEmhs,GB,Other,1,33,40080,5965
6IFeGqSqrKs,GB,Other,1,19,882681,67501
6IFeGqSqrKs,US,Other,1,12,904295,68489
6I_2NQPPKAA,IN,Gaming,1,36,244588,529
6IxPD-jNdwM,IE,Movie/TV Trailer,15,2,11098964,194576
6K2D7fWswVA,US,Other,1,6,339330,14237
6KAp-xbjUzU,IN,Other,1,49,2531118,185808
6KsT3K5ynrU,GB,Movie/TV Trailer,1,41,1017140,4871
6NWQkwCD8HY,GB,Other,1,48,168377,5514
6Nfybzx2XRc,GB,Sports,1,31,22378,3688
6NhZ4BChfsc,IN,Other,2,7,755126,5049
6OR4h0-HvvU,GB,Other,1,42,195041,9018
6OvK8KVGGN4,IN,Gaming,2,23,1059154,13126
6P8SApg1g-c,GB,Movie/TV Trailer,1,19,160094,5228
6P8SApg1g-c,IN,Movie/TV Trailer,3,5,744721,8396
6PN5qCc7XWY,GB,Other,1,35,31422,335
6PaGSsY0tdU,GB,Music,2,16,277419,7041
6QIxXa4m7U4,US,Movie/TV Trailer,1,26,12347,882
6QNUFgR2HLk,IN,Movie/TV Trailer,4,2,1339157,16985
6Qvz-TtvZYk,IE,Other,8,34,22174,877
6R9E7Zsff8o,IN,Music,2,21,301588,1057
6T47WoZURa8,GB,Other,1,35,269860,16961
6T47WoZURa8,IE,Other,1,35,271005,17010
6T47WoZURa8,US,Other,1,20,281394,17338
6T4gZu3ew9I,GB,Other,2,1,542957,9677
6T4gZu3ew9I,IE,Other,21,1,4160575,56409
6T4gZu3ew9I,IE,Other,10,19,4576455,56237
6UfEllSSccY,GB,Other,1,37,112525,6706
6VCFV4kVdcA,GB,Other,1,21,457297,6956
6VCFV4kVdcA,US,Other,1,27,460917,7001
6Vv_HzG6Iqw,US,Other,1,38,0,0
6W1xPKGCAHk,IN,Music,1,46,118004,4288
6Wlyfe8JJKQ,GB,Other,1,40,270219,1781
6WryF-DQih8,GB,Other,1,32,212889,5964
6XLezofRyzI,IN,Other,3,4,608905,31598
6YTwWLTLNr8,IN,Gaming,2,9,917534,13373
6Ycn9qZK09I,GB,Other,1,7,4293041,144543
6Ycn9qZK09I,US,Other,1,16,4563811,145820
6YkxIy5QkwA,IN,Movie/TV Trailer,4,22,10674223,18332
6ZQd9u7nYnI,GB,Reaction,1,32,47868,2827
6ZVnOQ8DmFI,GB,Movie/TV Trailer,2,17,185926,4951
6ZVnOQ8DmFI,US,Movie/TV Trailer,1,20,94011,3195
6ZXdD3rXBAE,IN,Sports,3,3,3985936,185937
6ZjDBO4K8Oc,IN,Other,1,26,245165,32222
6_aT0HUwwl4,US,Music,1,45,52792,6813
6_auu8IAXcI,GB,Music,2,22,45403,2628
6aORngO5Z5k,US,Movie/TV Trailer,1,31,145435,3367
6b8SScUj3-A,IN,Movie/TV Trailer,1,35,46635,5482
6baOWbs9izM,IN,Movie/TV Trailer,1,14,359031,18771
6bgA5aGxElQ,GB,Movie/TV Trailer,1,50,29612,282
6cVlXoyO0Vw,IN,Music,3,1,479130,3080
6cdRFRVGQFM,IN,Movie/TV Trailer,1,32,39037,1893
6d0HXsh9Hcw,US,Gaming,1,30,109816,6032
6dCoSii8dLQ,US,Other,1,47,111501,3954
6dfNMwl6sSM,US,Music,3,1,1522520,82506
6dnF81t2YmU,IN,Movie/TV Trailer,1,43,135986,1896
6dxu_7ietug,IN,Other,1,6,2387853,140471
6es31NrXVhg,GB,Challenge/Stunt,1,21,260489,4683
6fAt1cqnhGE,IN,Gaming,1,9,794257,61188
6gAHPbJLXnI,IN,Other,1,38,76192,2524
6gm9IWUuus0,GB,Music,2,1,356189,22930
6gm9IWUuus0,IE,Music,11,12,769348,31217
6gm9IWUuus0,US,Music,1,12,194971,17381
6h0VQWuoqDo,US,Sports,1,16,73819,396
6h6fHx6nQv0,GB,Other,1,36,109215,4825
6hPU4fuNkuU,IN,Other,1,38,183342,1658
6hqRPOzjiQY,GB,Sports,1,14,130119,424
6jnyq4xn45M,GB,Other,1,45,368267,5891
6k2Pq-dV_gI,IN,Music,2,16,2796815,36136
6kSnF1zBOO4,US,Gaming,1,45,116284,2276
6kxU3NVBANk,IE,Movie/TV Trailer,2,47,211265,4552
6lTT5HKmzIk,IN,Music,1,34,243433,13213
6lWJ8e2CMGE,US,Sports,1,8,0,0
6n_xy45NpXY,US,Other,1,14,401648,13153
6nmd_tzLBAw,US,Other,1,41,129427,7704
6no1l2H7Xwg,US,Other,1,48,0,0
6o490iKYQgo,GB,Movie/TV Trailer,1,20,185741,9597
6o490iKYQgo,IE,Movie/TV Trailer,3,28,417625,15894
6o490iKYQgo,US,Movie/TV Trailer,1,23,190748,9727
6osx1sJgZKk,GB,Music,1,10,70836,180
6p4YOK6S5ig,GB,Sports,1,6,461465,5505
6p4YOK6S5ig,US,Sports,1,19,464158,5530
6rF-r_rYo9o,IN,Music,3,1,1878083,77451
6re5bVb-Ssc,IN,Movie/TV Trailer,2,17,127743,9247
6rg8EEJNM5Y,GB,Movie/TV Trailer,2,32,62737,667
6sDIAlCNhBo,US,Music,1,48,60695,104
6swe_PTNd40,GB,Other,1,44,6613,806
6t2nDHldoSk,GB,Movie/TV Trailer,2,5,1471011,69777
6t2nDHldoSk,IE,Movie/TV Trailer,6,20,3528389,77744
6t2nDHldoSk,US,Movie/TV Trailer,2,5,1492193,70006
6tI1SoMj5vg,GB,Other,1,3,1736536,82588
6tI1SoMj5vg,IE,Other,9,15,3570117,127715
6tI1SoMj5vg,US,Other,1,3,1801006,84623
6tN7HoS2nJw,GB,Other,1,36,171474,10847
6tNEjAYd99Y,GB,Gaming,1,27,248942,4901
6tNEjAYd99Y,US,Gaming,1,30,258186,5018
6u-5dFC9TT4,IN,Sports,1,37,272743,2175
6v-JvncKGik,US,Other,1,41,0,0
6v2Q_i8D1vA,GB,Other,2,19,205704,3069
6vCR-sv_fuA,IN,Gaming,2,6,1179145,16381
6vHT7lIaPAw,GB,Movie/TV Trailer,1,29,184468,21886
6xW45Y6SxLI,GB,Other,2,6,3282179,157430
6xW45Y6SxLI,IE,Other,10,6,4978549,197574
6xW45Y6SxLI,US,Other,2,3,3304970,157928
6xku0bWrTXw,GB,Gaming,1,44,259261,8859
6xku0bWrTXw,US,Gaming,1,38,264380,9009
6z4QlS1d7YQ,GB,Movie/TV Trailer,1,2,530046,30788
6z4QlS1d7YQ,IE,Movie/TV Trailer,10,20,991042,42226
6z4QlS1d7YQ,US,Movie/TV Trailer,1,2,547839,31152
6zDfwVSvyEk,GB,Other,2,4,19755145,215793
6zDfwVSvyEk,IE,Other,3,40,20936969,226210
6zDfwVSvyEk,IN,Other,4,1,21896318,233678
6zDfwVSvyEk,US,Other,1,10,18233603,196110
7-MD3ogb5jw,GB,Sports,1,36,3861408,0
7-MD3ogb5jw,IN,Sports,1,21,3862094,0
7-bDV98hNtA,IN,Gaming,1,49,351751,23236
70zmH8eHaJI,IN,Other,1,12,923033,43307
7112WTKl45Y,GB,Other,1,25,413896,92728
71hoOjpy9tY,GB,Music,1,7,113294,10015
72YV7kFU6N4,IN,Other,2,31,127378,592
72atZHF2QsY,GB,Other,1,18,74625,1219
73ZEplJ4E9A,IN,Gaming,2,6,1290906,16911
74NluS3jzTo,GB,Sports,2,13,242838,25101
74NluS3jzTo,IE,Sports,10,19,517661,32220
74NluS3jzTo,US,Sports,1,13,170180,21703
75UNqqOAj-Q,IN,Other,2,25,251018,1510
75Uui54whAI,US,Sports,1,28,0,0
762q-G_lQFM,US,Music,1,46,44451,6627
76MBXuasHzU,US,Other,1,36,0,0
76Q5TWHslOE,US,Movie/TV Trailer,1,46,201717,8914
77H1VFw93IY,US,Gaming,1,35,270075,13525
77QxhA7ZlhE,GB,Other,1,48,122499,2995
781DO06JMyw,US,Other,1,3,0,0
78A5w-qEfvw,IN,Gaming,1,44,515126,37459
78BUQPB8Z-c,IN,Music,3,13,2266778,36271
78wrful9cVU,IE,Music,7,1,24351873,859244
79IZRFB0NSk,GB,Other,1,47,44099,1453
79WG14BHF24,US,Gaming,1,48,362677,15214
79_vS79yXk8,IN,Gaming,3,3,1639853,20593
79n3EROANDg,US,Other,1,50,0,0
7Ay_yorx5YU,US,Other,1,48,265163,504
7B0-WJ5QYsc,IE,Gaming,1,36,16285792,593980
7BAOlyx2CJQ,US,Other,2,22,301684,12718
7Bpsn4bGOq8,US,Gaming,1,41,75861,3227
7C2L8oPEKeA,US,Other,1,30,515669,14312
7C7tBVbRa2s,GB,Other,1,20,32603,482
7CCfmWNvKfE,IN,Other,1,42,73940,563
7D8y_W4YmoI,GB,Movie/TV Trailer,1,35,440260,9826
7D8y_W4YmoI,US,Movie/TV Trailer,1,41,461988,10038
7DJLNCp5HyI,IN,Movie/TV Trailer,3,14,12246280,15658
7F1ET2XHQfk,IE,Other,4,10,28970461,902176
7F5_PVjcdno,US,Other,1,42,280158,8795
7FaPm2QTy5w,GB,Movie/TV Trailer,1,11,151405,4162
7FfFALrOtHE,IN,Music,1,34,232921,672
7GLkNyjp09A,IN,Other,1,46,36203,334
7HA9-t4DS7s,IN,Other,1,27,180554,935
7HD3g5pO268,GB,Movie/TV Trailer,1,32,70290,5306
7HYbmJ2mDpI,IN,Music,4,7,2222833,62442
7Hf-AN5Y8JM,GB,Other,1,10,136055,650
7I1Seh8aims,US,Other,1,9,0,0
7Iv3HEKXe2M,GB,Music,1,19,26984,60
7JeTOhF29zs,IN,Sports,1,35,1232005,2329
7KLI13WXuRg,GB,Gaming,1,36,94398,5329
7KZGZJH_gy0,IN,Other,3,7,414023,581
7KqJk8HTapo,IN,Sports,1,21,1235451,102991
7LYzvA0Rf0w,US,Other,1,31,277126,14496
7LfJKdRV3UA,US,Other,1,18,225487,8972
7MRB0PWyO6U,IN,Movie/TV Trailer,1,26,6234167,28991
7MTXkRxZQ-8,GB,Movie/TV Trailer,1,47,120666,4100
7MTXkRxZQ-8,US,Movie/TV Trailer,1,26,131320,4252
7MXEUt5heYM,US,Other,1,8,0,0
7MlY0lsleQ0,IN,Other,2,19,807060,4746
7N0n6SWDknc,IN,Gaming,1,42,842688,5660
7NBOadtvz90,US,Other,1,34,0,0
7NaZL9Z9OAE,GB,Sports,1,44,308710,16864
7NwczsIhcR4,GB,Movie/TV Trailer,1,20,13526,791
7Pfnmtko5qE,GB,Music,1,22,255901,6027
7Pfnmtko5qE,IN,Music,1,45,259609,6063
7QGRDC7ngpE,GB,Other,2,7,4898488,121066
7QGRDC7ngpE,US,Other,1,4,1339396,87409
7QJI947kw9k,IN,Other,1,39,23345,116
7QJI947kw9k,IN,Other,4,1,2670313,3167
7R4SnjKLL2U,IN,Other,1,37,132985,6349
7RCeBn0n9IA,IN,Movie/TV Trailer,2,8,779949,17185
7RCeBn0n9IA,US,Movie/TV Trailer,1,40,517875,13759
7RxH2Ut2VKQ,IN,Movie/TV Trailer,1,37,158991,4691
7TYdQysC_Fc,GB,Other,3,2,2005095,26128
7TYdQysC_Fc,IE,Other,10,19,4614605,31241
7TYdQysC_Fc,US,Other,3,2,2032475,26214
7TgNkts5aDo,GB,Sports,1,24,38070,4382
7UIBOsuUwc4,GB,Movie/TV Trailer,2,5,3840735,117805
7UIBOsuUwc4,IE,Movie/TV Trailer,2,17,3860956,117903
7UIBOsuUwc4,IN,Movie/TV Trailer,2,32,3860956,117923
7UIBOsuUwc4,US,Movie/TV Trailer,2,2,3932237,118476
7UOm4ndQ-fE,GB,Other,1,37,21091,497
7VC1Jz8aD8s,GB,Other,1,47,173422,525
7WpxyUbltqw,GB,Music,1,26,739616,26802
7WpxyUbltqw,US,Music,1,29,743321,26950
7Z6-TlYenjA,GB,Other,1,14,290431,13236
7Z6-TlYenjA,US,Other,1,39,307677,13622
7_368LYIaVI,US,Gaming,1,18,391481,13071
7_Eo7_5_FiM,US,Movie/TV Trailer,2,7,53868,996
7_JlQHJCgJI,GB,Sports,1,30,231084,4100
7_WU-RqIq5o,US,Other,1,29,33617,1802
7a5lmW-oIR0,GB,Movie/TV Trailer,1,13,1099422,186530
7a5lmW-oIR0,US,Movie/TV Trailer,1,28,1132184,189137
7ajFOWLmEMQ,IN,Movie/TV Trailer,1,29,182595,9200
7b20GRFZBFE,GB,Movie/TV Trailer,2,2,3865212,183560
7b20GRFZBFE,IE,Movie/TV Trailer,10,5,9017246,251140
7b20GRFZBFE,IN,Movie/TV Trailer,1,40,1968949,130366
7b20GRFZBFE,US,Movie/TV Trailer,3,2,5347440,217285
7b9mupwqkZU,US,Other,1,30,0,0
7bb-bk68MMc,US,Other,1,39,81469,1186
7c7JFMTBeVk,IE,Movie/TV Trailer,1,50,3464646,25807
7c7JFMTBeVk,IE,Movie/TV Trailer,1,41,2966354,25119
7czYxaSGdEs,IN,Other,4,3,2993707,200315
7d7kWzaj-Bs,IN,Other,1,33,122009,777
7dB5ne639ls,IN,Movie/TV Trailer,3,17,5444692,6422
7e9-2EMwzB4,IN,Other,1,42,90759,4457
7eXnhymVK90,GB,Other,1,46,88501,1435
7ehYGJxZFF8,IN,Music,4,1,2189727,75365
7fkymw3afAU,US,Other,1,12,132783,7591
7gEm5fDwhuA,IN,Other,2,42,955187,5871
7gcXKhZMAM0,IN,Other,1,46,399353,31952
7gpyKL5HMfg,GB,Music,2,1,19597,1319
7hLQtxlhmeM,IN,Movie/TV Trailer,3,11,234597,6424
7i8PKBF3plY,GB,Movie/TV Trailer,3,2,1434772,28732
7i8PKBF3plY,IE,Movie/TV Trailer,6,8,1474734,28744
7i8PKBF3plY,IN,Movie/TV Trailer,3,11,1434928,28745
7i8PKBF3plY,US,Movie/TV Trailer,2,2,1365934,28805
7iDfQBptqzA,US,Other,1,41,0,0
7izMYb216Cw,GB,Other,2,27,320942,1922
7jMzMXpSOjs,GB,Other,1,13,5040640,21683
7jMzMXpSOjs,IN,Other,3,10,11666358,128635
7jTsC28z9PY,IN,Movie/TV Trailer,3,11,451119,23249
7jc7u5HXTMw,GB,Other,2,40,347149,1431
7jchSozH3ds,US,Other,1,31,173624,343
7knGpjstcDA,US,Other,1,45,135136,8624
7l9T0_FOxvM,GB,Other,1,12,521925,26895
7l9T0_FOxvM,IE,Other,4,27,2422029,89157
7l9T0_FOxvM,US,Other,1,15,553106,28452
7m-LfbGMDHo,US,Other,1,9,0,0
7mQRspxB0CE,IN,Other,1,49,93675,456
7mSGFAaBCAQ,IN,Movie/TV Trailer,2,29,63462,4150
7meWEiJEHeI,GB,Other,2,4,140971,15993
7meWEiJEHeI,IE,Other,10,34,286032,21059
7meWEiJEHeI,US,Other,1,19,88840,12990
7mgye93HHRI,US,Other,1,40,219032,2817
7oaUPJY0_NI,IN,Movie/TV Trailer,3,23,334793,10398
7os_KcBlrWI,GB,Movie/TV Trailer,1,35,14094,1059
7p39r7cnNX8,US,Other,1,38,137991,4611
7q6CSGlWRwc,GB,Music,1,33,562873,15731
7rYzHcxEX30,GB,Music,1,36,67488,197
7rr4Y_Gticw,GB,Other,1,29,1969742,91248
7rr4Y_Gticw,US,Other,1,8,2009748,92263
7s2WVuXqWK8,US,Music,1,34,16358,240
7u-L-_4AYWo,IN,Movie/TV Trailer,3,5,582163,5255
7ueMLVx4ZeE,US,Other,1,44,85453,8793
7vNOj6kzvck,GB,Other,1,6,736572,32324
7vNOj6kzvck,IE,Other,1,36,736572,32340
7vNOj6kzvck,US,Other,1,19,739807,32420
7worS4lfOPI,IN,Music,2,45,720550,15714
7wrdrSIYk_E,US,Music,1,27,40805,174
7wsETQ3LKxY,GB,Sports,1,7,21268,391
7x9cqla_dbw,IN,Other,2,24,281229,909
7xghZIggm94,GB,Movie/TV Trailer,1,34,28064,286
7xz5uL0Bk2E,IN,Movie/TV Trailer,3,11,353298,5603
7y2vqxJVJ6k,IN,Other,1,24,611891,39476
7y4MUCCHFGY,GB,Other,2,4,223200,24468
7y4MUCCHFGY,IE,Other,7,25,453280,32226
7y4MUCCHFGY,US,Other,1,13,129649,18854
7ySEelF9D58,IN,Music,2,13,1425768,115380
7zsWAeyYY9o,GB,Movie/TV Trailer,1,8,10332,344
8-T3PRsYpGo,US,Music,1,18,184798,255
81ZjIr9lVX4,US,Music,1,24,259352,426
81kcHQ0C2G8,US,Other,1,16,0,0
82-jTNka3uc,GB,Other,1,22,8564738,724544
82-jTNka3uc,IE,Other,1,4,8565973,724804
82-jTNka3uc,US,Other,1,22,8620912,726419
82-jTNka3uc,GB,Music,2,4,6206899,634315
82-jTNka3uc,IE,Music,25,4,32155171,1169791
82-jTNka3uc,IN,Music,1,41,3392662,480385
82-jTNka3uc,US,Music,2,1,6297397,638189
82HEQP0x12U,GB,Other,1,48,145291,13491
82QcTMgDQos,US,Other,1,27,312781,408
82bPmSgCvbI,IN,Movie/TV Trailer,3,19,105246,7139
82nAc9e8eoI,GB,Other,1,39,120955,2090
82zUdtqMRvk,GB,Gaming,1,20,225202,4332
83C3TZ4Zm_o,GB,Other,3,4,11919648,502554
83C3TZ4Zm_o,IE,Other,15,22,26759650,749191
83C3TZ4Zm_o,US,Other,3,4,12065663,504191
83CWej4Yebw,US,Movie/TV Trailer,2,35,119899,8184
83c5T0RMYhM,IN,Other,1,39,119850,233
83mWWlAXJQY,GB,Movie/TV Trailer,2,20,379522,22699
83sQqjOMbIs,GB,Gaming,1,44,407751,14484
84cqjPRJnN4,US,Sports,1,15,0,0
84pY2PLW3Vk,IN,Gaming,2,15,979739,31728
84u5I-vmPf4,US,Other,1,38,0,0
85dHMEx3EJ0,US,Sports,1,17,905182,0
85f-ILFr6wM,IE,Gaming,1,36,1106920,9305
85k0oDbjqvc,US,Music,1,13,30488,179
85nfSzEho68,GB,Movie/TV Trailer,1,11,387631,5794
85nfSzEho68,IE,Movie/TV Trailer,7,32,3046827,11695
85nfSzEho68,US,Movie/TV Trailer,1,23,410971,5853
86SA7NeD9Fo,US,Other,1,23,0,0
879TJLwIgC0,GB,Movie/TV Trailer,1,23,187781,7756
879TJLwIgC0,IE,Movie/TV Trailer,2,41,476411,13076
879TJLwIgC0,US,Movie/TV Trailer,1,8,208737,8106
882ZpefhNig,GB,Reaction,2,14,197021,11346
882ZpefhNig,US,Reaction,2,17,198072,11384
88fD-UtG_yo,GB,Other,1,21,144674,18543
88fD-UtG_yo,US,Other,1,36,156357,19018
891UiV9Urac,GB,Other,1,9,534475,6896
891UiV9Urac,US,Other,1,32,537913,6928
89dIcM7CRqc,US,Other,1,42,0,0
8AlDjfiBUCs,GB,Other,1,27,207808,5144
8AlUKWKReeA,US,Movie/TV Trailer,1,31,58032,2732
8BVfOMsnyXI,US,Music,2,19,525239,2392
8Bf4qOn0MRs,US,Music,1,10,44375,5143
8BySBnBAlcA,US,Reaction,1,14,38323,1788
8CY7eRxg_Nc,GB,Other,1,10,585080,73067
8CY7eRxg_Nc,IN,Other,1,45,1397223,97311
8CYTKGGQ6x0,GB,Music,2,30,79185,245
8CYTKGGQ6x0,US,Music,2,21,54517,113
8DE0AafXSsY,IN,Gaming,1,9,1856848,5146
8E-eqrYLX_0,GB,Movie/TV Trailer,1,44,26789,300
8E9bYQ-MJQg,IN,Music,1,13,268608,2399
8EFBYzeX7jI,IN,Other,2,40,166913,540
8EZhCzFaQuw,GB,Movie/TV Trailer,3,5,2333405,147963
8EZhCzFaQuw,IE,Movie/TV Trailer,9,14,4267304,169233
8EZhCzFaQuw,US,Movie/TV Trailer,2,5,1803809,133331
8Ehr_OPDXi0,GB,Sports,1,18,310665,782
8ErDTDTIPB8,US,Gaming,1,30,358027,11615
8FcbudfyUmw,GB,Gaming,1,12,401974,50164
8FcbudfyUmw,IE,Gaming,1,48,403703,50318
8FcbudfyUmw,US,Gaming,1,30,415458,51130
8Fd4gNFYJZ8,IN,Music,4,1,1057465,37329
8FouC9oMYm4,GB,Other,2,3,340052,18023
8FsGtQ8nPtg,GB,Movie/TV Trailer,1,35,33987,1115
8GcCVYjQwFU,US,Other,1,40,67788,886
8HCcOe2S3X0,US,Other,1,49,0,0
8INRbVz-fi8,IN,Gaming,1,24,581051,3331
8IU2-E0J3zA,GB,Other,1,19,550715,43878
8IU2-E0J3zA,IN,Other,4,1,1840712,87832
8Il781FG9fc,US,Other,1,40,203448,17462
8IqZvNtmrq0,US,Other,1,49,0,0
8JefYd7TBck,GB,Music,1,34,51998,7120
8JntxQgaAw4,GB,Movie/TV Trailer,1,37,901115,33766
8JntxQgaAw4,IN,Movie/TV Trailer,5,2,1896610,61862
8JntxQgaAw4,US,Movie/TV Trailer,1,37,922262,34322
8JpnpsxguAU,IN,Other,1,3,1698669,51710
8Jz-Ozsoqxs,US,Other,1,46,0,0
8KilVV-9YVY,US,Other,1,48,183327,6624
8LDLDFQWa8g,GB,Other,1,25,140278,3588
8LJF9VS0CFY,GB,Other,1,23,506747,7179
8LWpeBX6ZwY,GB,Movie/TV Trailer,2,5,871893,34020
8LWpeBX6ZwY,US,Movie/TV Trailer,2,5,876953,34099
8MoFwRZC2eA,GB,Other,1,27,81852,441
8N9QN4X1pIk,GB,Movie/TV Trailer,1,5,337319,22929
8N9QN4X1pIk,US,Movie/TV Trailer,1,2,342154,23060
8NCaEveCxJ8,GB,Other,2,3,1588751,71190
8NCaEveCxJ8,IE,Other,4,18,1911596,79899
8NCaEveCxJ8,US,Other,2,6,1599230,71430
8Nn3Rma5V5U,IN,Other,2,25,114830,562
8O-YO3mErOM,US,Other,1,44,0,0
8OU5aRNRzd0,IN,Other,1,42,31979,142
8OgcN9Dl9Ko,US,Music,1,49,60835,761
8Oiy9VVAoiY,GB,Other,2,18,643750,59156
8Oiy9VVAoiY,IE,Other,3,29,870592,72208
8Oiy9VVAoiY,US,Other,1,21,331036,37715
8OpOByZBR94,US,Reaction,1,45,218800,9582
8PMlh1hU0g0,IN,Movie/TV Trailer,2,29,190046,1536
8PnIbbSqlN8,IN,Reaction,2,25,94027,3380
8Q7hikK1NFs,IN,Other,1,39,197079,1179
8Q_FHmwm3hA,GB,Movie/TV Trailer,1,50,29720,368
8QqtdhZ6Vrk,IN,Gaming,1,1,923327,2969
8SCegP4s3n0,GB,Movie/TV Trailer,3,7,3972422,14144
8SCegP4s3n0,IE,Movie/TV Trailer,12,5,6231228,17990
8SCegP4s3n0,US,Movie/TV Trailer,1,31,1047831,8350
8Tq6yPaDMtE,GB,Other,1,25,186346,726
8Txy5jKUErk,US,Other,1,44,216267,32744
8UG1IJcYEQU,US,Other,1,5,508680,15754
8ULmhXO4gks,IE,Music,1,46,2044023,80741
8V6nrmJy8Gc,IN,Other,3,13,773105,1574
8VL2eLssZfo,US,Other,1,9,0,0
8Vlz3ub3UbM,GB,Music,1,31,326067,1765
8WXHIUKWpqI,GB,Other,2,4,92445,5633
8W_SoT9by1A,IN,Other,1,39,347249,19937
8WgL6GA9FzU,GB,Movie/TV Trailer,2,43,26022,185
8ZXGjjK61u4,US,Other,1,15,0,0
8Zuh44rji24,GB,Music,1,34,99147,21627
8Zuh44rji24,US,Music,1,4,101900,21855
8_Au10osdEo,GB,Other,2,3,2691472,129207
8_Au10osdEo,IE,Other,10,9,4189707,152307
8_Au10osdEo,US,Other,2,3,2713732,129729
8_HZ1w7Q-Kw,GB,Movie/TV Trailer,2,17,440470,11955
8_hDmuyiODU,GB,Other,1,18,354601,8927
8aj29IQm1_Y,GB,Gaming,1,6,4297433,47773
8aj29IQm1_Y,IE,Gaming,6,12,4492538,48182
8aj29IQm1_Y,US,Gaming,1,21,4310170,47910
8bDUDP3fq0k,US,Other,1,45,0,0
8bbeODTfsoI,GB,Music,1,33,21485,92
8bwXIxXZRdE,IN,Other,1,41,488507,2712
8d-CyHgLAM4,GB,Reaction,1,44,80719,3191
8dKzUt4vEY4,IN,Gaming,1,35,435058,8111
8eM77a9iwus,GB,Other,1,27,605404,24152
8eM77a9iwus,US,Other,1,16,621806,24574
8g7VclWsiaM,IE,Other,5,34,17450047,365447
8gH2zMUSDN4,US,Other,1,29,0,0
8gn5ccAEPns,IN,Other,2,37,296963,673
8h1_T4QEvl0,GB,Music,1,45,79783,0
8hZlS6mdF3w,US,Other,1,26,0,0
8i1HqVArTp0,US,Music,1,24,20370,5986
8ihIabZrwGk,GB,Other,1,45,197222,7747
8ijtws_GuKw,US,Other,1,39,30914,1657
8jbOt2bOUtM,IN,Movie/TV Trailer,5,5,7677900,31587
8jpDxbX7t00,GB,Gaming,1,12,1398149,31706
8jpDxbX7t00,IE,Gaming,2,33,2114178,43583
8jpDxbX7t00,US,Gaming,1,14,1423934,32127
8kCPyoKDAqk,IN,Movie/TV Trailer,1,43,133844,1898
8kt-UX6dXwg,IE,Movie/TV Trailer,1,50,518343,27454
8lRVhk8YOwo,IN,Gaming,2,21,713839,16112
8lV2f8-w_3U,US,Other,1,42,137244,7288
8mUFlbpkgUI,IN,Gaming,1,47,635591,7173
8mY9a-EQtic,IN,Gaming,1,30,1708386,11102
8p5WAii09MA,GB,Movie/TV Trailer,1,46,28386,581
8pL1BGk71KY,GB,Music,1,45,39088,83
8r0dXqkasb8,US,Other,1,48,20444,4148
8s3n79l3yqc,GB,Sports,1,26,67541,5354
8s3n79l3yqc,US,Sports,1,14,70798,5448
8sCiEf6iZ68,GB,Other,1,25,4641,449
8s_lp9xxADE,US,Gaming,1,31,201883,8215
8tNGgs8ZbcI,GB,Gaming,1,39,228024,585
8tZkSTh7Lwk,GB,Gaming,1,3,976872,74908
8tZkSTh7Lwk,IE,Gaming,2,36,1458876,93248
8tZkSTh7Lwk,US,Gaming,1,39,1016734,76333
8u0wLf10qHI,GB,Movie/TV Trailer,1,38,78990,5811
8u0wLf10qHI,US,Movie/TV Trailer,1,20,81222,5905
8u_AfYJ46R0,IN,Movie/TV Trailer,3,2,262202,22144
8utcF9Azbxo,GB,Other,1,12,4244902,304788
8utcF9Azbxo,IE,Other,6,9,10841835,527073
8utcF9Azbxo,US,Other,2,6,6705793,395627
8vXGGMrrH48,IN,Other,1,28,78514,3166
8vtEChrNtfI,GB,Other,1,29,8535,1368
8vuBERBONKM,US,Other,1,49,2668141,21483
8vvAfQHrVLM,GB,Movie/TV Trailer,1,17,49562,950
8xPnXJEr1Bo,US,Sports,1,29,194809,7923
8z-UIBU9wPs,GB,Reaction,1,15,82184,3697
8zQCfYsPLRA,GB,Other,1,21,160543,26058
8zzHU8TQH3M,US,Other,1,45,85145,16152
9-Bg5tYdBZ4,GB,Other,1,15,283865,13313
9-Bg5tYdBZ4,IE,Other,2,33,458315,18455
906SJeVV9qc,GB,Other,2,13,125632,926
90HAqMk7qv0,GB,Movie/TV Trailer,1,14,516096,23838
90HAqMk7qv0,IE,Movie/TV Trailer,3,31,1984982,50017
90HAqMk7qv0,US,Movie/TV Trailer,1,20,560890,24169
91gIN9-dcRc,IN,Movie/TV Trailer,2,8,409350,15878
92-AY2Cw6n8,GB,Other,1,18,530270,25958
92-AY2Cw6n8,IE,Other,1,39,533113,26051
92aGZueQs7g,US,Gaming,1,36,105526,11843
92uQyAUWAJg,GB,Other,1,24,160647,9218
93BN34HKJ_w,IN,Gaming,1,45,157084,4162
93MP8HlRb0k,GB,Other,1,29,207057,3179
93Vealej5k4,GB,Other,3,1,478451,17896
93Vealej5k4,IE,Other,16,13,1216594,26770
93t1i6kn7Bo,GB,Reaction,1,38,28494,1154
941jXJfmAnk,US,Other,2,46,425548,308
94Cr7eKDZbA,GB,Music,2,18,240809,17454
94Cr7eKDZbA,US,Music,2,18,243256,17525
96EXH39HilA,IN,Other,2,15,499661,40627
96ax1yGKJ2k,IN,Gaming,2,27,423400,6956
970LdJa8Zgc,GB,Reaction,1,50,27837,1540
9884u9eQrhI,GB,Other,1,48,127940,1189
98Iqejw8hvo,GB,Movie/TV Trailer,1,31,32165,817
98uhjzQeX2M,GB,Gaming,1,41,317982,19618
99INvjO2KUU,US,Other,1,39,133834,16829
9ARSmN2Fj7s,GB,Other,1,42,743512,0
9ARSmN2Fj7s,US,Other,1,42,768157,0
9AU9dnOvdYE,GB,Movie/TV Trailer,1,11,53909,594
9BRt5u4sLHg,GB,Gaming,1,33,138378,1120
9DczhPGw2r0,IN,Other,4,4,1075476,27959
9FfRUx0ST_Q,US,Music,1,45,20064,1693
9H24Onv7PWY,US,Other,1,27,0,0
9HIlTcVjWfk,GB,Music,2,13,353053,1039
9J4VZsYwrOs,GB,Other,2,4,1381916,35161
9KYyngnqom8,IN,Other,3,7,1648040,178108
9KroXG4P_gA,US,Other,1,50,0,0
9Kz8kpPrMcg,GB,Sports,1,38,190258,2596
9LIHFwBpzlc,IN,Gaming,1,3,1331722,4080
9LZvSek7iVY,US,Other,1,25,256540,16693
9Lh9Ob0kX04,GB,Movie/TV Trailer,3,23,110468,6217
9Lh9Ob0kX04,US,Movie/TV Trailer,3,34,110495,6217
9MsDgUxf7Fk,GB,Reaction,1,35,36058,4847
9MsDgUxf7Fk,US,Reaction,1,35,37197,4984
9N9TBOU9W5U,GB,Challenge/Stunt,1,39,257215,4466
9NApbwwm4aU,GB,Movie/TV Trailer,3,17,1787710,46516
9NApbwwm4aU,US,Movie/TV Trailer,3,17,1797659,46619
9NE21asc68w,US,Other,1,43,0,0
9NH5JpqrIzY,GB,Other,2,12,29353,3248
9OHD2sT7BnA,GB,Other,1,8,87132,2029
9Pbxlijg9Kk,GB,Movie/TV Trailer,1,14,120633,2344
9Pbxlijg9Kk,IE,Movie/TV Trailer,1,50,121123,2350
9Pbxlijg9Kk,US,Movie/TV Trailer,1,20,122905,2379
9Pud3BqPpq0,GB,Other,1,34,62880,7080
9QDfABKdqe0,IN,Movie/TV Trailer,3,13,8566858,27700
9QFQ7PYWGsA,US,Other,1,45,0,0
9QvZmMKqnsw,GB,Other,3,2,81424,2266
9QyiEgv33z4,GB,Movie/TV Trailer,2,2,1032321,70709
9QyiEgv33z4,US,Movie/TV Trailer,3,2,1040803,71045
9RDuZAqXRCM,GB,Gaming,1,39,293157,3506
9RJALqZac18,US,Other,1,12,41339,3964
9RmNQ5c2M9c,IN,Gaming,1,35,367407,18813
9S7qVdF9JuQ,IN,Reaction,2,31,234030,10841
9SolYqu6NCU,GB,Other,1,32,306605,9006
9SolYqu6NCU,IE,Other,1,45,862019,18387
9SolYqu6NCU,US,Other,1,34,332796,9449
9StmB4cjGuM,GB,Sports,1,48,597974,6748
9T90EUHVJSc,IN,Gaming,1,29,655554,1998
9TmAiJWZZD4,GB,Movie/TV Trailer,1,41,946820,13240
9TmAiJWZZD4,IN,Movie/TV Trailer,2,38,1631870,20679
9U6ZGGDT4XE,GB,Music,2,26,355480,1215
9UWw8SNIN2Y,GB,Other,1,37,4035,434
9V91nKRukpY,IN,Other,1,41,80108,426
9VBB05oXOVI,GB,Music,1,13,155910,684
9VBB05oXOVI,US,Music,1,38,159806,700
9Vp3lHxNydA,US,Other,1,40,209018,215
9WW8wKyoQQM,IN,Other,1,37,490233,18566
9W_i8T15MDE,US,Movie/TV Trailer,1,50,60866,3089
9WcCDWuZfnA,IN,Gaming,1,41,338350,20036
9XrYxqBa2bU,GB,Movie/TV Trailer,1,5,378998,7909
9XrYxqBa2bU,IE,Movie/TV Trailer,3,32,552518,10280
9XrYxqBa2bU,US,Movie/TV Trailer,1,5,388872,8040
9Z7neVW12d8,IN,Gaming,1,20,220282,1890
9ZkFpNoq8-g,GB,Other,1,30,215727,10866
9_fupd4AsSI,IN,Gaming,2,24,323326,2239
9aYLFJBPJIE,IN,Other,2,16,206227,29574
9anLnWX_apg,IN,Other,2,7,123956,457
9b2yE7c3miE,GB,Movie/TV Trailer,1,29,32258,910
9bZmbLXKVtw,IN,Other,1,47,214227,7472
9belEh7R-LQ,US,Gaming,1,32,260613,13585
9cDB8XtzCbs,GB,Other,1,47,67379,1502
9cJGWOpQp_w,GB,Music,1,18,1232253,89806
9cS2wv6AfHk,GB,Other,1,12,10760424,621100
9cS2wv6AfHk,IE,Other,18,18,54823268,804578
9cS2wv6AfHk,US,Other,1,27,11080757,623822
9d1E_MUDllA,GB,Sports,1,36,239564,3161
9diEMB0Bl-Y,GB,Other,1,13,663734,4756
9dxDjF_dOXc,GB,Movie/TV Trailer,1,20,191894,15629
9dxDjF_dOXc,US,Movie/TV Trailer,2,17,285639,18380
9e-SEE2-8O0,GB,Other,1,41,209596,1922
9ehwH719JKU,US,Other,1,21,1515836,69724
9ey39s6YqZ8,US,Music,1,23,45868,74
9g0J646S6So,GB,Other,1,15,95657,3141
9g0J646S6So,IE,Other,1,48,96902,3156
9gEz1rKkZi4,IN,Other,1,42,501415,2086
9gEz1rKkZi4,US,Other,1,19,501423,2082
9gXY8UhvO94,IN,Other,1,24,105719,233
9gizWqbRt5I,IN,Other,2,18,1005014,32335
9hA72HNSvP0,IN,Gaming,2,30,250992,1245
9hSWoE2oHgI,US,Other,1,1,120263,1265
9hsbvmUct3o,IN,Other,1,44,243622,9382
9iGjes4n1iA,GB,Other,1,12,1163582,25053
9iGjes4n1iA,IN,Other,3,1,2080269,35342
9iZ1CWfdm6Q,GB,Other,1,36,32173,3229
9j3Dy7VoZFA,IN,Other,1,3,2374891,70431
9j7RY6jozZ4,IN,Gaming,1,12,699265,62736
9jLQ7O8Ep74,GB,Music,1,18,228331,19386
9jLQ7O8Ep74,IN,Music,2,33,362711,22509
9k9SYlMy9qs,GB,Movie/TV Trailer,1,34,155122,2752
9k9SYlMy9qs,US,Movie/TV Trailer,1,34,157564,2782
9kM_bUrRdHQ,GB,Movie/TV Trailer,1,17,120542,5261
9kM_bUrRdHQ,US,Movie/TV Trailer,1,29,124948,5416
9kQ4bGexwnw,IN,Gaming,1,45,923866,46846
9kh7rr4V9KI,IN,Gaming,1,41,872840,32846
9lbfqrKKOyA,GB,Movie/TV Trailer,1,20,128193,9761
9lbfqrKKOyA,US,Movie/TV Trailer,1,34,129848,9882
9lheFxfy0KA,US,Other,1,45,114906,1552
9m-1DU3tCWk,US,Other,1,48,0,0
9m8Ke1Wj1Fc,IN,Gaming,1,49,130532,1665
9mAuMMn2Hd8,US,Other,1,47,179216,3850
9mfuORHqeqs,GB,Movie/TV Trailer,1,23,83296,1696
9mi3YVYm3ZU,GB,Movie/TV Trailer,1,17,296611,9865
9mi3YVYm3ZU,IE,Movie/TV Trailer,1,47,297024,9901
9mi3YVYm3ZU,US,Movie/TV Trailer,1,19,305455,10048
9mv68O9Jzfc,US,Other,1,34,139050,7007
9oB-romSko0,GB,Music,2,4,1410943,4644
9oB-romSko0,US,Music,2,13,1441742,4693
9oJPs2nengg,GB,Movie/TV Trailer,1,37,52498,2676
9oQPt6SNYm8,GB,Other,2,39,363596,1324
9p7j3UvpEQQ,GB,Movie/TV Trailer,1,35,544327,748
9pThaJhFYZg,IN,News,4,16,740655,29022
9qXHswtmnVQ,US,Other,1,18,301894,7971
9r6X3DaQpUc,GB,Other,1,43,42304,508
9r6X3DaQpUc,US,Other,1,36,55941,565
9rPBmHoxQX4,GB,Movie/TV Trailer,1,11,605684,91445
9rPBmHoxQX4,IN,Movie/TV Trailer,1,31,607042,91562
9rQBWLo6xXc,GB,Movie/TV Trailer,1,29,65786,1841
9rQBWLo6xXc,US,Movie/TV Trailer,1,43,67943,1904
9rg3zUkfym4,GB,Movie/TV Trailer,1,26,34404,2018
9rg3zUkfym4,US,Movie/TV Trailer,1,26,39473,2185
9s0_YQtbEEY,GB,Other,3,4,260645,10763
9t7Qe3RBAQw,GB,Other,1,15,178841,13675
9tin2AlgQpw,IN,Sports,1,41,1284214,2577
9uKnzS48Oi0,US,Other,2,7,257257,1115
9v6YC3W25b0,IN,Other,1,26,294412,44305
9vO97aYfC64,GB,Other,1,48,388135,12579
9vO97aYfC64,IE,Other,2,24,614002,17294
9vO97aYfC64,US,Other,1,39,407972,12840
9wCU_NHSBZ8,IN,Other,4,13,1496982,3999
9xoJXZF3wi4,GB,Other,1,27,251722,4234
9yBvX6extDA,IN,Gaming,2,12,406664,5329
9yUSft-sbG8,GB,Reaction,1,41,90859,6735
9yUSft-sbG8,US,Reaction,1,38,95982,6901
9z-iKTgcImg,GB,Movie/TV Trailer,1,26,39275,710
9zKJKtjT4kw,IN,Other,1,39,601772,10697
A-8pAlDgINI,GB,Movie/TV Trailer,1,17,50075,810
A-J-6e40iD4,GB,Movie/TV Trailer,1,32,128272,2562
A-J-6e40iD4,IE,Movie/TV Trailer,5,44,169206,3118
A-J-6e40iD4,US,Movie/TV Trailer,1,50,130357,2584
A-aA8lY5jCo,GB,Other,1,27,205306,18566
A-aA8lY5jCo,US,Other,1,12,217524,19263
A-lFMThOD24,GB,Other,1,44,124465,4987
A02IAIbFSrE,GB,Music,2,22,425872,37827
A02IAIbFSrE,US,Music,2,1,431730,38092
A043yKMJ4H0,US,Gaming,1,48,157324,3251
A07o5dVlrag,GB,Gaming,1,18,116591,3111
A0KOP71jHXo,IN,Other,1,30,347946,49713
A0rQ2uicqmU,IN,Gaming,1,33,328349,1888
A2xkp8KPEvw,US,Other,2,36,136106,3617
A34ehbKlHeM,GB,Music,1,42,2948,262
A3XwLtCl8vo,US,Other,1,24,220696,475
A3_VvzJiiKI,IN,Other,1,38,318724,0
A4696ecvOYU,IN,Movie/TV Trailer,3,14,519354,22942
A5d_b4beCGU,US,Other,1,46,0,0
A5iDdQDO4Sk,US,Other,1,18,0,0
A5nqCIsMDFU,US,Other,1,41,242693,9262
A660Xhv0Qjc,IN,Gaming,2,25,243376,648
A6g3ozZQQQ0,GB,Gaming,1,18,2712325,88322
A6g3ozZQQQ0,US,Gaming,1,15,2758954,89028
A7ZHaoMXpJ8,US,Gaming,1,35,319067,12302
A7eFRxugASE,US,Sports,1,42,0,0
A7lyvgnDuDE,GB,Movie/TV Trailer,3,11,9546320,89403
A7lyvgnDuDE,IE,Movie/TV Trailer,2,8,9550573,89470
A7lyvgnDuDE,IN,Movie/TV Trailer,1,35,8313025,68401
A7lyvgnDuDE,US,Movie/TV Trailer,3,8,9582962,89896
A8-STEqDGkA,IN,Other,2,28,273337,1051
A8P0iyibFd4,IN,Movie/TV Trailer,3,31,2200782,27997
A8P0iyibFd4,US,Movie/TV Trailer,1,40,748210,18338
A8ZfNutzOTM,US,Other,1,14,146063,11335
A8d2QrXr9AA,GB,Movie/TV Trailer,1,26,21742,423
A9DRHzVafyo,GB,Music,1,13,320960,503
AA3R12bkshQ,US,Music,1,36,163649,422
AAISlSsRMs0,IN,Movie/TV Trailer,1,26,143290,2231
AATSVjgB4pA,IN,Music,3,4,1421963,69169
AAfceHqSP3M,IN,Gaming,1,23,797131,38123
AAgH6vsmCbE,IN,Other,1,12,451324,4400
ABFP_iLBk0A,GB,Other,1,41,210517,8509
ABFP_iLBk0A,US,Other,1,11,235411,8943
ABLzMamwLUI,US,Other,1,42,0,0
AC-YlRIOAWo,US,Other,1,7,1120181,137196
AC8Fza6chpY,GB,Other,1,22,253871,1222
AC8mEBABYk0,IN,Gaming,1,6,2021582,7197
ACLwEQjpLY0,US,Gaming,1,46,219609,2480
ACaWuqeLpSk,GB,Movie/TV Trailer,1,23,113567,4167
ACaWuqeLpSk,US,Movie/TV Trailer,1,26,117288,4268
ACfi5IMo9_Y,GB,Gaming,1,24,374240,5281
ACsfwzuhGyY,GB,Music,2,10,260353,655
ADTgezFR-Bs,US,Other,1,38,563475,7855
AEur1h1kkK0,US,Other,1,40,156612,10205
AFJrFYvytA8,IN,Other,2,9,1100568,14763
AFdxKvplq9M,GB,Movie/TV Trailer,2,2,535047,24186
AFdxKvplq9M,US,Movie/TV Trailer,2,2,537715,24228
AFexWqHJmN8,US,Other,1,43,101209,8430
AGOW1s9rZFc,GB,Movie/TV Trailer,1,11,171359,7364
AGOW1s9rZFc,US,Movie/TV Trailer,1,8,183057,7730
AGaX82z0Zq4,GB,Other,1,36,320088,31941
AGaX82z0Zq4,US,Other,1,35,333966,32914
AGf4sQc3OCk,GB,Music,1,37,3049,331
AGlNeGBlO-0,US,Other,1,41,193183,11889
AGygrrtN-cM,IE,Other,3,33,574729,31425
AGygrrtN-cM,US,Other,1,39,160850,13772
AH5jwKkCS7M,GB,Sports,1,30,2457896,162691
AH5jwKkCS7M,IE,Sports,9,8,4428442,218854
AH5jwKkCS7M,US,Sports,2,3,2485673,163486
AHuKFYTSrZU,US,Music,1,24,884716,56998
AI-EF5SMlAk,GB,Reaction,1,37,35646,2393
AI2BwwLX_7s,GB,Music,1,19,63713,9612
AI2BwwLX_7s,US,Music,1,34,65377,9766
AIaH1u8egtk,IN,Other,1,36,564310,10017
AJMmVLZU5KM,IE,Challenge/Stunt,2,30,632228,6203
AJodpEDZF6g,GB,Other,1,31,1177211,50155
AJodpEDZF6g,US,Other,1,20,1201707,50766
ALKBk5uil58,GB,Other,2,10,215370,18454
ALKBk5uil58,US,Other,1,24,106919,12062
ALZgMWcaUxM,IN,Movie/TV Trailer,2,26,544948,19756
ALad_b3tVG8,GB,Gaming,1,36,151560,5834
ALds1naoatA,US,Other,1,31,0,0
ANMLjQHYdmo,GB,Music,1,18,1232368,57422
ANMLjQHYdmo,IN,Music,3,1,2772650,82852
AOQgkmE9BYM,GB,Gaming,1,21,250110,4060
AOSSmVzX5Zw,US,Music,1,42,17915,1733
AO_RpAwF5Pk,GB,Other,1,35,447008,11177
AO_RpAwF5Pk,US,Other,1,38,461247,11421
AQ6hhiLfj6A,IN,Other,1,35,307050,23075
AQJsMMu6viM,GB,Music,1,25,4536,498
AQSJiT78K3c,GB,Other,1,31,116716,4049
ARAkXIZucQk,US,Other,1,13,248918,597
ARlDO0664m0,IN,Gaming,1,26,489243,49326
AScTu3tmxdw,US,Other,1,20,630559,24423
ASlqBc-wd2A,US,Other,1,41,295696,8285
ASvhWZuJw4c,GB,Other,1,30,249555,11821
ASvhWZuJw4c,US,Other,1,47,263658,12225
AT3PTBzaP0M,IN,Other,1,31,123030,9737
ATCmgW_ijts,GB,Other,1,18,402877,0
ATCmgW_ijts,US,Other,1,43,406481,0
AUbqzuTARpo,GB,Music,2,10,397021,39624
AUcaF3d9CQA,GB,Reaction,1,38,83207,2709
AUcaF3d9CQA,US,Reaction,1,37,91477,2784
AUqd7S4d4ns,US,Other,1,28,0,0
AVUyKzwX-kk,GB,Music,1,46,151829,166
AWhQ3wAgosc,US,Other,1,19,244999,636
AWmzNhu31_0,US,Gaming,1,9,201929,19816
AXy86CAY12A,GB,Movie/TV Trailer,1,8,83742,3053
AXy86CAY12A,US,Movie/TV Trailer,1,5,90842,3160
AXzyVX-A7rM,IN,Gaming,1,32,468343,8995
AYJkq-UlkYM,GB,Gaming,1,12,2120361,39145
AYJkq-UlkYM,IE,Gaming,2,6,3506133,59732
AYJkq-UlkYM,US,Gaming,1,15,2173289,40016
AYM1oeOOtmc,US,Other,1,48,225120,4565
AYk5lvnECYw,US,Other,1,37,883434,11239
AYmNWyF9lOY,IE,Other,3,21,1934048,32772
AYmNWyF9lOY,US,Other,1,36,1924162,32700
AZMQtOXpZ8A,GB,Movie/TV Trailer,1,50,109784,6675
AZtfHRBpi3Q,GB,Other,1,27,424714,32426
AZtfHRBpi3Q,US,Other,1,16,440793,33043
AZuZzXvBesk,IN,Other,3,4,2247073,115811
A__GXZsG3hk,GB,Music,1,10,218655,24819
A__GXZsG3hk,US,Music,2,1,490910,38896
Ab0OpewtwXw,US,Other,1,7,196468,471
Abty86vTsV0,GB,Other,1,16,239750,12562
AcqCjKv8GqE,IN,Other,1,3,2479747,95333
Ad15wdf0P3M,GB,Other,1,26,69837,2106
Ad15wdf0P3M,US,Other,1,20,76989,2187
AdAB6oyq_II,GB,Music,1,42,433785,12481
AefjWPaq3C4,GB,Other,1,19,255821,5057
AemqQ1BexFQ,GB,Other,1,28,19569,2363
Af54VzGy8Ms,IN,Movie/TV Trailer,2,17,539260,19690
Af6lt40U1w0,IN,Other,1,36,246131,1729
AfB1CbsH7Ek,IN,Music,2,22,234571,988
AfTv1NTHDPY,GB,Other,1,43,135466,2168
AfZGVgDrLHA,GB,Other,1,12,78578,2206
AfZGVgDrLHA,IE,Other,1,39,78608,2217
AhGpFomxM5o,IN,Other,1,49,28641,631
AhincTvRnAk,IN,Movie/TV Trailer,3,20,96083,2486
AiwDoODpxdM,IN,Movie/TV Trailer,1,34,46367,2439
AjFk1cY265I,IE,Movie/TV Trailer,5,23,26713590,1596992
AjfAZ6Kbga8,IE,Gaming,1,30,699449,37831
AjfAZ6Kbga8,US,Gaming,1,30,175823,17827
AkXdmOfc0mc,GB,Music,2,1,495786,1358
AkXdmOfc0mc,US,Music,1,4,224889,747
Al27vU3gdXA,IN,Movie/TV Trailer,3,8,338095,2217
AlOwMEAtD0Q,GB,Gaming,1,9,4104459,61029
AlOwMEAtD0Q,US,Gaming,1,33,4110243,61106
AlgqX-ZkmN0,US,Other,1,6,0,0
AnRxSOE05ss,GB,Gaming,1,27,341470,2809
AnRxSOE05ss,US,Gaming,1,32,341529,2809
Ao5JuIJ00OU,US,Gaming,1,26,169763,11854
ApkVDhj0KjA,US,Gaming,1,26,279559,5116
Aq9EJW9XqjQ,US,Other,1,6,229362,9135
AqZ1GdK6nGo,GB,Music,1,27,6341,1633
AqZ1GdK6nGo,US,Music,1,34,7228,1762
Ar9dawYWo2A,IN,Gaming,1,29,284073,8871
AsH-DkSipCc,GB,Other,1,14,80937,5781
AsMsvgFRfM4,GB,Other,1,41,153499,7875
AsOKLUvCcI0,IN,Movie/TV Trailer,1,11,337229,13256
Asdrv3Hd8iM,IN,Gaming,1,18,2212647,5467
Asq1yf0MMpw,US,Sports,1,44,174655,5764
At7VbUKs9bI,US,Other,1,18,0,0
Auh4dNrY5Cg,GB,Gaming,1,48,121923,10826
AvNkpUphqtQ,US,Other,1,3,0,0
Aw0U0LKubeo,US,Other,1,39,0,0
Ax5iFACT0SI,US,Music,2,4,80250,5581
AxUhkZcTL50,IN,Other,1,45,142735,15601
AxxTTg00dbo,GB,Movie/TV Trailer,1,38,39964,1888
AxxTTg00dbo,US,Movie/TV Trailer,1,29,40982,1923
Ay4JP-RhsRc,GB,Gaming,1,33,298334,14062
Ay4JP-RhsRc,US,Gaming,1,38,308939,14448
AyIZ9tiiN8I,GB,Movie/TV Trailer,3,2,4175070,54479
AyIZ9tiiN8I,IE,Movie/TV Trailer,17,5,10357379,102060
AyIZ9tiiN8I,IN,Movie/TV Trailer,4,23,4526148,58453
AyIZ9tiiN8I,US,Movie/TV Trailer,3,2,4190801,54739
Az1tS3ktBXU,IN,Other,2,16,498497,826
AzChIpgGyew,GB,Other,1,21,130577,2903
AzChIpgGyew,IE,Other,1,48,131136,2909
AzIbPdzV3qw,IN,Other,2,45,136283,410
B-9CjTFNwFQ,IN,Movie/TV Trailer,1,44,81201,1937
B-MRBSarGYY,GB,Music,1,19,117712,1998
B0-RIKq9xwk,IN,Music,1,41,43138,304
B0yOlIHbRjs,US,Other,1,37,0,0
B103n5_47iw,GB,Other,1,45,5384,339
B1Cf-zI1dA8,IN,Movie/TV Trailer,1,43,137066,5451
B1IWfGcgv9Y,US,Movie/TV Trailer,1,41,156285,9916
B1KCMx8xgjo,GB,Other,1,29,236173,14001
B1lP7H3hmZg,US,Other,1,40,130061,15870
B2orcflsqrQ,US,Other,1,17,589622,27567
B3AYm9Z_7Kk,US,Gaming,1,23,192116,19117
B402rKl4bUg,GB,Music,4,1,6309121,519757
B402rKl4bUg,IE,Music,21,1,14074992,667848
B402rKl4bUg,US,Music,3,1,5368694,488805
B452TVVco2Q,GB,Music,1,10,80197,5468
B49XgdaOI0A,GB,Other,1,18,210790,3874
B5_JU2VKWBY,IN,Sports,2,3,1137114,14425
B63BXwhzzjI,GB,Other,2,19,32822,1464
B6GSMNFiMXo,GB,Other,1,18,296899,6477
B6GSMNFiMXo,US,Other,1,39,314424,6671
B6HfVZmAQ0w,US,Other,1,39,298056,4285
B7gL9VIMSnw,GB,Movie/TV Trailer,1,23,84329,4111
B7gL9VIMSnw,US,Movie/TV Trailer,1,22,86667,4162
B7uAQ7hkPK0,IE,Gaming,3,23,2133248,8288
B8UDrYSaGZA,GB,Music,1,39,153653,7820
B8jGP2eBQgc,GB,Reaction,1,14,85139,2578
B93PTnKxB_s,GB,Music,1,42,688467,2677
B9Sbi14Q_QE,GB,Music,1,46,368454,61109
B9d-wISnm8s,GB,Movie/TV Trailer,2,2,11209281,60039
B9d-wISnm8s,IE,Movie/TV Trailer,8,17,13654744,83233
B9d-wISnm8s,IN,Movie/TV Trailer,6,2,13372410,80898
B9d-wISnm8s,US,Movie/TV Trailer,1,2,1304085,43229
B9qlPDbWiPg,IN,Gaming,1,47,69761,2007
BAHN7QV7vwM,IN,Gaming,1,44,570936,34473
BAMi1kLnA8o,IN,Other,2,15,568773,30941
BAP8Li2tcNs,GB,Gaming,1,21,412663,3452
BAYixBHQM70,IN,Other,2,7,1580668,10942
BBCBO_wWlZU,IN,Other,3,9,1611285,35270
BBCRE2Hjq70,GB,Sports,2,4,22214,440
BBtRsyEZUs0,US,Other,2,24,707106,10727
BC0ImYp6eZU,GB,Reaction,1,49,186950,9198
BCiRLHaeHkI,GB,Gaming,1,3,1442269,91932
BCiRLHaeHkI,IE,Gaming,3,12,2146170,109731
BCiRLHaeHkI,US,Gaming,1,9,1463524,92610
BCpKRGnI1dE,GB,Other,1,17,370707,11866
BCpKRGnI1dE,IE,Other,4,17,890287,20128
BCpKRGnI1dE,US,Other,1,11,389808,12172
BD9-lHuu2zw,GB,Movie/TV Trailer,1,14,87416,3041
BD9-lHuu2zw,US,Movie/TV Trailer,1,8,92297,3151
BD9TODf1Y2c,GB,Movie/TV Trailer,1,32,35027,651
BDJBVFwwlfc,IN,Other,1,41,350123,5728
BEhP9AyVJKw,US,Other,1,14,0,0
BF4BH2e676w,US,Other,1,18,0,0
BFGAGAwuiG0,GB,Other,1,48,124175,4559
BFaZa0JmoQY,US,Sports,1,6,0,0
BFzIluaAzFc,GB,Other,1,15,180754,3184
BFzIluaAzFc,IE,Other,1,45,180892,3186
BGEndvsul5w,IN,Music,1,49,71697,325
BGYAf9-ZQxU,GB,Movie/TV Trailer,1,47,15821,670
BGhKxMl8xOs,US,Other,1,48,0,0
BGuUezV4fq8,US,Other,1,49,67648,7647
BHILqCnQdGk,GB,Other,1,37,460124,7853
BHILqCnQdGk,IE,Other,3,21,493232,8295
BHMok7Y_RWI,IN,Sports,1,27,492693,2207
BHNmqocSVDA,GB,Challenge/Stunt,1,48,398861,21363
BHNmqocSVDA,US,Challenge/Stunt,1,44,405979,21600
BI5enLxihAQ,US,Other,1,46,0,0
BIVgPq4-mOM,IE,Movie/TV Trailer,1,50,995778,18378
BIXP-1Agy94,US,Other,1,30,214433,340
BIl3_c2NzKY,IN,Sports,1,47,362162,506
BJ71N8EOq0Y,IN,Other,1,38,606773,15192
BJ_ik_lqpz0,US,Other,1,34,166934,8641
BJbmTT_SQ_M,IN,Other,1,16,204913,816
BJxlVCG-HuQ,IN,Movie/TV Trailer,5,2,1144575,5552
BKRqRS9TviQ,IN,Other,1,40,103498,248
BKjxHAISjwM,GB,Movie/TV Trailer,2,11,190025,2929
BKkEcSa5iHk,GB,Other,3,1,226116,6803
BLBvbMtjyAQ,GB,Movie/TV Trailer,1,11,905708,13849
BLBvbMtjyAQ,IE,Movie/TV Trailer,9,14,4074502,33173
BLBvbMtjyAQ,US,Movie/TV Trailer,1,11,971992,14080
BLfMev5n8OQ,GB,Sports,1,24,188508,15576
BLfMev5n8OQ,IE,Sports,1,33,188934,15607
BLlUba3e-h4,US,Sports,1,43,0,0
BLs1yXHZB_A,GB,Music,2,39,201326,18450
BLs1yXHZB_A,US,Music,1,36,58160,6113
BMK0Qe5-uEI,GB,Movie/TV Trailer,1,50,111684,8829
BMK0Qe5-uEI,US,Movie/TV Trailer,1,28,114950,8965
BNnnrhYBO5k,IN,Gaming,1,44,902591,11495
BNvVzUS7y-A,GB,Movie/TV Trailer,2,11,514332,10036
BNvVzUS7y-A,US,Movie/TV Trailer,1,2,300103,6758
BOQtAkwc_L4,IN,Gaming,1,47,379621,9189
BPR6AZ2z45Y,IN,Other,1,21,437981,3937
BPgCO1KJoDA,US,Other,1,31,0,0
BQ6WtkEbXiM,GB,Other,1,6,69910,4970
BRcLOmVKpv0,IN,Gaming,1,21,234762,4789
BRny9yOJzNY,US,Other,1,19,99514,11250
BRvHJrUeVMg,US,Movie/TV Trailer,1,34,22832,500
BTW6jDvGsmE,GB,Other,1,45,150178,9712
BTW6jDvGsmE,US,Other,1,29,160377,10042
BToSsoetrR8,GB,Other,1,47,48131,1065
BUB9dP3wjtI,GB,Other,1,49,915894,12767
BUOx-eRpJCA,US,Other,1,49,185147,3648
BWWBv8utcLs,GB,Movie/TV Trailer,1,29,46474,4407
BWWBv8utcLs,US,Movie/TV Trailer,1,11,50157,4563
BWxn4AXi5bM,GB,Other,1,43,216421,17833
BWxn4AXi5bM,US,Other,1,49,228443,18333
BXje9zP7DbE,US,Music,2,21,615896,815
BY53Tkj_H2Q,GB,Challenge/Stunt,1,48,76476,1749
BY53Tkj_H2Q,IE,Challenge/Stunt,1,33,76974,1754
BZNQ7xkz6OM,IN,Gaming,1,48,344930,3851
BZUQS4NM4z8,IN,Gaming,1,47,127302,1101
B_9tB1mffus,IN,Movie/TV Trailer,3,8,354058,20879
BaJc81LzQQM,GB,Other,1,14,87189,3008
BaO6Dnxquv8,IN,Gaming,1,6,14163070,44504
BavxGCZw2gk,GB,Music,1,28,3524,212
BbGTHaOwxS0,GB,Sports,2,3,962867,39286
BbGTHaOwxS0,US,Sports,1,43,569328,26468
BdznkxyHz3U,US,Music,1,30,130567,752
Be4Y2gJONSQ,GB,Movie/TV Trailer,1,44,26998,1313
BeHQTKsEyQM,US,Other,1,8,353957,20997
BfQ4NoFTsEs,GB,Other,1,43,37604,2684
Bfb6pXyOHWs,IN,Movie/TV Trailer,1,35,156108,7765
Bg2aRYRSB1g,GB,Other,1,50,145711,1716
Bg2aRYRSB1g,IN,Other,1,38,147497,1726
Bg2anM77XUc,IN,Gaming,1,24,516793,14303
BgfH_tl2HRY,GB,Gaming,1,18,2204807,23639
BgfH_tl2HRY,IE,Gaming,1,30,2205545,23642
Bgy00eaFyhE,IN,Movie/TV Trailer,1,29,2911436,75916
Bhguje7f8WU,IN,Other,1,10,467301,3295
BiIZz6TQtUo,IN,Other,2,27,1118955,39468
BiPlxyUK2OQ,IN,Gaming,2,18,788706,12444
BiqM0XG57G4,US,Other,1,29,468504,19403
Bj90r_m-__4,US,Other,1,42,345907,383
BjwZQBT0qKs,GB,Music,2,4,741212,25721
BjwZQBT0qKs,IE,Music,32,10,21893255,125780
Bk5PlHlBdiQ,IN,Music,1,41,190051,14236
BkGOs3_q79I,GB,Other,3,2,2351775,145122
BkGOs3_q79I,IE,Other,17,2,3504503,183282
BkGOs3_q79I,US,Other,3,2,2363440,145561
BkNw7XB9vvM,IN,Gaming,2,7,372493,1311
Bkx81U_hb_g,GB,Other,1,25,6210,1004
BlhNVIKjUHk,IN,Gaming,1,29,468772,6944
Bm69RbP6T5I,GB,Reaction,1,29,65126,4356
Bm69RbP6T5I,US,Reaction,1,29,66987,4425
Bm9lLpmPM0A,GB,Other,1,28,950358,56592
Bm9lLpmPM0A,IN,Other,3,1,5047716,79547
BmxB_exQdcI,US,Sports,1,45,0,0
Bn-Nu7oubsU,IN,Other,3,4,914241,4582
BnR5gG7njBc,GB,Gaming,1,30,1239930,9976
BnR5gG7njBc,IE,Gaming,2,39,1711558,12644
BnWG_R-y6p8,GB,Other,1,21,610367,41701
BnWG_R-y6p8,US,Other,1,21,632960,42517
BoZM70zT5NU,GB,Gaming,1,12,340882,10233
BoZM70zT5NU,IE,Gaming,2,27,523293,13826
Boumkrojgk0,IN,Sports,1,38,241446,443
Bpew1hKvBrQ,GB,Other,1,33,444565,6745
BqBxaFn_xt0,GB,Other,1,22,353542,5127
BqNBryEDVzU,GB,Other,1,9,82781,2848
BqNy7-1bGEo,US,Other,1,29,0,0
BrelSRbjR_s,US,Sports,1,29,0,0
Brzco_JeXxM,US,Other,1,15,0,0
BsLYJxJLuak,IN,Other,2,15,862182,50514
BsMJaanzzg0,GB,Music,2,28,312484,26433
BtrmD5Ky8Tg,US,Music,2,4,194843,12060
Btu5JypdXNc,GB,Other,1,39,166586,6922
Btu5JypdXNc,IE,Other,2,42,566977,17240
Btzlr7XLYDM,IN,Gaming,1,27,178077,2266
Bu68TEbD2do,US,Other,1,45,167951,529
BuDElORzmH8,GB,Other,1,28,480628,15808
BuST-1OJcEI,IN,Other,1,6,2018261,57287
BuvyY8YlC9A,GB,Movie/TV Trailer,1,20,62602,957
Bx5dcUMtCIc,US,Other,1,29,151657,7192
BxygBne3mqM,IN,Gaming,1,15,1191402,2590
By2QZZiyYdA,GB,Other,1,32,350796,4494
ByXa-pbvtJY,IN,Movie/TV Trailer,3,13,73892,2111
ByZogSKRNHA,IN,Reaction,1,20,32243,1971
ByvYuAULpjU,IN,Other,1,44,200420,11845
C-47Vg6Eq5o,US,Other,3,36,162418,5850
C-JwRlDedig,GB,Other,1,14,262052,9557
C-JwRlDedig,IE,Other,1,23,263750,9603
C-JwRlDedig,US,Other,1,8,276893,9825
C-SOpaL9wsg,US,Other,2,24,235839,2272
C0AvY-yOMC0,IN,Gaming,2,17,726919,16435
C0lpfoajuDI,GB,Music,2,4,558496,1780
C0p2XdncwqU,IN,Movie/TV Trailer,5,1,245225,2875
C1f8KeZMhaY,GB,Gaming,1,21,319546,19148
C1f8KeZMhaY,IE,Gaming,1,18,321209,19212
C1m9xRnFYBA,GB,Gaming,1,32,341658,14063
C1m9xRnFYBA,IE,Gaming,4,27,725810,23874
C2RLEx4qSkY,IN,Gaming,3,6,521945,12386
C2TXR23jgT4,IN,Movie/TV Trailer,3,20,241664,9283
C2gP-_Y8paY,IN,Other,3,4,1236874,3341
C32E6WQ8HiI,IN,Gaming,1,3,1006473,16024
C3gvQ9MyzeE,GB,Music,1,42,742549,7043
C3gvQ9MyzeE,IN,Music,1,49,755254,7059
C4-LaoIbzg0,IN,Sports,1,39,620244,1394
C4U9pQVxyBg,GB,Movie/TV Trailer,1,46,59641,4319
C4U9pQVxyBg,US,Movie/TV Trailer,1,34,60835,4350
C4V37x9nOFw,GB,Other,1,36,171567,1646
C5rJ0XPUOHo,GB,Music,1,21,53094,184
C6DuQVp6s4c,GB,Other,1,18,97840,3168
C6DuQVp6s4c,US,Other,1,47,107618,3249
C6JyOj-7tH8,GB,Gaming,1,45,516034,30510
C6JyOj-7tH8,US,Gaming,1,44,523385,30769
C6ZXPC0wq68,GB,Other,1,43,93068,6993
C6l3Vus8Zdg,GB,Movie/TV Trailer,1,17,20218,1121
C7E-0t1TfzM,GB,Movie/TV Trailer,1,37,213901,2548
C7E-0t1TfzM,US,Movie/TV Trailer,1,49,217022,2588
C7mC3psBlrY,US,Movie/TV Trailer,1,17,17102,127
C8xEqmdesCA,GB,Challenge/Stunt,1,42,175324,3176
CB3gURSsYa4,IN,Other,1,30,79118,1068
CBNGKAH0Xn4,GB,Other,1,40,231232,2338
CBNGKAH0Xn4,US,Other,2,6,234809,2350
CBhuW8VM-rs,US,Other,1,27,0,0
CC2tvtBKGcw,GB,Movie/TV Trailer,1,11,103943,3788
CC2tvtBKGcw,IE,Movie/TV Trailer,4,35,118405,3878
CC2tvtBKGcw,US,Movie/TV Trailer,1,8,104269,3794
CCNXFso77Ws,GB,Other,1,41,102460,8365
CCnSuk7cu2E,IN,Gaming,1,23,2013078,14903
CDk1N5GM1Y4,GB,Gaming,1,38,85595,3450
CE7JJ_VupXE,IN,Gaming,1,42,648427,1554
CEXCvnzK8sM,US,Other,1,18,233765,9808
CEyHYCZAtOM,GB,Music,1,34,116064,10200
CEyHYCZAtOM,US,Music,1,25,119993,10337
CFAkVcXY1sY,US,Other,1,22,0,0
CFmikQCo_h4,US,Music,2,1,129720,9579
CFuVWKFitRA,US,Music,1,38,53032,5484
CGRkDhmL3l0,US,Other,1,17,240844,13963
CHKHLes3zk0,GB,Movie/TV Trailer,2,5,107385,431
CHoJPCeXrrA,GB,Gaming,1,44,342873,6137
CHtuov76Sgc,IN,Other,1,39,349128,19700
CIxhW2Hsip4,US,Other,1,14,350562,16407
CJJPs0cGXWY,IN,Other,4,1,655314,49077
CJiCYVtPf9o,IN,Other,1,43,166432,3107
CK5hyHH1Ztw,US,Gaming,1,45,91977,6262
CK5kpUa6fgU,US,Other,1,33,120338,6545
CL-q0HgfMOY,GB,Movie/TV Trailer,2,2,1293889,103232
CL-q0HgfMOY,IE,Movie/TV Trailer,2,38,1501360,110429
CL-q0HgfMOY,US,Movie/TV Trailer,2,2,1297453,103346
CL1br_krc_Q,GB,Movie/TV Trailer,1,35,120407,9399
CL1br_krc_Q,US,Movie/TV Trailer,1,47,125029,9561
CLsmUABfxds,IN,Gaming,1,41,477194,24433
CLxm4D1Y4xg,GB,Movie/TV Trailer,1,11,35355,3774
CLxm4D1Y4xg,US,Movie/TV Trailer,1,11,37450,3928
CM3oAbFG48k,GB,Sports,1,3,1554688,99029
CM3oAbFG48k,IE,Sports,2,18,2284979,119726
CM3oAbFG48k,US,Sports,1,32,1609210,100718
CM3oAbFG48k,IE,Sports,2,36,2789552,131857
CMYLiGv4SmY,IN,Gaming,1,43,1005429,4051
CNGG5mf_TIs,IN,Other,2,13,136571,869
CNKtgtvjan0,IE,Other,2,27,942162,21360
COJU2b4XZ8U,GB,Movie/TV Trailer,1,14,106748,2410
COp9ODex20M,US,Gaming,1,35,389167,6765
CPC9ScL26CA,IN,Other,1,49,45132,855
CQCSDq7y_wM,GB,Other,1,13,24628,3813
CRUCxK9xpJw,GB,Other,1,47,760848,34990
CRUCxK9xpJw,IE,Other,4,23,1198912,47153
CRUCxK9xpJw,US,Other,2,3,772370,35344
CRYB6WaVGY4,GB,Other,1,33,252955,16020
CRYB6WaVGY4,US,Other,1,35,264693,16444
CS3k0teyG5Y,US,Other,1,48,184804,6607
CS65nbwIu2U,GB,Movie/TV Trailer,1,29,38345,2746
CS7HF6Dk598,GB,Music,1,25,53507,4313
CSAad4PmfCg,GB,Movie/TV Trailer,1,14,1137309,32914
CSAad4PmfCg,IN,Movie/TV Trailer,4,8,2859783,55618
CTK4oPBofxs,IN,Gaming,1,47,731187,2073
CTUcPQ58vrI,IE,Music,6,16,183310,832
CUyFzhGukiM,US,Movie/TV Trailer,1,17,20997,1702
CVp4FuzHNo8,GB,Other,1,26,156305,12174
CWhIH_Uatzw,IN,Other,1,3,2229289,177025
CY4JKdEVgE8,GB,Other,1,21,288635,10407
CY603P-PeQQ,IN,Movie/TV Trailer,3,16,7895935,17350
CYIjmu81UIc,IN,Other,3,3,782998,2528
CYYHjorzixI,IN,Other,1,43,358576,20641
CZ48lF5_8ZI,GB,Other,1,46,41186,1726
CZfkBIlS2O4,GB,Other,1,36,39119,2508
C_OiWCF4zE0,US,Music,3,13,283606,18405
C_pJ0nku0vU,IN,Other,5,4,1040485,34909
Caxv8tLATnc,GB,Challenge/Stunt,2,9,10891723,306200
Caxv8tLATnc,IE,Challenge/Stunt,2,9,10902182,306446
Caxv8tLATnc,IN,Challenge/Stunt,2,30,10902182,306498
Caxv8tLATnc,US,Challenge/Stunt,2,12,10978438,308019
Caxv8tLATnc,IE,Other,9,9,17559780,424190
Cb6K0ls2eSw,IN,Movie/TV Trailer,1,23,80932,2245
Cbi_ipt5d1Q,US,Music,1,43,54938,4760
CdNDlpY-Kzo,GB,Music,1,38,89419,3406
CdONbsUNeX8,GB,Challenge/Stunt,1,40,223179,4433
CdONbsUNeX8,US,Challenge/Stunt,1,36,239529,4651
Ce8eLUbT0X8,GB,Music,1,22,454127,1952
Ce8eLUbT0X8,US,Music,2,30,462430,1963
Ceiwk8geinI,US,Other,1,12,0,0
CfLjIuFI-x0,IE,Gaming,2,33,1494655,35585
CfRr58tnrds,US,Other,1,19,404384,8742
CguB_8ojPms,US,Other,1,40,181415,10447
ChF5CMpLsZw,GB,Movie/TV Trailer,1,26,21993,2868
ChXEvE0dVvw,GB,Other,1,30,100805,1294
CiMyRQVznQE,IN,Other,3,1,418197,2244
CkKJ-1OkONw,IN,Gaming,1,21,809503,5005
CkwO-uHGlwM,GB,Challenge/Stunt,1,45,192166,7206
CkwO-uHGlwM,US,Challenge/Stunt,1,46,206150,7417
ClEgwDh-x-M,GB,Movie/TV Trailer,1,23,64773,3076
ClEgwDh-x-M,US,Movie/TV Trailer,2,8,131468,5172
ClZmzfvwx18,IN,Other,1,33,2748096,5136
ClxYr4wPbr8,IN,Movie/TV Trailer,1,38,27838,615
CmCFYqZTrb8,GB,Other,1,30,8021,624
CmRVBAW_C30,US,Movie/TV Trailer,1,37,51551,547
Cn7ga2e7mZc,GB,Movie/TV Trailer,2,11,12294021,19438
Cn7ga2e7mZc,IN,Movie/TV Trailer,2,13,12344153,19513
CnrzPGwBoqo,IN,Other,1,40,88288,2291
Co6QoLSt9dw,US,Other,1,39,250341,19217
CoB_bwgpPNQ,US,Gaming,1,12,663211,28203
CopMEyVa3fo,US,Other,1,49,74091,3914
CpB9fOBnA8w,IN,Other,2,33,996190,7322
CpRWg2I4wMs,IN,Other,1,28,120545,208
CphAheyVpPc,GB,Reaction,1,17,152470,9225
CphAheyVpPc,US,Reaction,1,25,156238,9344
CprTAfZAUrw,GB,Gaming,1,15,353376,1965
CprTAfZAUrw,US,Gaming,1,3,353422,1963
CqHs0-SniGA,US,Other,1,36,0,0
Cqqdtwt0J6M,IN,Gaming,1,41,126783,591
CqwaFC3TuI8,IN,Gaming,1,33,574924,21532
CrHkBh4h9Xo,US,Other,3,9,336412,7373
CrSqrqG5o-c,GB,Other,1,19,259991,28253
CrSqrqG5o-c,IN,Other,2,1,401379,30677
CsGENgLpyaw,GB,Other,2,1,6805711,599338
CsGENgLpyaw,US,Other,1,1,3183324,544129
CsnyxmM0UyI,US,Other,2,1,180345,2984
Csu4Xub1jlc,US,Music,1,18,72042,5948
Ct1ETewFYqc,IN,Gaming,5,3,14957305,712829
Ct3vYDgtNW0,IN,Movie/TV Trailer,2,40,128335,2016
CuR16jMhdkQ,IN,Movie/TV Trailer,4,16,745032,46899
CuY0kYc2Yso,US,Sports,1,14,0,0
CugfETvuw-w,GB,Gaming,3,6,1785417,78185
CugfETvuw-w,IE,Gaming,5,24,1886481,81469
CugfETvuw-w,US,Gaming,3,9,1788145,78263
CuqMvxZH9kk,US,Music,1,33,103275,5217
CvOsGFuwyQ8,IN,Gaming,1,6,690045,11430
CvPdrXIVLf8,IN,Music,2,7,485977,2139
CvccIKg4P6M,GB,Music,3,7,1830410,6102
CvccIKg4P6M,US,Music,2,4,1056380,3913
Cvq4u6hdQEY,US,Gaming,1,32,265385,14513
CvyOL5HoIYk,GB,Other,1,20,147667,4471
CvyOL5HoIYk,IN,Other,1,46,148455,4486
CwH7MS1jBzY,GB,Movie/TV Trailer,1,20,151467,3961
CwH7MS1jBzY,US,Movie/TV Trailer,1,17,154747,4041
CwWoYOA_aQc,IN,Music,3,4,1017551,23451
CwuZCzcUuwY,IN,Other,1,19,148030,30612
CwuZCzcUuwY,IN,Other,1,43,372698,47773
Cwx4Ga26jG8,GB,Movie/TV Trailer,1,44,55285,879
Cx47UUhIJ5g,GB,Gaming,1,35,606673,41768
Cx47UUhIJ5g,US,Gaming,2,25,617831,42117
CxN85kBZiI8,GB,Other,1,19,7383890,91778
CxN85kBZiI8,IN,Other,3,1,17694373,115848
CxrG4E2xCOY,GB,Other,1,28,117692,980
CxtLWIqbBXE,GB,Gaming,1,39,33152,1930
Cy7W6D0A5QM,GB,Music,1,25,100451,287
Cy7W6D0A5QM,US,Music,2,19,101917,293
CzAkSEY4jgc,GB,Music,2,36,320844,4811
CzeWAtVh0C8,IN,Other,2,38,233201,521
CzofKTEj404,GB,Movie/TV Trailer,1,29,740213,18732
CzofKTEj404,IN,Movie/TV Trailer,5,2,2557647,36960
D00esm0gGmU,GB,Movie/TV Trailer,1,5,28814,504
D1Q5fe-L1aA,US,Other,1,28,0,0
D1qrLKVYCjc,IN,Movie/TV Trailer,1,26,961239,3277
D28rHMeUSNI,IN,Gaming,2,36,716743,15090
D32u6bRL4wg,GB,Other,1,31,22570,4486
D34hhcqyRMw,GB,Movie/TV Trailer,1,26,422171,8897
D34hhcqyRMw,IN,Movie/TV Trailer,3,5,5264370,11613
D3il9C7Wsmw,GB,Movie/TV Trailer,1,49,22074,2173
D3jsoWfUyMo,GB,Movie/TV Trailer,1,31,241638,8493
D3zkX-Am4o4,GB,Other,1,31,126332,15274
D4A6-WuEx8I,US,Movie/TV Trailer,1,49,27799,1395
D4FEkBNuPYk,US,Other,1,30,206456,19697
D4u6X28cSo8,US,Gaming,1,47,138876,2378
D5IncOJWWE8,US,Other,1,32,0,0
D5uZOAroGDM,GB,Movie/TV Trailer,1,50,51399,1153
D5uZOAroGDM,US,Movie/TV Trailer,1,37,55069,1195
D67VpitDutU,GB,Music,1,10,7174,515
D6pudQhmg6o,GB,Music,1,15,424975,2993
D71DjYBflig,US,Music,1,19,31502,3326
D8LaifIfm-Y,US,Other,1,34,139800,7464
D8Ti3m8Ufa8,GB,Other,1,6,114933,3372
D8y9qF3u2h0,GB,Music,1,46,24007,1717
D92uyvDsMiQ,GB,Sports,1,15,425548,33875
D92uyvDsMiQ,US,Sports,1,20,453264,35167
D9WAOt8n9SA,GB,Other,1,15,182900,11600
DAgdlvowrng,IN,Music,2,16,657108,38433
DBOkwBnDRkM,GB,Movie/TV Trailer,1,4,48335,676
DBOkwBnDRkM,US,Movie/TV Trailer,1,7,53699,694
DBQT6O1qWBY,IN,Movie/TV Trailer,1,35,198033,8273
DC11NRrn9Vc,GB,Movie/TV Trailer,2,25,1206792,31441
DC11NRrn9Vc,IN,Movie/TV Trailer,5,5,1893190,43605
DC11NRrn9Vc,US,Movie/TV Trailer,1,43,600587,18374
DCcmUH1xVco,GB,Gaming,1,15,234887,10866
DCcmUH1xVco,US,Gaming,1,35,259452,11096
DCf_fGMTSkY,GB,Other,1,45,253571,7916
DDOW2ymo3nY,US,Reaction,1,32,0,0
DDZmssRzATU,IN,Other,1,27,586928,11346
DENsrAE3UdI,GB,Other,2,19,288044,8814
DEhh_D-mkc4,IN,Gaming,1,30,285895,3551
DEj-x0dC4ww,IN,Movie/TV Trailer,2,26,71981,1350
DEzBEzP6KDc,US,Other,1,50,0,0
DF9nz0Y4mD8,US,Other,1,6,0,0
DFWpzSFTJco,GB,Movie/TV Trailer,1,20,234193,17085
DFWpzSFTJco,US,Movie/TV Trailer,2,14,319821,19669
DHFPRBbKRQs,GB,Gaming,1,11,525096,8186
DHFPRBbKRQs,IE,Gaming,1,44,525708,8192
DHFPRBbKRQs,US,Gaming,1,17,529971,8247
DHLqXJGJj2E,GB,Movie/TV Trailer,1,26,65357,1615
DHz6kJOdf90,IN,Movie/TV Trailer,3,30,410004,4042
DJzb67xS2sQ,US,Other,1,41,0,0
DKKZ10FsSBM,GB,Movie/TV Trailer,1,17,328818,16625
DKKZ10FsSBM,US,Movie/TV Trailer,2,11,455699,20163
DKiGx-ZwYiY,IN,Gaming,1,42,43856,213
DLRjhptssns,GB,Movie/TV Trailer,3,8,614245,42206
DLRjhptssns,US,Movie/TV Trailer,3,5,619750,42432
DMFMRMAvEac,US,Music,2,9,339496,500
DMhNt4iHKyg,GB,Other,1,12,193823,11368
DMhNt4iHKyg,IE,Other,1,42,437274,18618
DMsVvu2fjaY,GB,Music,1,48,91016,573
DNCV9wDTDRY,IN,Music,3,16,941814,2683
DNOj0mlmdXM,IN,Gaming,1,38,395954,8422
DNefsyYrLYI,GB,Music,1,7,309675,29733
DNefsyYrLYI,IN,Music,2,16,503212,34311
DOBnqwGZ8lE,GB,Other,1,36,135990,1232
DOWyLxHBnVs,IN,Other,1,48,42785,218
DOg401KJZSU,US,Music,1,27,150414,17538
DP-ArftcjLc,US,Movie/TV Trailer,1,19,36167,1108
DQIJ_OtVnQg,IN,Movie/TV Trailer,1,46,85792,707
DRJsnGvTrwk,IN,Gaming,1,15,1432176,3775
DSQ4kopTsJA,US,Other,1,34,0,0
DSbgmIkZ0hU,US,Music,1,21,30725,3062
DSjVgHdsvWM,GB,Other,2,13,223974,2290
DSxSk18a0wo,IE,Gaming,5,12,1084396,2671
DTOBvmUbRmc,US,Other,1,36,50005,1220
DTbr7AS1LUQ,US,Music,1,48,89224,7909
DTpJVTYyn-E,US,Music,2,21,90421,8084
DUAPH8lqmbg,IN,Other,1,22,152263,570
DUNJD1cIj4E,US,Other,2,3,320338,401
DUsJ8_2RmrQ,GB,Movie/TV Trailer,1,17,57805,6182
DUsJ8_2RmrQ,US,Movie/TV Trailer,1,8,61879,6393
DV_viug62Yc,GB,Music,1,22,117076,508
DV_viug62Yc,IE,Music,1,34,1327675,3955
DW1vUkqNvqQ,GB,Music,2,19,510500,33973
DW1vUkqNvqQ,US,Music,1,16,235696,21892
DW96-_P2e4Q,GB,Other,1,30,96817,9432
DW96-_P2e4Q,US,Other,2,46,290860,17342
DWgq8CMAZEk,US,Other,1,27,639673,22736
DX0eFjAKfoM,US,Other,1,3,0,0
DX4nQXrBs3A,US,Other,4,15,196543,3728
DX9LU0lpPr0,GB,Music,1,22,5510,433
DXCrblVs43k,IN,Movie/TV Trailer,1,23,916124,4053
DXjJ3_CJ5ws,IN,Movie/TV Trailer,2,28,109915,6752
DYJ1b3kcrA8,IN,Sports,1,41,574869,1978
DYPl73DVWnY,US,Other,1,38,79423,14178
DYUm6VqEb7g,US,Music,2,39,203810,603
DYjEMKcVcs8,GB,Other,1,43,367311,15113
DYjEMKcVcs8,US,Other,1,27,382810,15418
DZX9nrK8z7M,US,Other,1,21,271838,12058
DZjOXbxJQSI,IN,Other,1,41,278194,23450
DZuW948OD5g,IN,Other,1,44,298249,17939
D_FMSyTWmA8,GB,Movie/TV Trailer,1,8,214222,10990
D_FMSyTWmA8,US,Movie/TV Trailer,1,8,217510,11058
D_KTG0BzRiI,GB,Music,1,4,138309,12671
D_KTG0BzRiI,IE,Music,8,34,725691,20481
D_KTG0BzRiI,US,Music,1,4,141737,12816
D_V3IjAer14,IN,Other,2,3,1826244,49928
D_WllqC_kVA,US,Other,3,1,2224275,191035
D_qo_5LcSAY,IN,Gaming,2,3,2855107,63198
Dad-cI7Z1eA,US,Gaming,1,35,233432,6750
DakphOPhG-k,IN,Other,1,41,139020,719
Db4qkvPwD20,US,Other,1,6,0,0
DcphpBvdt28,GB,Movie/TV Trailer,1,13,173592,12950
DcphpBvdt28,US,Movie/TV Trailer,1,22,176077,13020
DddxiKbotUA,GB,Gaming,1,24,2533121,55417
DddxiKbotUA,US,Gaming,1,29,2586073,56197
DdegGaGZmRQ,IN,Movie/TV Trailer,2,41,91441,4362
Ddo79NjW5JY,GB,Music,1,30,393369,1024
DdrvWaTifRY,US,Other,1,10,341451,443
DeQT_0h87vw,GB,Other,1,9,76268,2000
DfJaUpW_P00,GB,Movie/TV Trailer,2,5,270923,17305
DfJaUpW_P00,IE,Movie/TV Trailer,1,47,177820,13761
DfJaUpW_P00,US,Movie/TV Trailer,1,14,179321,13832
DfowFyDxUXo,GB,Movie/TV Trailer,1,5,644353,27041
DhxQFwc87g0,GB,Other,1,24,116313,2408
DjsMp3wmnNI,GB,Gaming,1,5,454303,6327
DjsMp3wmnNI,US,Gaming,1,26,472282,6440
DjxJAlt7L9c,IN,Gaming,1,14,1016798,3185
Dk0nVbByvdE,IN,Gaming,1,38,1674037,3124
DlumzAKJdnI,IN,Music,2,22,636005,18798
Dlvn-E1GiN0,US,Other,1,32,634585,42506
DmvtXLA9yXw,IN,Gaming,2,6,1246247,88637
Do7PKfEnelM,GB,Gaming,1,12,663320,35393
Do7PKfEnelM,IE,Gaming,3,36,1322037,51438
DopofLS0ikY,IN,Other,2,13,389457,16763
DphlYwaX60g,US,Gaming,1,12,610278,4728
Dps9vur6enA,IN,Other,2,36,164846,11867
DqthHL4Yaqc,GB,Movie/TV Trailer,2,8,398207,5020
DqthHL4Yaqc,US,Movie/TV Trailer,1,13,282181,4146
Ds-Vs4CUAQM,GB,Other,1,27,245407,4097
DsgYfh6ClfM,IN,Music,1,28,222174,25721
DstkbSnWFf4,GB,Movie/TV Trailer,1,17,3334679,62607
DstkbSnWFf4,IN,Movie/TV Trailer,5,8,10452669,80590
DtGbqEgBfdo,US,Other,1,45,89461,7518
DtMr7Ty4lwg,GB,Reaction,1,22,267242,13750
DtMr7Ty4lwg,US,Reaction,1,19,269101,13798
DtgIsJJ6YuY,GB,Movie/TV Trailer,1,5,261559,19281
DtgIsJJ6YuY,IE,Movie/TV Trailer,8,29,488123,25580
DtgIsJJ6YuY,US,Movie/TV Trailer,1,2,271948,19639
Dti63jSalVw,GB,Other,1,48,143270,542
Dtz0zWyav7U,GB,Other,1,28,106766,588
Dv1OOlx-gOA,GB,Other,1,17,505064,33651
Dv1OOlx-gOA,IE,Other,3,29,762406,43278
Dv1OOlx-gOA,US,Other,1,32,512418,33966
Dvh4Cl-_BN8,GB,Other,1,12,258486,4206
Dvh4Cl-_BN8,IE,Other,1,45,260612,4221
Dvh4Cl-_BN8,US,Other,1,50,267704,4275
Dvm78p8QbLw,GB,Other,1,13,36388,2732
Dw_Zss2gJas,US,Other,1,45,409605,8821
Dx5nzf7YwrM,GB,Gaming,1,47,321646,4247
DxOPkAWGFkI,GB,Movie/TV Trailer,2,32,284745,35496
DxOPkAWGFkI,US,Movie/TV Trailer,2,17,286966,35699
DxZ2RuvRrbs,IN,Movie/TV Trailer,5,2,1302560,53039
DyTziQOTNK4,IN,Movie/TV Trailer,2,40,105698,2174
Dz0YupbLzso,US,Other,1,33,133445,15222
DzYg8pW2M9U,US,Movie/TV Trailer,1,22,75231,4821
Dzgww10lbJ4,GB,Other,1,20,315260,10926
Dzgww10lbJ4,US,Other,1,22,357041,11802
E-TJyp3TWPU,GB,Movie/TV Trailer,2,8,1021142,20758
E-TJyp3TWPU,IE,Movie/TV Trailer,7,20,1134620,21438
E-TJyp3TWPU,IN,Movie/TV Trailer,3,15,1107649,21320
E-TJyp3TWPU,US,Movie/TV Trailer,2,11,1029591,20870
E0blGX5lJ1o,IN,Gaming,2,9,816999,16695
E2Anmeflvsc,US,Gaming,1,41,226544,1945
E392KJrUM2s,GB,Reaction,1,32,321578,16534
E392KJrUM2s,US,Reaction,2,17,324508,16609
E46aq8ZjUhA,IN,Movie/TV Trailer,3,8,311482,8420
E4gMz00UBlM,GB,Other,1,8,589057,32661
E4gMz00UBlM,IE,Other,1,27,591831,32728
E4gMz00UBlM,US,Other,1,23,603568,33124
E4iXl4iSOxo,US,Sports,1,15,0,0
E5LdRUqfOkA,GB,Sports,1,41,153786,4119
E6faKUA_aUQ,IN,Other,2,39,488502,1952
E7nAkU62GXY,GB,Other,1,28,253862,9733
E7nAkU62GXY,IE,Other,3,24,587228,18439
E7nAkU62GXY,US,Other,1,22,263389,9925
E8klJjXc4II,GB,Movie/TV Trailer,2,17,268729,8487
E8klJjXc4II,US,Movie/TV Trailer,1,11,151454,5582
E9NqHlTxsIE,US,Other,1,32,286155,14718
E9Rbhqmi31I,US,Music,1,16,149633,9441
E9r4_Ly5cUw,US,Other,1,36,87215,3874
EADlO7TLC8A,GB,Gaming,1,9,709644,8980
EAoklAoVwAw,US,Movie/TV Trailer,1,29,31328,3758
EAuL8dyQxPs,GB,Other,1,30,108843,2959
EAys2d29EXo,GB,Other,1,22,266288,15346
EAys2d29EXo,US,Other,2,39,274326,15517
EBXPV2-CccM,GB,Other,1,33,405548,33412
EBXPV2-CccM,IE,Other,2,33,670834,47447
EBXPV2-CccM,US,Other,1,21,423378,34133
EBYpnRw5ly4,US,Other,1,48,200263,28417
EBpNCn0G2hM,IN,Other,3,1,597168,1480
EC2KnJqknmo,IE,Other,1,48,974206,68008
EC2KnJqknmo,US,Other,1,15,252767,29378
ED0gZdNL2eM,US,Other,1,34,0,0
EDwSA2-l26Q,GB,Gaming,1,39,18853,1474
EEz5xbzYPKI,GB,Movie/TV Trailer,2,14,295362,9235
EEz5xbzYPKI,US,Movie/TV Trailer,2,20,298526,9272
EFNcsxrybP4,US,Movie/TV Trailer,1,25,11606,819
EFo3xcFncxk,IN,Gaming,1,32,562689,29433
EGMKy9KzTQw,US,Music,1,16,179011,280
EG_FpxOmzpU,IN,Other,1,39,103410,437
EHambUlB_0M,IN,Other,1,32,132504,778
EHrt-gFgvXo,GB,Music,2,3,1271228,97478
EHrt-gFgvXo,IE,Music,12,19,6986938,133169
EHrt-gFgvXo,US,Music,2,1,1280156,97695
EJkyQSq4ih4,US,Other,1,43,92469,8238
EJoJSG-rllA,IN,Gaming,2,9,1160070,10847
ELGABd_gfjE,GB,Movie/TV Trailer,1,8,47012,788
EMJuk-s8rCs,US,Other,2,6,0,0
EMy2zhKjAgc,GB,Other,1,44,263882,15492
EMzBRm7VT-o,US,Music,1,42,56792,4818
EN0EYJZKhH0,IN,Other,1,44,528550,28304
ENWL7ihWpG8,US,Gaming,1,41,309817,5573
ENhCxCjcoAE,GB,Other,1,42,4486,447
EOB0Ypf9DYY,IN,Movie/TV Trailer,2,25,602065,1754
EODez3GXDlg,IN,Gaming,1,33,343173,5848
EOE5qdR7GlM,US,Other,1,6,0,0
EOO9bQSeTZY,US,Other,1,40,200594,2289
EOan60L9few,GB,Music,2,1,497012,1467
EOan60L9few,US,Music,1,10,254748,1016
ERKJg6uvHtM,US,Music,2,34,298480,16609
ERmSPC6z4vA,IN,Gaming,1,36,166549,2027
ERn_e8fiFPs,GB,Music,1,7,130498,14782
ERn_e8fiFPs,US,Music,1,28,136385,15028
ESNFkpSBijU,GB,Other,2,6,143365,3984
ESNFkpSBijU,IE,Other,3,36,163297,4257
ESORouDblNg,GB,Other,2,24,623030,21287
ESORouDblNg,US,Other,3,1,896671,26970
ESRCdJHbvnU,GB,Other,2,1,1586475,66588
ESRCdJHbvnU,US,Other,2,1,1598415,66898
ETA-sAY4hGA,IN,Other,1,3,1875090,58170
ETXq9yrWW98,IN,Sports,1,43,570449,20318
EUNNmAAe5gQ,GB,Other,1,49,105081,15983
EURriesRel0,GB,Movie/TV Trailer,1,38,48735,1088
EUtskr_m0Gw,US,Other,1,31,70242,677
EVCvTa2X_hM,IN,Movie/TV Trailer,2,26,314953,11061
EVW-iXNj2_I,GB,Music,1,45,134356,478
EWhHvx3RatM,IN,Other,1,35,549683,14539
EWq5WaBB6tE,IN,Other,4,1,1005424,39899
EX3oBRfMjdA,GB,Movie/TV Trailer,1,47,71202,10515
EX3oBRfMjdA,US,Movie/TV Trailer,1,41,89593,11985
EYQMxPc4zx8,US,Other,1,25,59997,4927
E_4GI40o08Y,GB,Gaming,1,18,257386,5831
E_4u0CZ2vok,GB,Other,1,42,186946,1539
E_4u0CZ2vok,US,Other,1,21,190375,1557
E_lPMP7oeBY,IN,Other,1,48,156870,444
E_pz4N2tAc0,IN,Gaming,1,24,1042217,2582
EbNXe8zCgCw,US,Other,1,30,0,0
Ebo_w8y0O08,GB,Music,1,49,8694,1178
Ec2-_UgTXyM,US,Other,2,5,1716528,65084
Ec47RJntvXM,IN,Other,2,12,1083714,13260
EcK8jiuxbRs,GB,Movie/TV Trailer,1,32,42597,1258
EeT-p3SZ5ls,GB,Other,1,9,355565,21123
EeT-p3SZ5ls,US,Other,1,43,369903,21557
EeVpHAWHqD8,GB,Other,2,31,30652,1971
Ee_gJATFDDo,IN,Gaming,1,18,2046053,3152
Efl1DlKIxlY,IN,Sports,2,6,2422764,46089
EgKO8wrruxE,GB,Sports,1,26,238480,3359
Eh5ECZLF-A8,IN,Sports,1,35,111770,1685
EhIwYZ1qCIA,US,Music,1,21,204603,379
EhKj2CLdMnA,US,Other,1,45,192362,2446
EhSE56Ujj8A,IN,Gaming,1,42,17594,147
EiQEBYDox_k,GB,Other,2,3,8152446,858741
EiQEBYDox_k,IE,Other,16,3,13570197,1049430
EiQEBYDox_k,IN,Other,2,9,8162906,859442
EiQEBYDox_k,US,Other,2,3,8217403,863017
EiSoXm4ymjg,GB,Movie/TV Trailer,1,31,35291,1432
EifGXLPq9hE,GB,Movie/TV Trailer,1,26,89821,10940
EifGXLPq9hE,US,Movie/TV Trailer,1,16,91476,11064
EiiIf7tDXW0,GB,Other,1,1,41240,500
EiiIf7tDXW0,IE,Other,6,37,1473143,13098
EiiIf7tDXW0,US,Other,1,22,552272,6022
ElBSzgTCh84,GB,Gaming,1,33,264641,11299
ElUQcoMI1MA,GB,Other,1,18,418396,5952
ElUQcoMI1MA,US,Other,1,15,436186,6080
EmLSl8StZ44,GB,Other,1,50,193675,5809
EmWmvvICs_w,IN,Other,2,26,241307,1601
Emd2tWP2FkI,GB,Other,1,44,1000771,109955
En5k4Emqd7E,US,Gaming,1,48,207210,7099
EnFEi4N3Q4I,GB,Other,1,24,507568,9903
EnFEi4N3Q4I,US,Other,1,6,524651,9996
EnuSSZ8nN4I,US,Other,1,24,153753,8523
EoMZ4sZeduE,GB,Other,1,23,333531,11663
EoMZ4sZeduE,IE,Other,3,18,610156,17279
EoMZ4sZeduE,US,Other,1,14,345932,11895
EpsSPW3pY_0,GB,Movie/TV Trailer,1,14,237018,5559
Eq56G8-t2jw,IN,Other,1,22,45947,218
EqXGNRkTiCM,US,Other,1,43,154740,14704
ErAAlc3RVr4,IN,Movie/TV Trailer,1,49,34327,2565
EsU3BaSj7CY,GB,Other,1,20,158035,9236
Esf2hxuanOE,US,Sports,1,43,158555,16920
EsiZ04_lc-A,GB,Movie/TV Trailer,1,29,88386,1692
EtDZwfHRZQ8,IN,Other,3,1,1236638,3848
EtTNBFuZ8xM,IN,Music,2,27,147779,1516
EuBB0nzlBks,GB,Music,1,28,79618,8655
EuJ9I8nh6Oc,IN,Reaction,1,50,18049,1059
EuOOZiYSVs0,GB,Other,1,21,191114,4778
EuOOZiYSVs0,IE,Other,3,36,430771,7478
Eue-vxLARqY,US,Other,1,34,0,0
Evvpx6oxRZ8,IE,Movie/TV Trailer,9,8,1372230,4338
Ew0yHEsyp8U,IN,Other,1,30,240622,25942
Ew5Flv6ZDu0,IN,Movie/TV Trailer,4,11,218465,4883
EwQ-tTDddMk,GB,Music,2,10,367772,9414
Ex1aWRiLEvk,GB,Other,1,38,194817,3139
ExIqAi5ePnE,IN,Other,1,28,37566,96
EyJtWamqQf8,GB,Music,1,37,55579,295
EyvacUUV0Is,GB,Other,1,10,257666,10344
EyvacUUV0Is,IN,Other,1,19,258961,10365
EzB52AjlUos,US,News,1,30,0,0
F-9KBvT3OgY,IN,Music,1,31,148320,10398
F-F_oHOvBsM,GB,Other,2,4,385917,19912
F-F_oHOvBsM,US,Other,1,33,186504,13141
F-xiLG7LIro,IN,Other,2,13,249568,463
F0N7aNy-9tg,US,Music,1,44,656345,2933
F0UIsSnotlA,GB,Other,2,10,1768783,390430
F0UIsSnotlA,US,Other,2,13,1778032,391162
F0UjNMqO9uY,GB,Music,1,21,47468,225
F0aVlZivC3g,GB,Other,1,27,191168,29610
F1uYzQFdCb4,US,Other,1,18,179038,160
F26g5SSslCU,US,Movie/TV Trailer,2,8,432689,10084
F2M3huoQ8uE,GB,Music,1,30,17141,780
F3THGnQhT3E,GB,Music,1,34,234699,756
F46LSgXjV4k,GB,Music,1,46,17195,2005
F4B0Jpr4Rw4,IE,Movie/TV Trailer,10,8,3010177,86410
F4pPyaLgP0Y,US,Other,2,25,644112,854
F5Pozgy8DnI,GB,Movie/TV Trailer,2,13,1204209,39961
F5SpqQ8dNa8,GB,Movie/TV Trailer,1,23,484789,6162
F70-PHM6zYA,US,Other,1,38,203131,5840
F7eKTsxxQ60,IN,Movie/TV Trailer,2,5,160905,2825
F7qpse9iaQY,GB,Movie/TV Trailer,2,28,120913,2513
F7qpse9iaQY,US,Movie/TV Trailer,2,19,121643,2515
F8SKbLtJhUU,GB,Other,1,43,283647,10793
F8SKbLtJhUU,US,Other,1,21,307655,11227
F8u6Fk8sTuY,GB,Gaming,1,38,171352,7153
F9lYhQegsKo,US,Gaming,1,36,2110016,25329
FBr9qCQHxnI,GB,Movie/TV Trailer,1,22,48496,1637
FBr9qCQHxnI,US,Movie/TV Trailer,1,13,49886,1663
FDKVKCYvxgw,US,Other,1,15,482717,7278
FEbU6W6a3o0,IN,Other,1,47,276282,0
FEfPbOnE7VM,GB,Other,1,34,403446,4315
FEropZ_Tq7Y,GB,Gaming,2,3,2951384,122113
FEropZ_Tq7Y,IE,Gaming,10,3,4628555,144811
FEropZ_Tq7Y,US,Gaming,2,9,2975457,122456
FFjDEkZg-54,GB,Music,1,1,2453683,134429
FFjDEkZg-54,US,Music,1,12,2533714,135935
FFpHR9fitvc,GB,Music,1,46,371082,10758
FGT2EogE46I,US,Sports,1,42,0,0
FH_CUSu7M1Q,GB,Other,1,7,297632,59412
FH_CUSu7M1Q,US,Other,1,4,308785,60563
FHkM-6MpF10,GB,Other,1,34,81317,5825
FIqyorO-aHQ,GB,Movie/TV Trailer,1,20,33993,713
FJ4YTgIUOhU,IN,Other,1,43,83289,1648
FJhYzgmVh04,GB,Other,1,17,605775,61018
FJhYzgmVh04,US,Other,1,5,638636,62843
FJiUlEfuyMM,US,Other,1,37,0,0
FKrcHQ081hw,GB,Music,1,45,73119,212
FLCrz8cyhXQ,GB,Music,2,28,379931,769
FLGz-DLamFA,GB,Music,1,32,123887,2421
FLH3olxxOuU,GB,Music,1,21,49012,351
FLyIDlZrHFE,IN,Gaming,1,15,768201,2115
FM1KxD8UHdQ,IE,Other,1,45,322930,17067
FNEgk6_gZlc,IN,Music,1,24,332943,11038
FO9kMeIQI7M,GB,Sports,2,3,16866966,433438
FO9kMeIQI7M,IE,Sports,11,3,32180716,666037
FO9kMeIQI7M,IN,Sports,3,12,20978402,503195
FO9kMeIQI7M,US,Sports,2,11,16942343,435370
FOJ4A4wixDg,GB,Music,1,34,122946,9252
FOJ4A4wixDg,US,Music,2,15,125891,9299
FOPhJVcD-Zw,US,Other,1,25,0,0
FOoAcoG8lxo,IN,Movie/TV Trailer,2,29,179516,2970
FPCL8wjGDxM,GB,Music,2,18,25254,1280
FPP3SJpSTHM,US,Sports,1,15,0,0
FRJFUoW366Y,US,Other,1,10,429278,433
FRspkI7w-rU,GB,Music,2,25,795044,4188
FRspkI7w-rU,US,Music,2,7,814252,4285
FS0R9Awy9-8,US,Sports,1,36,113056,4561
FS7f0pom6JE,US,Other,1,17,152205,8008
FSacSCtnhRM,US,Other,2,30,64495,1100
FT7Ox1yhD4Q,GB,Other,2,16,735377,19384
FTC-QTphroY,GB,Other,1,24,286974,8562
FTUdUAfcsfY,GB,Other,1,34,210482,16241
FTUdUAfcsfY,US,Other,1,24,225462,16961
FTy0jOHRZ_c,US,Other,1,16,693077,85175
FU9QushCN8Y,GB,Other,1,48,167112,1452
FUGzvCZaQsA,US,Other,1,18,0,0
FUPEd-gDyXg,IN,Other,2,29,1431408,60198
FUptDbfjLi8,GB,Other,1,18,576188,34676
FUptDbfjLi8,US,Other,1,15,602969,35529
FW_KLbDF2XQ,GB,Other,1,45,215405,5388
FXMmkcaNHWg,US,Other,1,39,108803,3725
FYALRN4dJTI,US,Sports,1,27,0,0
FYuzI6h8LXI,US,Other,1,37,298212,37233
FZ3sN5E-mBU,GB,Movie/TV Trailer,2,8,2716816,14956
FZ3sN5E-mBU,IE,Movie/TV Trailer,11,8,5596359,24484
FZ3sN5E-mBU,IN,Movie/TV Trailer,1,32,984200,10669
FZ3sN5E-mBU,US,Movie/TV Trailer,1,20,1006377,10787
FZBDPW--x48,IN,Gaming,1,48,271670,7035
FZILSMWade0,US,Music,1,32,72436,8237
F_6G7dVWVqs,US,Other,1,44,158024,4265
F_UNvuQkChU,GB,Gaming,1,27,628532,12985
F_j0NCUFa1c,IN,Other,2,37,440895,1326
FaNLDcHW1fk,GB,Other,1,50,95724,18173
FaedquIFQhw,US,Other,1,43,121216,13653
FbCyIHNqWUU,IN,Reaction,1,31,242981,12450
FbOmleN1Zo0,GB,Movie/TV Trailer,1,40,120905,2094
Fc6rcTo8pZI,GB,Other,1,36,356451,18995
Fc6rcTo8pZI,US,Other,1,27,369266,19323
FcG-5m4Gp2s,GB,Music,1,25,157753,1158
FcHRc4WlXN8,IN,Gaming,1,39,57709,5134
FdzPyCJpl_A,US,Music,3,3,351589,17281
Febyv6nXLkY,US,News,1,24,0,0
FfMINTzBytc,IN,Gaming,2,21,477432,2263
Fgcuymby0Uw,US,Other,1,42,0,0
FgiQqSVFEoo,IN,Movie/TV Trailer,5,8,943194,7881
Fi1wAaQkJHU,IN,Movie/TV Trailer,6,5,6368522,165414
FiY5cY0xIJY,IN,Gaming,1,42,407633,2160
Fiei0-TRLXQ,GB,Music,1,16,548944,17561
Fiei0-TRLXQ,GB,Music,1,4,244069,12751
Fj1X0YNsogs,GB,Gaming,1,27,314580,11193
Fj1X0YNsogs,IE,Gaming,2,21,938679,24369
Fj1X0YNsogs,US,Gaming,1,36,344790,11813
Fk4yKs5dCiU,US,Other,1,35,0,0
Fkp25-LaSg8,IN,Other,1,42,277830,7664
FlHOCAN98tM,GB,Other,1,25,173047,708
FmLCaZH0Ho4,US,Other,1,12,0,0
FmSWrseBwQE,IN,Other,2,31,312732,368
FmX0DJ6kOqc,GB,Music,2,13,2077100,36929
FmX0DJ6kOqc,IE,Music,14,31,3915226,57524
FmyYiY05VnA,US,Other,1,46,0,0
FnjwekpeKrc,IN,Sports,1,49,190605,2520
Fo6pm2BIOxQ,US,Other,1,12,249774,9480
FoTIgz94RnE,US,Other,1,33,3724,815
Fp-nB7HyL64,US,Other,1,47,113592,4663
Fp1Hh0G9_xk,IN,Sports,2,27,486592,6324
FqDj1g4yn6s,GB,Movie/TV Trailer,1,23,105621,2602
FqO8WRACFaw,GB,Music,2,12,245392,5263
FrAvy80EPxY,US,Movie/TV Trailer,1,8,79197,2864
Ft9cQnxFoKc,GB,Other,1,24,421790,9074
Ft9cQnxFoKc,US,Other,1,6,426527,9137
FtMS8as4n3I,GB,Other,1,24,842463,12194
FtMS8as4n3I,US,Other,1,18,883914,12241
FtsRq7ZIQ3Q,GB,Gaming,1,42,77242,4753
Fut0HQMCKlU,IN,Other,1,30,582160,50873
FvpPdqQduIg,US,Music,2,24,1035233,1576
FwgX3aoebao,GB,Other,1,43,16650,28
FxhIJPemAQE,US,Other,1,33,347586,27310
Fy74-EAR7JA,GB,Movie/TV Trailer,2,20,263378,11494
Fy74-EAR7JA,IE,Movie/TV Trailer,4,32,321074,13046
Fy74-EAR7JA,US,Movie/TV Trailer,4,17,321764,13058
FzCgVL0xBOw,IN,Gaming,1,47,101259,1722
FzCk9jHMqYU,GB,Movie/TV Trailer,1,31,94589,568
G-BlW_NF0Aw,US,Sports,1,34,0,0
G01PTmpCMZs,IN,Gaming,2,15,1181331,62822
G0N3EWYFQU4,GB,Movie/TV Trailer,1,25,143382,8044
G0RFBzOU65M,IN,Other,1,2,2268383,65078
G0Ziq9hzqQI,IN,Movie/TV Trailer,3,11,302995,15709
G1S70nHEm2M,US,Other,1,33,0,0
G1p_QIv44V4,US,Other,1,43,0,0
G1wcASL0HVk,IN,Sports,2,6,1228955,36113
G1zHvYAXlIE,US,Other,1,18,0,0
G45wYqVJCxc,GB,Other,1,29,261348,5203
G45wYqVJCxc,US,Other,1,29,261941,5212
G4x7Zjuubnk,US,Other,1,21,343497,11607
G57iwLb3Mxs,US,Other,1,9,0,0
G5BnR0lFWRI,IN,Music,1,41,164856,874
G5iFil7KIIg,GB,Movie/TV Trailer,1,26,145914,13503
G6-yj80Guxg,GB,Movie/TV Trailer,2,5,216869,15823
G6-yj80Guxg,US,Movie/TV Trailer,1,31,156361,13157
G63iPGvgGYs,GB,Other,1,4,500081,39453
G63iPGvgGYs,US,Other,3,9,803911,52128
G6BKkaA9JGI,GB,Sports,1,47,206196,6132
G6R-TvmuE_Q,US,Other,1,33,214764,7112
G6UDNOzFia8,GB,Other,1,21,401334,5069
G6UDNOzFia8,IE,Other,2,30,417099,5226
G844_X7oJjc,US,Other,1,47,98588,4425
G8axom7Gn4I,IN,Gaming,2,6,966559,12786
G8nu1T3Dbxw,GB,Other,1,24,718394,31190
G8nu1T3Dbxw,IE,Other,1,44,721725,31260
G9Yh22Qom8Y,GB,Sports,1,27,190811,3397
G9yQ6jslWRA,IN,Other,1,47,234078,752
GALX8gkUR50,IN,Gaming,1,30,625543,1307
GAYGdQQEgb4,IN,Movie/TV Trailer,3,14,283977,9612
GAbT5qCTXR8,GB,Movie/TV Trailer,2,11,2423470,15320
GAbT5qCTXR8,US,Movie/TV Trailer,2,14,2479262,15419
GAp85rmonzE,GB,Reaction,1,47,42092,2880
GCZFidKeqjs,GB,Other,1,23,599289,0
GCt1MqHqVaA,GB,Music,1,46,420583,31328
GCt1MqHqVaA,US,Music,2,7,427588,31588
GDL-pP4PJ5o,GB,Other,2,22,569275,4124
GDjRSH7uYVc,GB,Gaming,1,18,587767,19871
GDjRSH7uYVc,US,Gaming,1,29,600112,20087
GDp3q59ZWZE,US,Music,2,42,266293,8362
GE4d_KvqEe4,GB,Other,1,12,174386,12780
GE4d_KvqEe4,IE,Other,1,30,333100,18027
GE6w7DRyqcM,GB,Music,1,36,1400379,108974
GE6w7DRyqcM,IN,Music,1,33,1405632,109042
GEStzXXj5cM,IN,Other,2,24,458078,8116
GEiFC_jPGn8,IN,Other,3,3,1887646,164747
GEk4jHwfFTA,GB,Other,3,1,6680860,1063940
GEk4jHwfFTA,IE,Other,3,4,7967794,1156428
GEk4jHwfFTA,IN,Other,3,1,6686137,1064290
GEk4jHwfFTA,US,Other,3,1,6713184,1066025
GEmGwMH0FRc,IN,Music,1,45,67347,9043
GEmGwMH0FRc,IN,Music,3,21,853572,33327
GFtIVE_4VxI,IN,Other,1,18,395410,22956
GGGILke4f-k,GB,Other,1,24,551399,41032
GGGILke4f-k,US,Other,2,12,1153346,68933
GH3egckNLLU,US,Other,1,27,273532,11214
GHJ5uKnm8mQ,IN,Music,2,15,379042,1104
GHNCcVk2iv8,US,Sports,1,28,0,0
GHuh6B7J9M8,IN,Other,1,39,567111,11787
GIf_4oXxDgo,GB,Movie/TV Trailer,1,16,179542,6183
GIf_4oXxDgo,US,Movie/TV Trailer,1,11,185310,6268
GIp0pKovoA4,IN,Other,2,30,1021569,2434
GJRw10s36rA,IN,Movie/TV Trailer,1,41,12574,1819
GJqo_GxKuY0,GB,Other,1,38,193423,3016
GJxPc3B2osU,GB,Movie/TV Trailer,3,2,1562753,39844
GJxPc3B2osU,IE,Movie/TV Trailer,18,2,2349313,50374
GKIX-3Tyu2c,GB,Other,1,24,214579,1188
GKIX-3Tyu2c,US,Other,1,24,214596,1188
GKVbnR6p8dg,IN,Music,2,4,604304,8255
GLdpF5HWhU8,IN,Other,1,13,737850,1548
GLkUNP_yEVg,US,Other,1,42,111023,1061
GNDfWlJ1-I0,GB,Music,1,25,126771,572
GO3mS2YtGTI,US,Movie/TV Trailer,1,19,20599,991
GOISf92nxcw,IN,Music,2,22,170915,438
GOJHauJ1wzQ,US,Music,2,6,189243,6300
GOk6HYBmJfs,GB,Other,2,13,24798,1771
GPR0sZ9MfQc,IN,Music,2,25,249236,8807
GQQ7gwSJH5k,GB,Movie/TV Trailer,1,27,159769,12458
GQQ7gwSJH5k,US,Movie/TV Trailer,1,40,164845,12666
GQTouEvp_K4,IN,Gaming,1,27,419568,23001
GQiRqmHDq_U,GB,Sports,1,21,1570744,20087
GQxUapg0X90,US,Music,1,36,72640,5577
GRscWiVvUJY,US,Other,1,18,0,0
GSAKPlyVWJQ,IN,Other,1,44,732555,4518
GT7MbFMaRrk,US,Other,1,15,257058,4445
GT9oSHk2h0M,IN,Gaming,1,9,2682845,6305
GTlUutS7sLM,GB,Other,1,6,261681,1703
GTlUutS7sLM,IE,Other,2,30,261683,1703
GTm_uqrKwD4,GB,Gaming,1,12,435460,6071
GTm_uqrKwD4,US,Gaming,1,17,453668,6211
GUa7ZH_kPU8,US,Gaming,1,44,117346,2431
GWAiq_wshd0,GB,Gaming,1,26,355747,19702
GWE92iZ20IA,US,Sports,1,17,0,0
GWf9_qSrnOM,GB,Other,3,4,1208422,40955
GWf9_qSrnOM,US,Other,3,7,1227385,41266
GWkiPxIf0l4,IN,Gaming,2,3,825833,11032
GXIbKVqaIa4,GB,Other,1,12,133783,9430
GXIbKVqaIa4,IE,Other,2,24,236619,12733
GXP0-iZze94,US,Other,1,46,0,0
GYS7QOyDlIU,IN,Music,2,10,610180,2774
GYjqKG9Td9c,GB,Other,1,41,313908,5298
GYjqKG9Td9c,US,Other,1,31,322541,5376
GZBNVtcUnDU,GB,Other,1,45,9638,1150
GZUCybplAgU,GB,Movie/TV Trailer,1,50,102350,939
G_3bQ5DT05M,GB,Sports,1,49,146455,2009
G_g8D7SfhCc,GB,Other,1,11,1417376,3120
G_g8D7SfhCc,US,Other,1,23,1417527,3121
Ga8p1UbNpSw,GB,Other,1,27,5678,367
Gabp2-iCPR0,US,Gaming,1,39,383630,3215
Gb4xUSQPKCQ,US,Other,1,27,0,0
GbCOw2aEqKw,IN,Gaming,2,20,951673,47205
GdS82dbaNXs,GB,Movie/TV Trailer,1,7,107530,3352
GdS82dbaNXs,US,Movie/TV Trailer,1,4,113711,3458
Gd_BF1OUDmI,GB,Other,1,28,249204,842
Gdv0a17T3a8,US,Other,1,24,0,0
Ge7c40ZsyLI,IN,Other,2,9,875293,21381
GeqQ41UAWRo,US,Sports,1,6,0,0
GeraV5Cwk8Y,GB,Other,1,23,358481,21591
GeraV5Cwk8Y,US,Other,1,8,390765,22503
GexR37GTtTo,US,Other,1,39,0,0
GgeKgjjDePI,US,Sports,1,33,0,0
GhJJObYGgdw,GB,Other,2,16,23729,1630
GhJeEb7qa6w,IN,Other,2,6,2817018,234329
Ghx8QAZbDGw,US,Other,1,14,263402,41254
Gi5vOUe2RaI,US,Gaming,1,30,198818,15170
GiBmA_1Qtwg,US,Music,1,30,32128,5306
GiM2JgN7YFo,GB,Movie/TV Trailer,1,29,335790,7587
GiM2JgN7YFo,US,Movie/TV Trailer,1,11,163398,4604
GibZ1pyVqhY,GB,Other,1,29,76446,1418
Gig7nT7RwL4,GB,Other,1,27,363689,15161
Gig7nT7RwL4,IE,Other,5,26,1175079,33629
Gig7nT7RwL4,US,Other,1,38,392822,15952
GjM5Z818ppw,GB,Sports,1,9,8178006,0
Gjs-7Jf0sHI,IE,Music,7,19,13831,256
GlClZ6MUbz4,IN,Movie/TV Trailer,3,19,138062,2892
GlKi4-fySzE,IN,Other,2,22,208557,582
GldUzvv4m6A,GB,Movie/TV Trailer,1,23,22284,307
GmYIfB5GtkE,IN,Other,1,25,30107,330
GnEHo82UPd8,IN,Gaming,1,27,525922,3680
GnJGNzAy_Sc,IN,Movie/TV Trailer,1,40,45599,2094
Gnn4GRSzRXI,GB,Other,1,1,884638,71379
Gnn4GRSzRXI,US,Other,1,7,912414,72623
GnrRwNuu3I0,US,Gaming,1,44,131405,17013
Gnvr_7eQjo0,IN,Music,1,45,196883,1126
GoBiJqlmOgA,IE,Gaming,2,33,1905744,46607
GoBiJqlmOgA,GB,Gaming,2,21,1109464,31195
GoBiJqlmOgA,IE,Gaming,2,15,1399745,37000
GoGrkfbdAdY,GB,Gaming,1,21,233802,11949
GoHaWV0cClI,IE,Other,1,48,172906,4399
GokSIxZYcTc,GB,Gaming,1,48,172351,2479
Gp4a9EF_7Js,GB,Movie/TV Trailer,1,26,117235,12225
Gq-tB_AvBhM,GB,Gaming,1,45,187281,4379
GqDmSbz5kHY,IN,Gaming,1,24,407359,7330
GqVqSlksQA8,IN,Other,1,36,31769,469
GrDK4T3iQBQ,IE,Other,10,4,9736940,70462
GrIjmWmLeSg,GB,Other,1,6,505623,40269
GrIjmWmLeSg,IE,Other,3,30,805673,54030
GrIjmWmLeSg,US,Other,1,14,516768,41001
GtJJj2Zs5FU,IE,Music,2,31,658526,82657
GwNx0EKAhGM,IN,Gaming,1,6,15372997,46750
GxIw_5GrL9M,GB,Sports,1,24,265801,4446
GyE8bkeSt8w,GB,Music,1,25,103792,9680
GyE8bkeSt8w,US,Music,1,40,106402,9817
GyIXFugHRjc,IN,Movie/TV Trailer,4,17,168193,11998
Gyp1OqCwnpE,US,Music,2,6,131545,9079
GzbWLEYWjfU,US,Other,1,49,71502,2760
H-43VeYGiPM,IE,Movie/TV Trailer,7,14,6407460,179846
H-6e0w_8liI,US,Other,1,11,827599,10796
H-HDTv2MSX8,IN,Gaming,2,3,887383,11850
H-_9Fgs5tIg,US,Other,1,23,887068,11201
H-eBu5b6zms,IN,Sports,2,15,1494988,8626
H-uQxcLrEMY,GB,Gaming,1,33,184660,5964
H-uQxcLrEMY,US,Gaming,1,46,193629,6058
H-yk5pXtgaw,GB,Other,1,48,311974,11980
H-yk5pXtgaw,US,Other,2,15,860412,25286
H0P2TnUhvUk,IN,Gaming,2,41,467271,6540
H0jNm8SKdfs,GB,Other,1,21,231565,2792
H1z1uY7Uyec,IN,Other,1,31,43161,592
H3UsEVLlDl0,GB,Gaming,1,27,100241,6217
H52UQx7PV_8,US,Music,1,19,51981,184
H5FbukBiVCE,IN,Movie/TV Trailer,2,11,425874,11272
H5KZt50wa2s,US,Gaming,1,32,187580,7896
H5yGKmyePUs,GB,Music,1,28,87617,428
H6olhk-_tZQ,GB,Movie/TV Trailer,1,34,9675,1243
H7Yc7LAz6r4,GB,Other,1,25,53533,2952
H7fc6100zwk,US,Music,1,19,35862,3200
H8GtcP4VBAU,IN,Other,2,24,990440,39084
H8g7_YNPQ_g,IN,Other,1,37,281018,1314
H8inLiyj_E0,GB,Gaming,1,15,305703,20271
H8inLiyj_E0,IE,Gaming,2,39,552461,30175
H93-M3Jn8pk,IN,Movie/TV Trailer,1,26,20955,3531
H9UyZW-aVk4,GB,Gaming,1,36,925245,20381
H9UyZW-aVk4,IE,Gaming,1,45,926097,20388
H9r5ffOK9uw,IN,Other,3,4,951582,2487
HA8d-RF6Iek,IN,Gaming,1,45,405410,6057
HBT-imA3lwM,GB,Movie/TV Trailer,1,35,23891,1201
HBmrmz7qdzs,GB,Music,1,40,516084,2798
HBmrmz7qdzs,US,Music,1,22,519681,2822
HBySjaPAA7k,US,Other,1,4,100448,7345
HCSAOfJqjGU,GB,Other,1,38,98143,5719
HDDxxeh3r-E,GB,Gaming,2,3,2723303,143264
HDDxxeh3r-E,IE,Gaming,9,6,4460771,179488
HDDxxeh3r-E,US,Gaming,1,14,1721662,110381
HDGCTtuW-Yo,GB,Other,1,15,806799,90978
HDGCTtuW-Yo,US,Other,1,45,830200,91959
HDMm57luopY,IN,Other,5,8,1301823,38109
HDY-cXtS9Xo,GB,Reaction,1,28,33935,1872
HDfWcSCi1S8,US,Sports,1,37,0,0
HEHOgkvAKyc,GB,Other,1,37,27509,700
HF0AdLKKXgA,US,Music,1,10,37542,7471
HFUU5XP04uI,US,Other,1,46,0,0
HHQT3biqQLU,GB,Gaming,1,24,368675,5624
HHQT3biqQLU,IE,Gaming,1,48,369954,5631
HHQT3biqQLU,US,Gaming,1,41,377686,5686
HHw8Qf-HYtg,US,Gaming,1,40,85340,4273
HIdEnstZCW0,GB,Other,1,44,333389,10143
HIdEnstZCW0,IE,Other,1,24,335010,10164
HIdEnstZCW0,US,Other,1,23,345591,10304
HIgQVQrpySI,IN,Music,2,30,268553,1733
HIqblanV6H8,US,Other,14,4,93502,2726
HJ6fys4F7II,IN,Gaming,1,24,1971135,5238
HJnED9W-6nk,GB,Other,1,48,212534,8645
HJnED9W-6nk,US,Other,1,11,235590,9060
HKh1Rtwko2w,GB,Other,1,42,159680,1970
HLMX2w3cwuE,IE,Movie/TV Trailer,24,2,8245842,451388
HLMX2w3cwuE,IN,Movie/TV Trailer,4,8,5972300,373954
HLMX2w3cwuE,US,Movie/TV Trailer,2,2,5524750,355048
HLS0ooEAq-4,US,Gaming,1,26,147103,2229
HMmgWm0kOUM,IN,Other,3,1,193082,1240
HNGy38Y9nIE,IN,Gaming,1,38,128661,5976
HNK9BAZ62oM,US,Other,1,36,436335,3367
HNTAE9dyijY,GB,Other,1,16,69349,4982
HOVddIVHYQo,US,Movie/TV Trailer,1,47,123069,9505
HOqxmOXrZnY,GB,Other,1,49,387706,17543
HOqxmOXrZnY,US,Other,3,10,645872,23363
HOyqzwVtsxQ,GB,Other,1,37,173630,1253
HP5wg0kTh54,GB,Other,2,20,587097,26467
HP5wg0kTh54,US,Other,1,14,170901,13559
HPGl1nOJ-3g,GB,Music,1,7,56327,2394
HPGl1nOJ-3g,GB,Music,1,31,111162,3227
HPxTb5dFVP8,US,Other,1,27,234837,923
HQTl2VhEw4U,US,Other,1,37,126553,5320
HR-lB8I27hE,IN,Movie/TV Trailer,1,44,87701,6223
HR4l1ZISwEE,GB,Other,1,9,157359,25295
HR4l1ZISwEE,IE,Other,1,48,158502,25354
HR5SGvCHrSo,GB,Other,1,45,51676,1407
HRfb4NVD8LE,GB,Music,1,25,85722,8910
HRzIDcuOzXM,US,Sports,1,15,0,0
HSrTjqf7_WY,GB,Other,1,30,278090,16261
HSritBJiYCc,GB,Gaming,1,15,323719,4893
HT5JAp5z0-o,GB,Movie/TV Trailer,1,38,843701,13811
HT5JAp5z0-o,US,Movie/TV Trailer,1,25,867113,13937
HUypex45YMU,IN,Gaming,1,21,571644,9051
HWcSLS6IeBQ,US,Other,1,32,424194,5637
HX1EXb5kWwY,GB,Other,2,7,13735482,184138
HX1EXb5kWwY,IN,Other,3,1,15783583,205372
HXGa-6K4_SY,GB,Movie/TV Trailer,1,14,170747,6171
HXGa-6K4_SY,US,Movie/TV Trailer,2,26,186588,6200
HXMDhbRgLQY,IN,Music,2,22,378915,2085
HYIclJwMPus,US,Other,1,39,779176,21071
HZL20rAs4y8,GB,Other,1,18,726784,17445
HZL20rAs4y8,US,Other,1,27,734481,17630
HZaFXZDDl7M,IN,Gaming,1,27,188267,38121
HZmBsIDbGuc,US,Movie/TV Trailer,1,44,91214,4857
H_Zy3KXV8ds,GB,Movie/TV Trailer,1,34,109525,1011
H_Zy3KXV8ds,US,Movie/TV Trailer,1,46,115983,1067
HamMPBW7I-g,US,Other,1,42,105591,7424
Hb06Iem3FWg,GB,Other,1,1,1401032,343447
Hb06Iem3FWg,IE,Other,6,12,3194465,458525
Hb06Iem3FWg,IN,Other,1,27,1408540,343941
Hb06Iem3FWg,US,Other,1,3,1426632,346189
HbDOcFQMhgc,IN,Sports,1,28,148639,450
HbH-TzYJh_Y,GB,Other,1,37,20629,885
HbRJ0K69XOw,US,Music,1,9,35841,2708
HbRJ0K69XOw,US,Music,1,21,93504,5088
HbxWwCQQ5Dw,GB,Movie/TV Trailer,1,44,72891,4050
Hd0E8rCYGdI,IN,Gaming,1,44,854928,3522
Hd19DLlHA7w,GB,Other,2,1,252324,23881
Hd19DLlHA7w,IE,Other,6,22,507125,30515
Hd19DLlHA7w,US,Other,1,13,139385,18670
Hd2MpOl35nk,GB,Movie/TV Trailer,1,23,53713,5032
HdlRZpzB0U4,US,Sports,1,9,0,0
HgFtfiAhMPE,GB,Gaming,1,27,286268,4973
HgQ5ey3WjbM,US,Other,1,29,0,0
Hgej398xtlU,GB,Challenge/Stunt,1,47,172791,2253
HgewvBTOJwU,GB,Other,1,25,457706,44599
HgiHN2_WCpw,US,Other,1,6,207116,8722
HgiWaDBSo7s,IE,Other,7,12,2253123,1995
HhKGMtgFHrg,US,Other,1,34,253368,4308
HhM00pt-m8k,IN,Other,1,27,518786,34593
HhNe0vcdGTY,US,Other,1,49,203462,6915
HhNjztPVzcc,GB,Movie/TV Trailer,1,31,21315,1674
HhNjztPVzcc,US,Movie/TV Trailer,1,31,22187,1707
HhfAu1EPtMk,IN,Music,2,31,266324,352
Hhfw4cTRCOw,IE,Sports,1,48,600923,1162
HiEz8agZmnM,GB,Other,1,9,58682,9844
HiEz8agZmnM,US,Other,1,12,61220,10037
HjE3EWGWAYs,GB,Other,2,8,1729789,71205
HjE3EWGWAYs,IE,Other,2,15,2089533,81321
HjE3EWGWAYs,US,Other,2,8,1748226,71703
Hk8YZaRBFks,GB,Reaction,1,15,191738,7519
Hk8YZaRBFks,IE,Reaction,8,18,639540,16393
Hl5_Lc6b3AU,US,Music,2,4,598215,33453
HlH70Filtls,GB,Other,1,27,667827,12654
HlH70Filtls,IE,Other,1,48,668116,12655
Hn_hzv3L47g,US,Other,3,13,337419,8646
Ho10_4IX1jE,GB,Movie/TV Trailer,1,5,1639916,7500
Ho10_4IX1jE,US,Movie/TV Trailer,3,5,7725975,13883
Ho2qcOpcBlo,US,Other,1,18,221473,7494
HorICRtODpY,GB,Other,1,33,244750,13850
HorICRtODpY,US,Other,2,18,554753,24558
Hp9LIbSua4k,GB,Other,1,28,411203,7041
HpCVgJGL7B4,GB,Other,1,45,83993,3366
HpYrpMhhMZs,IN,Other,1,28,1100991,100685
HpgMdkP0YK0,IN,Gaming,1,46,366414,8098
HqEsRxXC2Eg,IN,Other,1,45,33649,517
HqICXK-0tHw,IN,Gaming,1,29,233552,12625
HqRmD3x_SB8,IN,Gaming,1,32,940728,2581
HqS4VHLas0I,GB,Movie/TV Trailer,1,38,3122,261
Hqgg60MEBTw,IN,Movie/TV Trailer,1,50,42697,371
Hsbccmz-0Zo,IN,Other,2,7,460156,4893
HsgZgUMHGsg,US,Other,1,25,35455,2307
HtT5_VIur80,IN,Other,2,48,166073,629
HtYr8mB68CE,IN,Other,1,35,474363,9228
HuB1Uz-hGYA,IN,Music,1,16,153125,546
HuWzcWJb8U4,GB,Reaction,1,34,30896,1720
HuWzcWJb8U4,US,Reaction,1,25,33117,1780
Huw11M9aaMk,GB,News,1,42,338300,15994
HuxWJHBECPg,IN,Other,1,42,401182,21991
Hv2PfPOhl64,GB,Movie/TV Trailer,1,49,111781,4092
HvzcclbcdFo,IN,Other,1,47,234491,797
Hw_hVbNpgGI,IN,Other,1,47,105792,620
HxEA6ipPFKo,GB,Other,1,29,77905,494
HxJsFNvPkzw,GB,Other,1,21,598525,48133
HxJsFNvPkzw,US,Other,1,21,616425,48910
Hy93q4nIs8E,US,Other,1,16,0,0
HyM_Kv2O7cY,GB,Gaming,2,3,457579,21309
HyM_Kv2O7cY,IE,Gaming,7,9,732287,27367
HzlcH97hTSY,IN,Gaming,2,12,1104058,72426
I-1sMh_hYIg,GB,Movie/TV Trailer,1,32,125976,4697
I-1sMh_hYIg,US,Movie/TV Trailer,1,17,142350,4974
I-GI1Yr9vgM,IN,Gaming,1,47,503661,7297
I0TUXy81DSY,US,Sports,1,26,0,0
I0eP5_TLEQI,US,Other,1,34,209946,5809
I0pfOW3t3x0,IN,Gaming,1,25,28527,98
I0zqVgBLApo,IN,Music,3,25,400752,856
I12L26L6-Mo,GB,Gaming,1,24,500288,32617
I12L26L6-Mo,IE,Gaming,1,44,503378,32728
I12L26L6-Mo,US,Gaming,1,15,524520,33429
I1SXzVI13Ws,US,Other,1,41,110005,13408
I1soKACSKRY,US,Gaming,1,31,113093,4473
I28gOWOUpp8,GB,Movie/TV Trailer,1,35,50184,1217
I2XDy5iSyp8,US,Other,1,41,0,0
I3BcCNby_LU,GB,Other,1,3,1139448,67758
I3BcCNby_LU,IE,Other,1,18,1147375,68149
I3BcCNby_LU,US,Other,1,3,1204114,70311
I3q7lMjtBdI,GB,Movie/TV Trailer,1,25,31871,2014
I3q7lMjtBdI,US,Movie/TV Trailer,1,37,32606,2035
I4kvQJWYZoE,GB,Other,3,12,183263,4596
I7Ew_YK3B0A,US,Gaming,1,41,139121,2862
I7VaRLCsGP0,GB,Other,1,18,410987,3460
I7iAkZCJHKc,IE,Challenge/Stunt,1,41,418173,5501
I8kteyPLrTw,IN,Movie/TV Trailer,1,41,103160,7786
I9tX-lFUTrw,GB,Other,1,40,4606475,139664
I9tX-lFUTrw,IN,Other,3,4,9928357,176487
IAKjhF7ffqY,US,Sports,1,40,0,0
IB-FUsmGKFk,GB,Other,1,39,153462,4306
IB1_qKO1SZU,US,Music,2,21,368651,13399
ICS50ocf_xw,IN,Gaming,1,47,376082,5001
IEocdnw-84E,IN,Gaming,1,38,344691,3706
IEujEQB6rT4,GB,Music,1,28,120869,5472
IFb0iTuiG8c,IN,Other,1,41,151807,590
IG-eByZdz6Y,GB,Movie/TV Trailer,2,2,16118595,327983
IG-eByZdz6Y,IE,Movie/TV Trailer,14,11,33698012,452209
IG-eByZdz6Y,IN,Movie/TV Trailer,3,2,19701374,360367
IG-eByZdz6Y,US,Movie/TV Trailer,2,7,16433358,330382
IGn3dnw4dS0,GB,Other,1,10,447319,3798
IHPmOOZg8ks,IN,Other,1,19,92027,457
IHXcFp0aYyI,GB,Other,1,30,102672,635
IHd3BU_UCSU,US,Gaming,1,40,259743,8172
II9LImomVak,IN,Other,1,29,295459,17126
IIL3XcjXEL0,GB,Other,1,6,419648,13819
IIL3XcjXEL0,IE,Other,3,15,758169,21215
IIL3XcjXEL0,US,Other,1,20,436453,14033
IIPwLOg_wWU,GB,Other,1,47,168277,17629
IImkLCKxAcs,GB,Other,2,1,154793,16547
IImkLCKxAcs,IE,Other,9,27,315662,22287
IImkLCKxAcs,US,Other,1,31,93790,13062
IK3xBC9jzFA,US,Other,1,20,342959,736
IKtJdJgSTCU,US,Other,1,28,0,0
IKu91aG5Lg8,IN,Other,2,19,551203,45326
ILRkPBaeFjY,IN,Gaming,2,6,1269722,84026
ILtpHTajqws,IN,Movie/TV Trailer,4,20,205571,3357
IM5HAjERbBU,IN,Other,1,32,65684,786
IMAnAT5fdUg,IN,Other,1,30,864952,26842
INE0WHvka2g,GB,Movie/TV Trailer,2,8,192866,2128
IO9wRwD6DL8,GB,Movie/TV Trailer,1,35,77847,395
IOYsSdRj2Mg,GB,Sports,1,47,197469,2669
IOZ9DJ3Mbso,US,Other,1,24,353905,19257
IOvzQteIKng,US,Other,1,46,75650,9804
IPaHv2sQASg,IE,Other,1,49,42066,2327
IQ7HkZ-Gun8,GB,Movie/TV Trailer,2,8,6434906,275905
IQ7HkZ-Gun8,IN,Movie/TV Trailer,7,2,10339217,330483
IQ7HkZ-Gun8,US,Movie/TV Trailer,1,40,4411672,230087
IQSo7ZZDEew,GB,Music,1,38,117702,20669
IQwGg1hwtX0,GB,Movie/TV Trailer,1,13,265578,12261
IQwGg1hwtX0,IE,Movie/TV Trailer,3,41,364971,15793
IRKzYypfMWI,GB,Movie/TV Trailer,1,11,56981,1785
IRKzYypfMWI,US,Movie/TV Trailer,1,11,58030,1799
IRPOlmaKpYA,GB,Other,1,45,1000835,43219
IRPOlmaKpYA,US,Other,2,11,1019534,43538
ISN0ZoOopu0,GB,Gaming,1,47,467100,28841
ISN0ZoOopu0,US,Gaming,1,17,506382,30449
ITPzxITngqA,GB,Movie/TV Trailer,2,5,701511,35794
ITPzxITngqA,US,Movie/TV Trailer,2,11,703401,35879
IThy7JyE_es,GB,Other,1,39,133678,3794
IThy7JyE_es,IE,Other,2,27,228763,5075
IUIMb7noDfs,GB,Gaming,1,19,208189,6973
IVH0umuNU-k,GB,Movie/TV Trailer,2,2,4617976,125235
IVH0umuNU-k,IE,Movie/TV Trailer,10,2,6390827,139854
IVH0umuNU-k,IN,Movie/TV Trailer,6,5,5985009,136628
IVH0umuNU-k,US,Movie/TV Trailer,1,20,3034653,107010
IVmfV-_s1zk,GB,Music,1,41,261882,30323
IW6UT0NY_ug,IE,Sports,2,26,1718163,11264
IW6ct9S4MYc,IN,Other,1,22,243548,13927
IWQ7GGZX6Do,US,Other,1,11,0,0
IWRH2Ve5Tz0,US,Sports,2,18,75098,7210
IWZxf2ZeJ0I,US,Music,1,13,77016,117
IWa8nIz7ZgI,IN,Other,1,50,61668,279
IWtjFfFX5KI,IN,Gaming,2,6,1002510,12734
IXMegs8NgS4,IN,Other,3,15,199779,1077
IYmOWCddQe4,IN,Gaming,1,41,466731,26814
I_w3L2UlEpU,IN,Gaming,2,9,1087815,3112
IavIsAZ4QeA,GB,Sports,1,18,527126,33439
IbUcrzkMuQw,IN,Other,3,12,788871,14930
IbXx9Um9QqM,IN,Other,1,3,3540472,94052
Icn2dOQfPaU,IN,Other,1,15,216353,771
IcyX97-ruuA,GB,Movie/TV Trailer,1,37,168541,3480
IcyX97-ruuA,US,Movie/TV Trailer,1,43,171951,3520
IdCOvnlNhw8,GB,Movie/TV Trailer,1,32,118234,5744
IdCOvnlNhw8,US,Movie/TV Trailer,1,20,120520,5816
IdhbuvOG1BY,US,Other,1,50,0,0
Idijzvw2fuc,US,Other,1,27,169960,6946
Ie2ldojY7DU,US,Other,1,41,0,0
Ie7tzFkwxLQ,US,Other,1,32,0,0
IeXv4Ix_rHc,IN,Other,1,42,364169,2543
Ig8pZ-jOY4g,GB,Movie/TV Trailer,2,11,140710,1660
Ig8pZ-jOY4g,US,Movie/TV Trailer,1,22,96982,1205
Igjm596R-6o,US,Other,1,28,130868,6351
IgxHNIzTtuw,GB,Other,1,48,59202,1470
Ih-OaokpOwU,IN,Other,3,4,736900,4756
IhT5WPeEbQo,US,Music,1,18,50305,4433
IhXThLoMwqA,GB,Movie/TV Trailer,1,22,89839,13523
Ii3hDya3vfU,US,Sports,1,25,0,0
IiRxD8UAi0g,GB,Other,1,49,29155,437
IiaY7oU3Pnw,GB,Other,1,38,339728,24547
IiaY7oU3Pnw,IE,Other,2,32,971720,47007
IiaY7oU3Pnw,US,Other,1,8,358123,25181
Ij8e4ZUaOrQ,GB,Other,1,42,185475,11684
Ik16YmvTHYs,GB,Other,1,24,142491,28301
IlFe6jzZnuc,US,Other,1,35,0,0
IlfN4iPmSkw,IN,Music,2,7,599047,4773
IlmQU_QbXoE,US,Other,1,21,0,0
ImgX0geKcGA,IN,Music,1,45,65157,2233
InXQ6p2VNt0,GB,Other,1,28,539102,7200
InaKWzw-Hfs,US,Music,2,31,277413,581
Ind-OIVDEIk,GB,Gaming,1,39,242087,10766
InhFFadB9WU,GB,Movie/TV Trailer,1,17,70326,3288
InhFFadB9WU,US,Movie/TV Trailer,1,20,71998,3315
IogOogZz5z4,GB,Other,1,6,915347,78793
IogOogZz5z4,US,Other,2,3,1759559,125029
IoluaiPGN1M,US,Other,1,31,0,0
IpJJ-TCTu0o,IN,Other,4,1,540407,3077
IpSbldiSqyI,IN,Other,3,9,1500139,33833
Iq_MswNWooI,US,Other,1,42,986459,8429
IrC4pf5in54,GB,Other,1,33,325045,17367
Iro6X_xeJlM,IN,Challenge/Stunt,2,23,719177,12638
IsBmRkH9KnU,IN,Other,1,41,357203,23470
IsqxDhzQYrY,GB,Movie/TV Trailer,1,8,244502,3781
ItXZAZtbH10,US,Other,1,32,243944,1544
Iu0Z2M_XzY4,US,Other,1,33,252719,6936
IufpX0FpH5c,GB,Other,1,34,464559,88495
IufpX0FpH5c,GB,Other,1,22,82691,35830
IufpX0FpH5c,US,Other,1,10,101461,39363
IvlYg7f1QmU,US,Other,1,30,0,0
Iw4jElLgVp0,IN,Sports,1,35,397742,1885
IwSAgIhoark,GB,Other,1,42,205267,3088
Iw_wvS3CFBg,US,Gaming,1,45,188516,7292
IwlxHjEEB0k,US,Music,1,7,308661,430
IxHMPN8uLZo,GB,Other,1,43,128489,5382
IxSbDgzr60I,US,Reaction,1,22,8444,1485
IxotB-rpkyI,IN,Music,3,15,732816,1911
Iy1HtOYYkKs,IN,Gaming,1,47,1285506,11484
IyN48-d0X28,GB,Gaming,1,9,641118,20168
IyN48-d0X28,IE,Gaming,1,30,641206,20171
IylFFjBbxyE,US,Movie/TV Trailer,1,31,21608,174
IynNT4JAFJM,GB,Music,1,1,185902,676
IzTbihTD2iE,US,Other,1,21,235461,9736
J0DU3P8s5m0,IN,Other,1,39,159590,2873
J1J18AunOGw,US,Other,1,27,0,0
J1NTwH-p-PU,GB,Gaming,1,27,129838,7634
J1tpJyqUYk0,US,Gaming,1,12,278422,2432
J2_LTIs_Qw0,IN,Music,3,13,578877,22656
J3TgsWknVxM,US,Other,1,29,52237,2320
J3cQAUkCt7s,US,Gaming,1,35,392283,24597
J3qMDqP49No,GB,Other,1,26,2341819,129534
J3qMDqP49No,IE,Other,4,23,6612600,249605
J3qMDqP49No,US,Other,1,8,2449464,133865
J4OjBKTjrXI,GB,Gaming,1,48,289998,6343
J4aa0o1TINs,GB,Sports,1,42,205436,3647
J6DYKe47eak,GB,Music,1,36,122383,575
J6JqW_4zcOc,US,Other,1,20,175081,7755
J7GBofx0pmc,IN,Reaction,1,43,29004,2687
J7vL5Gb-fEw,US,Other,4,1,125901,2292
J8Jt6OE-U38,US,Other,1,47,43368,630
J8yWaYAFmtU,IN,Sports,1,24,1217422,2240
J9-vnds90wQ,GB,Music,1,10,360277,2370
J9-vnds90wQ,US,Music,1,1,368877,2411
J9K0o5UBusY,IN,Other,2,21,615980,810
J9WqIlWawGA,IN,Other,1,35,180337,491
J9aBxXXYBzY,US,Other,1,35,129862,12713
JA-3JEZXAlM,IN,Other,1,41,73448,224
JBOkML4Ld9g,GB,Music,1,28,1200433,17439
JBOkML4Ld9g,IN,Music,2,10,4185802,49108
JBegEgtY7A4,GB,Movie/TV Trailer,2,8,153543,725
JBgbzet6-yY,US,Other,1,34,205526,8958
JCIYNOf7rW8,IN,Movie/TV Trailer,2,20,5390807,14865
JD2iSr2JWgM,GB,Other,1,23,61111,3462
JD2iSr2JWgM,US,Other,1,31,63960,3558
JDE9EqK1-5g,GB,Other,1,21,127142,3576
JDE9EqK1-5g,IE,Other,2,15,220736,4744
JDIusJK3Bfs,IN,Other,2,19,540223,990
JDJ89NbG_4E,IN,Movie/TV Trailer,2,32,178556,7590
JE-BKmQyFHM,US,Other,1,33,0,0
JEAAKTK45vk,IN,Other,1,42,143624,806
JEV3M_H8ngQ,IN,Other,1,39,52170,610
JEV4IvTDg4Y,IN,Sports,2,30,453370,4185
JEX33MF-yUo,GB,Movie/TV Trailer,1,16,156702,10838
JEX33MF-yUo,US,Movie/TV Trailer,1,25,159615,10952
JEk-RaOItb8,IN,Sports,1,14,395918,2162
JEvFcpUc2bI,IN,Other,1,46,159808,418
JFNDRafZUn0,US,Other,1,35,137027,14367
JFQcDFhNh4o,GB,Movie/TV Trailer,2,14,12336923,52242
JFQcDFhNh4o,IE,Movie/TV Trailer,16,2,15613479,104703
JFQcDFhNh4o,IN,Movie/TV Trailer,3,35,13340869,70284
JFQcDFhNh4o,US,Movie/TV Trailer,3,8,13371408,70993
JFTX3eOGvi8,GB,Other,1,26,223810,11629
JFTX3eOGvi8,US,Other,1,38,235255,11972
JFW4HF9YcT4,IN,Gaming,2,9,504251,17531
JFzLaXckaBU,US,Gaming,3,3,463671,2351
JG7YHuKmTtw,IN,Other,1,31,58139,679
JGDw-5VSswQ,US,Other,1,26,0,0
JGgiay3zfBE,GB,Sports,1,3,727986,10100
JGgiay3zfBE,IE,Sports,4,24,781521,10804
JGgiay3zfBE,US,Sports,1,8,730995,10156
JGrcACnk1xE,GB,Other,1,25,767677,4781
JHgNJ5O4FkY,IN,Other,1,43,299244,1234
JIqWi3gDgCc,IN,Sports,1,33,333323,5942
JJhAotH12lo,IN,Other,3,13,302747,807
JJhiSWGPCmo,US,Other,1,29,332079,13666
JK4gtf7DBKE,GB,Movie/TV Trailer,1,32,27760,136
JM7BmHU_bhE,US,Music,1,33,190218,14349
JMncZHRrIBY,IN,Music,3,7,545828,75833
JNZcyEgMGoQ,IN,Music,2,19,272924,991
JNtORV0CVtI,GB,Other,1,11,185781,4770
JOGTK0xyxlM,IN,Other,1,37,94168,5321
JOsX5LIKS4g,IN,Other,1,33,661115,12416
JOy6CleumF8,IN,Gaming,1,42,2313138,14205
JP7HFV9UE3A,US,Other,1,42,45473,2349
JPBuRIQvgEE,GB,Other,1,12,440158,6271
JPBuRIQvgEE,IE,Other,3,24,785372,8977
JPBuRIQvgEE,US,Other,1,28,453596,6372
JQ7gGQe8PfQ,IN,Sports,1,39,111021,2582
JQBCujaloDw,US,Other,1,47,158707,7536
JQmmy3iyOjI,GB,Other,1,46,56824,4975
JRG244IfrRE,GB,Movie/TV Trailer,2,5,4728170,33359
JRG244IfrRE,IE,Movie/TV Trailer,5,17,11612868,44920
JRG244IfrRE,IN,Movie/TV Trailer,3,17,7177313,40241
JRG244IfrRE,US,Movie/TV Trailer,2,2,4827102,33777
JTkTA9uGC9U,GB,Movie/TV Trailer,1,13,68313,2135
JTkTA9uGC9U,US,Movie/TV Trailer,1,7,69846,2161
JTwLps7ryo8,GB,Sports,1,3,523937,17671
JTwLps7ryo8,IE,Sports,1,44,524469,17685
JTwLps7ryo8,US,Sports,1,8,529082,17752
JUXTNpPCLYM,IN,Other,1,42,121067,5280
JUdI3ntSZfU,IN,Gaming,1,36,135325,3391
JVDyYdfgZtg,GB,Reaction,1,47,142794,6953
JVDyYdfgZtg,US,Reaction,1,37,147015,7064
JVzpBV6CoQE,GB,Other,1,12,333619,22436
JVzpBV6CoQE,US,Other,1,47,348400,23127
JWKFW8CpE-c,GB,Other,1,44,133183,1637
JWMnnwtF-mE,IN,Other,1,39,38650,376
JWPtOfZUYak,GB,Other,1,46,209778,6886
JWbw9UUV0A4,US,Other,1,44,333849,1573
JXp-DzcXXuE,GB,Other,1,9,718170,74495
JXp-DzcXXuE,IE,Other,5,12,2438730,163173
JXp-DzcXXuE,US,Other,2,9,1506995,121437
JZ5WgeJu_ZI,GB,Other,1,9,738416,46509
JZ5WgeJu_ZI,IE,Other,2,36,1520654,76438
JZ5WgeJu_ZI,US,Other,2,9,1293545,69320
JZ7xjvGat24,GB,Other,1,40,332378,17986
JZ7xjvGat24,US,Other,1,47,339801,18172
JZnRgxaT6FI,US,Gaming,1,47,241858,13627
J_dV1Zk6m-0,US,Other,1,16,28016,78
J_d_Q3pTYcc,GB,Other,1,13,7324580,49655
J_d_Q3pTYcc,IN,Other,5,1,18900062,138988
J_iLi30DOJ8,GB,Sports,1,21,201190,3179
J_iLi30DOJ8,US,Sports,1,45,203622,3205
Ja-URwYWGFI,IN,Sports,2,46,383968,23165
Jb2LBG5qa88,GB,Movie/TV Trailer,1,50,61557,2763
JbDDZO5IBq0,IN,Gaming,1,24,356515,1353
JbLUoTT9wAM,US,Movie/TV Trailer,1,43,172719,8992
Jbdj5qtpveo,US,Other,1,23,343745,11534
JdM39bSS-JY,GB,Movie/TV Trailer,1,5,132750,14458
JdRkuY9lg8M,GB,Other,1,34,107146,634
JdnLPtMIkSA,IN,Gaming,2,6,1486649,22986
Je9SLyqRtc0,GB,Movie/TV Trailer,1,35,129731,7507
Je9SLyqRtc0,US,Movie/TV Trailer,2,44,268483,11901
Jeq1950EhsM,US,Movie/TV Trailer,1,47,132397,8630
Jf88qN56Lfg,IN,Gaming,2,32,303833,970
JfFr292u4q0,US,Reaction,1,47,134609,8407
JffHTWti1es,GB,Other,1,1,2684372,171769
JffHTWti1es,IE,Other,19,4,13407712,332742
JfozPo2L7xQ,GB,Gaming,1,33,5039564,238335
JfozPo2L7xQ,IE,Gaming,1,42,5042870,238499
JfozPo2L7xQ,US,Gaming,1,27,5104044,239478
JgG9lVAA_lU,US,Other,1,49,431535,4643
JhNAign9Vb8,IN,Other,2,48,908934,29998
JhdPtlg7rps,GB,Movie/TV Trailer,1,43,27773,610
JiEd-USDNAM,US,Sports,1,12,0,0
JjT7hGTRr1E,GB,Movie/TV Trailer,2,5,1635383,37824
JjT7hGTRr1E,IE,Movie/TV Trailer,6,8,2069147,44667
JjT7hGTRr1E,US,Movie/TV Trailer,2,7,1644911,37944
Jjm3dVWRyS8,GB,Other,1,49,128400,11565
JjpJ2xwUagM,GB,Movie/TV Trailer,1,8,272090,24131
JjpJ2xwUagM,US,Movie/TV Trailer,3,5,667667,36760
JkNAgGPL228,GB,Other,1,3,763926,22760
JkNAgGPL228,IE,Other,1,42,764557,22777
JkNAgGPL228,US,Other,1,17,770790,22867
JkemX-oeVC0,IN,Gaming,1,21,398213,4692
JkzXZw1mZIc,IN,Movie/TV Trailer,2,19,2275126,11083
Jl9e5mSvOwo,IN,Gaming,1,38,1469175,7035
JlB4Nq5YTH4,IN,Other,3,12,556111,2205
JlMcJVemUJs,IN,Gaming,1,30,663733,8078
JlWIrxbpF5I,IN,Other,1,42,336375,909
JmjGx1t545g,GB,Other,2,7,67153,3286
Jnw_w6lBLBQ,GB,Music,1,31,16303,2116
JpVl_-1YgIo,GB,Movie/TV Trailer,2,2,19546891,357101
JpVl_-1YgIo,IE,Movie/TV Trailer,11,11,25220435,426663
JpVl_-1YgIo,IN,Movie/TV Trailer,4,2,22481640,388319
JpVl_-1YgIo,US,Movie/TV Trailer,1,5,10390121,300243
JqERxvd6pgo,GB,Music,3,4,233611,13091
JqERxvd6pgo,IE,Music,4,46,283981,13896
JqXMjDhjies,IN,Movie/TV Trailer,1,35,31949,2821
JqZYvzTSUmI,IN,Gaming,1,27,244063,6531
JqwdEtBN_mI,GB,Movie/TV Trailer,2,22,279907,5547
JqyvzRYaH2A,GB,Movie/TV Trailer,3,20,218129,13909
JqyvzRYaH2A,US,Movie/TV Trailer,3,29,218435,13919
Jr7nFTGcfsw,US,Other,1,26,48061,3578
JrEG_0aTz9o,GB,Other,1,27,271606,7679
JrEG_0aTz9o,US,Other,1,31,283657,7801
Jrg1N6fYy2c,IE,Other,11,7,7547236,77271
Js7PKsarC5Q,GB,Movie/TV Trailer,3,5,2447309,153673
Js7PKsarC5Q,IE,Movie/TV Trailer,15,5,7368572,307195
Js7PKsarC5Q,US,Movie/TV Trailer,4,2,3528996,201292
JsS7DPlED7g,GB,Music,1,43,86403,3545
Jsr9Z65Lwlo,GB,Other,1,39,104645,6589
JtTLApGjP9A,GB,Other,1,39,198818,8132
JtTLApGjP9A,US,Other,1,41,212990,8459
JtjlxdoNK7E,IN,Gaming,1,14,1717689,4295
JubTYY7NHHE,IN,Music,4,10,715969,33041
Jusq2Bp4xhI,GB,Other,1,43,19095,1156
Juw6osA991o,US,Gaming,1,38,238595,12114
Jw6EiuxoZK0,IN,Gaming,1,24,710192,6732
JxLI-yLgjKQ,IN,Gaming,1,48,1011795,2664
JxYlxNWvH7s,IE,Other,2,44,1541442,85974
Jxgbfc89hNI,GB,Other,1,10,1075506,105734
Jxgbfc89hNI,US,Other,1,13,1107817,107414
JyQDspsNfAo,GB,Other,2,6,216117,3764
JyQDspsNfAo,IE,Other,7,15,308673,4401
Jz3VCLekQIM,IN,Other,2,14,270165,671
JzNx49XjWsc,US,Other,1,21,0,0
JzyzhBe3GzE,GB,Other,1,23,303003,8294
JzyzhBe3GzE,IE,Other,1,45,304405,8313
K0G7jODNtEo,GB,Music,1,31,103467,9334
K0KZKPOcpi8,GB,Other,1,22,4689,578
K0M9dv8pzB8,US,Other,1,7,109460,3327
K0nucMMqhS0,US,Other,1,34,191127,8523
K0v3RS-8ZWM,GB,Other,1,36,101212,1307
K2Iz4vudW7I,GB,Movie/TV Trailer,2,23,382931,4357
K2Iz4vudW7I,US,Movie/TV Trailer,2,37,388088,4414
K327tNc78Cg,US,Other,1,12,273515,12337
K3K7VbJUzKs,IN,Other,1,44,80238,523
K3oS-NDI_6g,IN,Gaming,1,36,126580,1709
K4B7vIkWdPE,US,Other,1,44,0,0
K4NVqEXFFoY,GB,Movie/TV Trailer,2,8,438476,16947
K4NVqEXFFoY,IE,Movie/TV Trailer,6,23,616082,20929
K4NVqEXFFoY,US,Movie/TV Trailer,2,8,441297,17018
K4QGWi6iSoM,GB,Other,1,30,167510,19059
K4SOWh5QmnY,GB,Other,1,35,405035,7343
K566T3iLrjI,GB,Other,1,42,224808,673
K56sgt3eyyg,US,Other,1,44,0,0
K59Yve6nRNU,IN,Gaming,2,24,632689,13351
K5XhHzKglIo,US,Movie/TV Trailer,1,31,110489,3337
K6VCPBjvgMg,US,Other,1,9,179226,7725
K6mfzK3XCfE,US,Other,1,33,0,0
K77ECSUUhjg,GB,Other,1,40,101865,3847
K7LPIDsMtpQ,GB,Other,1,40,122574,9078
K7zPAPQcp0o,IN,Other,2,22,628972,25120
K86NwwR1T98,IN,Music,1,48,217352,14819
K8cY6UwFAxo,IN,Other,1,40,139913,578
K94Oczcbw6A,GB,Other,1,29,259647,4156
K95-zanNc00,GB,Other,1,34,93331,1763
K9T6ASpDtVI,GB,Other,1,49,91513,9895
KALueotUJPQ,GB,Other,1,35,359965,4539
KAmbgsQwML0,IN,Other,1,40,248208,1370
KBcAwNtyasY,IN,Other,2,36,347361,842
KBuLGD72S_c,GB,Other,1,49,1171865,27844
KBuLGD72S_c,US,Other,2,8,1185383,28027
KC0XxaNl4dA,IN,Sports,1,43,158911,2498
KChyOsjqmfM,GB,Other,1,36,1200891,267956
KChyOsjqmfM,IE,Other,1,43,1202028,268098
KClczMRZPgE,GB,Other,1,29,320768,6074
KClczMRZPgE,US,Other,1,48,337499,6229
KESV17SETXk,US,Movie/TV Trailer,1,49,20766,2182
KFHWipRW5uA,IN,Other,1,45,23770,509
KFSbkgd2pq4,GB,Other,1,44,77565,2272
KFXC8PwYkpI,US,Other,1,25,0,0
KG59TXn8lkw,GB,Gaming,1,47,612751,11577
KGNVYGi82PU,US,Other,1,12,338868,22539
KHlJxCfoXfc,GB,Music,1,30,33635,3601
KHlJxCfoXfc,US,Music,1,27,34817,3677
KIhxSdHzCFQ,GB,Other,1,33,259439,1826
KJx7ziF9lkM,IN,Other,3,12,1486395,29172
KKNjqe-op9o,IN,Sports,2,12,1188491,123686
KKg6-tjucoc,GB,Other,1,30,181744,9079
KKjOy-LAT-E,US,Other,3,4,741863,5706
KLGKbIj3IhE,US,Other,1,49,0,0
KLNPrppB2Wk,IN,Other,1,48,243912,713
KLtLIeUPdaw,IN,Other,2,13,193683,831
KM7xs3CGv_4,GB,Music,2,4,26062,1623
KMPf5HB4rvM,GB,Music,1,21,35207,4253
KMgcEOl7csY,IN,Other,1,39,276945,2031
KMmfUmZKoak,IE,Gaming,1,45,2015001,23327
KN4kDDBBo1I,US,Sports,1,37,0,0
KNDdjhOd9bg,GB,Music,1,1,7298,758
KNU0vaNssAs,GB,Other,1,33,191147,18897
KNYs8-sHJ3s,GB,Movie/TV Trailer,1,26,68913,3185
KNYs8-sHJ3s,US,Movie/TV Trailer,1,5,72902,3307
KOBl7FB8GrA,US,Sports,1,36,163601,12832
KOFClWlYADU,GB,Movie/TV Trailer,1,17,194607,4872
KOFClWlYADU,US,Movie/TV Trailer,1,11,196860,4903
KOaKK4rX0u4,US,Other,1,29,0,0
KOlt9D77Dc4,IE,Other,14,22,184775,8278
KQHild2yHuA,US,Sports,1,35,0,0
KQardskbvck,GB,Gaming,1,43,370165,25806
KQsT2MdKHSA,IN,Gaming,1,27,479654,1015
KQv6mbj8JYc,US,News,1,47,0,0
KRtVC8NBGgA,IN,Gaming,1,3,1524442,5720
KSBe_syXcs8,GB,Other,1,23,483636,7530
KSBe_syXcs8,US,Other,1,41,499031,7731
KSLnrA_1hIY,IN,Movie/TV Trailer,1,37,106957,3234
KTGA--_Uvk4,IN,Movie/TV Trailer,2,40,300529,1706
KTryzn_0Bd4,US,Other,1,29,177962,1198
KU-uLjHtP4w,GB,Movie/TV Trailer,1,26,132201,4861
KU-uLjHtP4w,US,Movie/TV Trailer,2,14,253090,7383
KUUFpLjShLU,GB,Music,1,1,24152,1525
KUXpHg9GQUE,IN,Other,2,4,269683,831
KV3EYDxMrvA,GB,Movie/TV Trailer,1,14,1208093,54502
KV3EYDxMrvA,IN,Movie/TV Trailer,4,2,2219752,72771
KV3EYDxMrvA,US,Movie/TV Trailer,1,22,1230794,55004
KWDHSAFZ_m0,GB,Movie/TV Trailer,1,32,27577,1300
KWoTyfPsqbE,IE,Music,12,4,23361837,822968
KXTEEuBnSP0,GB,Movie/TV Trailer,1,34,86040,1073
KXVBMZvcUs4,IN,Other,1,37,175752,932
KXVHlwXUxAI,GB,Movie/TV Trailer,1,41,205343,14702
KXVHlwXUxAI,US,Movie/TV Trailer,1,23,211031,15025
KXs2zgqLpVk,IN,Music,3,18,939874,8011
KYQ65T9aUro,GB,Movie/TV Trailer,1,41,55931,608
KZUonraEzhI,GB,Movie/TV Trailer,1,50,29742,2443
KZrU4hPaEak,IN,Other,1,34,122508,10578
K__ETRVdSrw,GB,Movie/TV Trailer,1,26,57683,4224
K_lT6Fa5HyU,GB,Movie/TV Trailer,1,7,80976,3307
K_lT6Fa5HyU,US,Movie/TV Trailer,1,13,84365,3377
K_nPkP9Is-k,IN,Other,3,7,1181198,75396
KaAE9a4mvjU,US,Other,2,1,376484,23024
Kab7IN1lCyA,US,Other,1,24,269396,471
KaemxSTnlxA,IN,Music,2,21,186242,0
Kc3MeC5xoxE,GB,Gaming,1,3,1221275,17653
Kc3MeC5xoxE,IE,Gaming,2,17,1357194,18903
Kc3MeC5xoxE,US,Gaming,1,5,1228393,17705
KcncIkLJfy4,US,Other,1,42,0,0
Kcs-4EZSUW0,GB,Other,1,13,40647,5000
Kcs0GjQiQAI,IN,Other,3,10,1422386,17800
KdIH7zkjrXE,GB,Other,1,15,117196,3334
KdQcVFRKZgw,US,Other,1,48,151712,9000
Kdsnlv55pZE,IN,Other,2,9,937410,57729
KeO7gOnIX34,GB,News,1,47,352192,7068
KeW11bUaziY,IN,Gaming,1,45,550642,9785
KeqorE4kpLQ,GB,Movie/TV Trailer,1,50,20971,1366
KewIbcv3MFc,IN,Other,1,36,230084,1010
KewgFVtqZlY,GB,Other,1,24,57071,3889
Kf11-GIUosY,US,Other,1,43,0,0
Kf3c53eX7Lg,GB,Movie/TV Trailer,2,2,2311079,79074
Kf3c53eX7Lg,IE,Movie/TV Trailer,10,5,3259600,83631
Kf3c53eX7Lg,US,Movie/TV Trailer,3,2,3154010,81499
KfHbj_fY9Vo,GB,Movie/TV Trailer,2,11,234364,5056
KfHbj_fY9Vo,US,Movie/TV Trailer,1,5,170609,3941
Kg0hqrhesmU,US,Other,1,29,0,0
KggQ9jKk3s0,IN,Gaming,1,39,177595,1799
Kgp9iOHxrFw,GB,Movie/TV Trailer,1,20,185534,12311
Kgp9iOHxrFw,US,Movie/TV Trailer,1,31,188468,12402
KhXXqdQT0gw,GB,Movie/TV Trailer,1,14,1295144,45136
KhXXqdQT0gw,IN,Movie/TV Trailer,4,2,2774379,73172
Ki_uQEat3bc,GB,Gaming,1,47,215782,5869
Kia1yhYyG_U,GB,Other,1,27,119458,8643
KjXRN6cvG24,US,Sports,1,25,0,0
Kjs_u_1hcog,IN,Movie/TV Trailer,4,2,360699,6942
KjtKaYyGDyA,GB,Movie/TV Trailer,1,20,44024,1811
KjtKaYyGDyA,US,Movie/TV Trailer,1,2,46527,1865
KjvtSzNCLzE,IN,Gaming,1,44,431449,2876
Kk6rH2qLbJc,US,Other,1,42,277470,16729
KkCwpQDk5dQ,GB,Movie/TV Trailer,2,5,401033,7346
KkCwpQDk5dQ,IE,Movie/TV Trailer,1,47,271164,5841
KkCwpQDk5dQ,US,Movie/TV Trailer,1,8,280415,5937
KkDHSWq7XGw,GB,Other,1,7,148473,13912
KkZNf_tBndI,IN,Other,2,9,2028763,157146
Kly9gxvPgKQ,GB,Other,1,12,267884,6926
Kly9gxvPgKQ,US,Other,1,14,285939,7042
KlyNjng1SjU,GB,Movie/TV Trailer,1,11,75098,2221
Km1JIDr_tic,US,Gaming,1,50,92171,2903
KmJiUDL7ekk,GB,Other,1,17,972094,34591
KmJiUDL7ekk,IE,Other,7,12,3887681,84965
KmJiUDL7ekk,US,Other,1,20,1018691,35912
KmUGSFawZCM,IN,Other,1,32,179030,1245
KmVPbI287DY,US,Other,1,39,199646,9424
KmsKMCdR6Q8,GB,Movie/TV Trailer,1,14,211039,2987
KoBUE6I4R9I,IE,Music,7,25,1530302,58449
KoBm2LMWN0Q,GB,Other,1,18,327572,8129
KoCtonlNs6Q,GB,Other,1,37,148270,1900
KpzGoXmEFNw,GB,Other,1,33,242070,9288
KqwE5dDvpWY,IN,Music,1,42,950350,12909
Kr8xlhBkj3E,GB,Other,2,1,687084,58546
Kr8xlhBkj3E,IE,Other,8,21,1705026,78651
Kr8xlhBkj3E,US,Other,2,4,695352,58783
KsDcjdMrBzw,IN,Gaming,1,17,640906,43169
Ks_VD4xy8ow,GB,Movie/TV Trailer,3,2,1917202,44391
Ks_VD4xy8ow,IE,Movie/TV Trailer,10,2,2040772,44810
Ks_VD4xy8ow,IN,Movie/TV Trailer,2,17,1653544,41176
Ks_VD4xy8ow,US,Movie/TV Trailer,2,2,1662665,41315
KtflsLnPqOU,IN,Gaming,2,15,920617,11798
KuruPuIO_8g,IN,Gaming,1,47,757573,2491
KuruPuIO_8g,US,Gaming,1,30,757619,2491
KvsaJahNn8I,IN,Music,3,13,472577,15778
Kw6WEgN7ueo,IN,Sports,1,47,193746,1898
KxUQWk0p7zk,GB,Movie/TV Trailer,2,11,1859993,43138
KxUQWk0p7zk,IN,Movie/TV Trailer,6,2,2420493,48522
KxUQWk0p7zk,US,Movie/TV Trailer,1,14,1290504,35254
KxfDKXR4tvo,GB,Sports,3,3,2747231,96941
KxfDKXR4tvo,IE,Sports,19,3,4341419,123772
KxfDKXR4tvo,US,Sports,1,15,894619,46950
Ky6j_RYigZ0,IN,Movie/TV Trailer,1,35,41760,2248
L-jNsfP6dnk,GB,Music,2,16,53481,161
L-y_9oIOn4Q,US,Other,1,9,0,0
L05OTaHi42M,GB,Movie/TV Trailer,1,25,34714,4003
L05OTaHi42M,US,Movie/TV Trailer,2,10,74516,6775
L0Uqm9JbWRo,US,Sports,1,45,0,0
L0nR71KnW6k,IN,Gaming,1,45,147486,2028
L0orTUPl31Y,GB,Other,2,10,45943,3344
L1BNqeHr5Lk,US,Sports,1,23,0,0
L22Ck8dlEUU,GB,Other,1,38,392722,6376
L22Ck8dlEUU,US,Other,1,23,401971,6446
L24CYVpQ-LI,GB,Movie/TV Trailer,2,5,827101,21953
L24CYVpQ-LI,IE,Movie/TV Trailer,7,20,1743347,30385
L24CYVpQ-LI,US,Movie/TV Trailer,2,2,832661,22079
L30x6-Tbby0,US,Music,1,35,29738,2675
L3HktAZLh1g,US,Other,1,33,61985,1979
L5JL5ou-hrQ,GB,Sports,1,15,367663,4995
L5JL5ou-hrQ,US,Sports,1,39,385005,5095
L5RRFMPKpbs,IN,Other,2,19,277662,678
L5TWBGr6oNw,GB,Other,1,9,561485,4381
L5TWBGr6oNw,IE,Other,2,35,570680,4425
L5TWBGr6oNw,US,Other,1,21,562798,4391
L5Z-1JlL5ss,GB,Other,1,27,618126,42774
L5Z-1JlL5ss,IN,Other,3,4,1506280,58908
L5y9R-7hHOw,GB,Other,1,3,1105631,46141
L5y9R-7hHOw,IE,Other,6,11,1203321,46878
L5y9R-7hHOw,US,Other,2,3,1170091,46576
L6Jj6ziW4Vw,IN,Other,1,33,79396,2865
L6LippyCtfs,IN,Movie/TV Trailer,3,14,370514,8220
L6YXc3JSE5Y,US,Other,1,39,0,0
L6aovNAS4Uk,IN,Other,1,34,855568,18732
L7iXoq0gm5o,US,Other,1,6,0,0
L8hZyG7wP6o,GB,Sports,1,45,50746,5755
L8hZyG7wP6o,US,Sports,2,18,100343,8638
LACXq3d0RTI,GB,Gaming,1,8,49551,1642
LAnNKMw0jfY,IN,Other,1,24,1065910,17682
LBhcqYqeu0U,IN,Other,1,44,858558,27279
LBsQ9IhaloQ,GB,Music,1,31,909306,22561
LCBhBQkdRaI,IE,Movie/TV Trailer,5,10,455405,6274
LD3RDmMkI54,IN,Movie/TV Trailer,2,26,196266,9749
LEYwUo6qAsU,GB,Other,1,7,115187,13700
LFJJA8Qeqz4,GB,Movie/TV Trailer,2,11,1199128,91014
LFJJA8Qeqz4,IE,Movie/TV Trailer,8,23,1770401,111278
LFJJA8Qeqz4,US,Movie/TV Trailer,2,8,1208611,91395
LFcQGl2qOpI,IN,Other,1,24,56246,533
LGlOWGFkrUY,IN,Movie/TV Trailer,1,46,70551,2401
LGzuTw5mK7I,IN,Gaming,1,44,132004,18712
LHvIWeFJof0,US,Other,1,27,315691,9751
LI5zgcZU3X4,GB,Other,1,21,189965,4142
LI5zgcZU3X4,US,Other,1,40,196222,4179
LIEOXiEAq5E,GB,Movie/TV Trailer,1,34,904460,176181
LIEOXiEAq5E,US,Movie/TV Trailer,1,47,916025,178071
LJLxDuoZsEI,IN,Movie/TV Trailer,1,46,16627,545
LJTZXZWxEAY,US,Other,1,46,598793,57643
LJrYwIrwl14,IN,Music,3,4,1758285,169908
LJrYwIrwl14,IN,Other,2,16,2565105,202088
LK6GavkJCig,IN,Other,2,33,371545,1570
LKhvHhIbyEk,IN,Movie/TV Trailer,2,46,42710,3281
LKliLSLvsWA,US,Other,1,30,126260,2467
LL82MKa0FZQ,GB,Other,1,45,595049,11706
LLmHHIER7ic,GB,Other,2,43,325102,23186
LLmHHIER7ic,US,Other,2,3,328785,23304
LLoOe825fz4,IN,Other,1,43,113574,1137
LM3xe07CeY4,GB,Other,1,18,322917,6205
LM3xe07CeY4,US,Other,1,30,326976,6274
LMGLmqSn-pA,US,Other,1,38,145739,4591
LMqEukKtc10,IN,Gaming,1,20,1212188,3763
LMqf1wR-AO4,IN,Movie/TV Trailer,1,7,465166,7542
LN1vb99i6f8,GB,Challenge/Stunt,1,6,350915,10625
LN1vb99i6f8,IE,Challenge/Stunt,2,26,475835,12928
LN1vb99i6f8,US,Challenge/Stunt,1,17,357629,10780
LNC3PRMtlaI,GB,Music,1,37,424999,6455
LNlljMckjhI,GB,Gaming,1,6,552287,49045
LNlljMckjhI,IE,Gaming,3,29,1003383,72480
LNlljMckjhI,US,Gaming,1,11,569905,50086
LOA65C93_t4,GB,Movie/TV Trailer,1,29,84672,1917
LOA65C93_t4,US,Movie/TV Trailer,1,40,85155,1924
LOV4MqohSls,GB,Other,1,9,174413,4943
LOV4MqohSls,IE,Other,7,11,617636,12280
LPgLQU31_bw,GB,Other,2,6,782720,36257
LPgLQU31_bw,US,Other,1,19,460396,25944
LQ6TSoh-_z0,US,Other,1,3,0,0
LQSGTvsM7aU,US,Other,1,29,308227,8046
LQxFzzFdZGU,IN,Gaming,1,9,931180,12591
LR7_lBoMY2k,US,Gaming,1,39,146044,3092
LSYaKjXJDUg,US,Other,1,37,531793,21942
LTA6sHzy5Ks,IN,Other,1,45,303690,18453
LTDLhyT9PNo,IN,Other,2,3,6095105,165449
LU6UsOPtq58,GB,Movie/TV Trailer,2,11,502059,26958
LU6UsOPtq58,US,Movie/TV Trailer,2,8,505434,27054
LUC9Erqssoo,US,Other,1,16,91305,1312
LUaop2KaY5Q,IN,Music,1,41,159353,416
LUiwSf2TI4w,US,Other,1,37,0,0
LUtZSkTqnww,GB,Gaming,1,45,55815,2639
LUwc54-141U,IN,Gaming,1,35,277704,3160
LVcbpFaGc_o,GB,Other,1,36,958239,60624
LVcbpFaGc_o,US,Other,3,15,1762603,83913
LWhtyP-jHiQ,US,Other,1,6,0,0
LWy8YJMOWuU,GB,Other,2,6,4035357,235264
LWy8YJMOWuU,IE,Other,6,6,7345373,334479
LWy8YJMOWuU,US,Other,2,3,4095090,236842
LX2zshAgECQ,GB,Other,1,10,3553746,56149
LX2zshAgECQ,IN,Other,3,4,9396866,128942
LZ8Vlsdy7EM,US,Other,1,46,0,0
LZNc4AcdBZA,US,Challenge/Stunt,1,47,95205,1748
LZQTDOqZ59o,GB,Gaming,1,39,288008,4069
LZQTDOqZ59o,US,Gaming,1,45,299968,4167
LZ_twHdzZdc,US,Other,2,16,97738,7236
L_0DBM1oGeU,GB,Sports,1,36,227699,3781
L_0DBM1oGeU,US,Sports,1,42,234454,3848
L_VvwekYwp8,GB,Movie/TV Trailer,1,7,2628239,224241
L_VvwekYwp8,IE,Movie/TV Trailer,1,22,2632130,224375
L_VvwekYwp8,US,Movie/TV Trailer,1,7,2651272,225248
L_f_n_2JhCM,GB,Movie/TV Trailer,1,41,75695,1248
L_f_n_2JhCM,US,Movie/TV Trailer,1,38,77685,1261
L_gOhOK0xbo,GB,Other,1,30,82453,4471
L_v9L1eXk2Y,IN,Movie/TV Trailer,2,8,392372,7868
LaWrDnPqFLI,GB,Music,1,46,207447,228
LadWmj-dD14,IN,Gaming,1,44,163691,2525
Lak2uqpCtFM,IN,Other,3,7,854668,3074
Lb9hkW9o8gQ,US,Sports,1,39,0,0
LbDWxulBUnw,GB,Other,1,23,161658,1805
Lbxw9Q3YmMw,IN,Movie/TV Trailer,4,19,277232,12172
Ld22MTWZyLc,GB,Movie/TV Trailer,1,8,272464,7537
Ld22MTWZyLc,US,Movie/TV Trailer,1,16,275874,7587
LeMsWtecgDI,IN,Other,4,4,1951575,2275
LeofP3zKODs,GB,Other,1,18,163020,11756
LeofP3zKODs,IE,Other,3,18,368511,17654
LeofP3zKODs,IE,Other,4,21,471540,19646
LfWZuPfykyk,US,Gaming,1,45,229410,11447
LhID8kZbP-s,GB,Other,1,27,379247,32077
LhID8kZbP-s,US,Other,1,12,401793,33098
LhtMcJpTN_M,GB,Other,1,21,369298,46409
LiYb4WGbp5Y,GB,Music,1,19,104588,11394
Lj8D96I87ig,US,Other,1,45,0,0
LjYaHVUo7ys,GB,Other,1,16,20648,2887
LlSJSoFf-x4,IN,Gaming,1,36,238259,5432
Llvzqig3e3I,IN,Gaming,1,29,346195,5620
LmKxRzUUANY,US,Music,1,22,26302,2116
LnEJdJtKxlI,US,Other,1,29,250022,17812
LpN2RavI5C8,GB,Movie/TV Trailer,1,44,1590383,46294
LpN2RavI5C8,IN,Movie/TV Trailer,2,14,1592917,46340
LpN2RavI5C8,US,Movie/TV Trailer,1,5,847725,33610
LpOrutDy7Hs,US,Other,1,6,0,0
LpdUtRTxWAM,GB,Movie/TV Trailer,1,43,63227,4603
LpdUtRTxWAM,US,Movie/TV Trailer,1,28,64167,4645
LpeTPsBS_Sg,US,Gaming,1,45,252558,8024
LpkEwVs4jSc,US,Gaming,1,45,168017,3220
LpvAPMEBjXY,GB,Music,1,38,42123,178
LqDso41wwss,GB,Other,1,3,1165940,8339
LqDso41wwss,IE,Other,2,12,1176601,8339
LqDso41wwss,US,Other,1,6,1166186,8337
LqkTMDP3aUA,IN,Music,3,7,726471,3580
LrE3QrO58QE,US,Other,1,44,290246,11355
LrTFMpGGF0I,IN,Movie/TV Trailer,2,20,164569,5475
LruIRarMlng,GB,Music,1,33,92702,455
Ls4SsVsvy_E,GB,Other,1,30,219620,13179
Ls4SsVsvy_E,US,Other,1,12,228152,13451
LsubNKJ-emA,IN,Other,1,34,751086,3485
LtR7ToJ6bSU,IN,Gaming,1,47,281022,2794
LuSX5QPhBww,IN,Gaming,1,34,362435,5801
LvcGF2WT6kE,IN,Other,1,45,330518,25506
Lw2JdhYjGQ8,IN,Movie/TV Trailer,2,20,131598,3982
Lx9vuPJs9Ww,GB,Movie/TV Trailer,1,10,1023066,34115
Lx9vuPJs9Ww,IN,Movie/TV Trailer,5,2,3030229,65809
Lx9vuPJs9Ww,US,Movie/TV Trailer,1,19,1058790,36101
LyA6OOxx5sM,GB,Other,1,30,353955,7320
LyA6OOxx5sM,US,Other,1,29,356127,7349
LybM_FBqepA,US,Movie/TV Trailer,1,19,62551,3496
LzSPY0YFbKg,IN,Other,3,7,1433916,90052
Lzy7Z6eCpmk,IN,Music,1,36,221043,1397
LzyAj6Q2b0w,IN,Music,3,10,1081278,42299
M-uD2nv2KAI,GB,Other,1,45,85573,4167
M0MJTaAjCN0,IN,Movie/TV Trailer,2,40,133202,2797
M0f6SPA3sm0,IN,Other,1,28,22572,180
M1NTR6q1TwE,GB,Gaming,1,48,180105,9784
M1XhBLMc7_M,IN,Other,1,37,176004,1089
M1w0QAE7vyY,IN,Movie/TV Trailer,2,17,465218,5912
M2uGQxnU1SY,IN,Other,3,9,2076766,68635
M4TK-wAwPlE,US,Other,1,42,179794,15141
M5Hy3BF3d4Y,GB,Movie/TV Trailer,1,8,184630,6237
M5Hy3BF3d4Y,IE,Movie/TV Trailer,3,44,318471,9472
M5Hy3BF3d4Y,US,Movie/TV Trailer,1,11,189514,6347
M5J1TAh9V20,US,Other,1,38,0,0
M5vxJpSsM_M,GB,Movie/TV Trailer,1,26,457144,37236
M5vxJpSsM_M,US,Movie/TV Trailer,2,14,670058,43939
M6kpI3XZR1k,US,Reaction,1,16,12928,574
M7M9zF-nQCA,GB,Gaming,1,33,475515,8293
M7M9zF-nQCA,US,Gaming,1,9,528510,8420
M7rY72AGqfo,US,Sports,1,26,118724,4390
M8Z87Vg06kU,US,Gaming,1,48,111069,6082
M955A4EN2kw,IN,Other,1,48,229440,564
M98mD487Xi8,IN,Sports,1,32,113979,6057
MAvYbgQA1PA,US,Other,2,9,0,0
MBe4lW2w7-4,IN,Challenge/Stunt,2,18,766963,9570
MBgBF6UeWS0,GB,Other,1,43,293286,3645
MBpb6lQpIqE,GB,Music,1,15,101736,4342
MClkh44dN_E,IN,Other,3,22,133576,923
MDi_QIdJdtU,US,Other,1,27,0,0
ME9H58X716c,US,Other,1,37,89001,899
MEoxtFRfPoc,GB,Other,2,16,3040460,773033
MEoxtFRfPoc,IN,Other,2,30,3047731,773649
MEoxtFRfPoc,US,Other,3,7,3843760,838098
MEu4uAV_e_Q,IN,Movie/TV Trailer,1,17,75076,5614
MF00TahP1yY,GB,Sports,1,45,151933,8467
MF3faoeqnw4,GB,Other,1,27,17381,740
MFVAahxwYWM,US,Other,1,36,145432,7989
MFaT6QUeCn4,IN,Other,1,22,56435,239
MFiaKa4KYc4,IN,Other,1,13,152444,1078
MGsiJGZ2j7g,GB,Reaction,1,26,132754,11413
MGsiJGZ2j7g,US,Reaction,1,17,134515,11479
MGtAiqD0FUU,GB,Gaming,1,6,1007754,14495
MGtAiqD0FUU,IE,Gaming,1,35,1101123,15537
MGtAiqD0FUU,US,Gaming,1,6,1011934,14545
MHie_nszbzU,GB,Music,2,19,252388,383
MIKIpkWWEnY,US,Other,1,42,266395,14853
MKl7uciEUE4,US,Music,2,1,485128,29703
ML4L1XSZnKM,GB,Movie/TV Trailer,2,20,310691,12039
ML4L1XSZnKM,IE,Movie/TV Trailer,3,38,376767,13438
ML4L1XSZnKM,US,Movie/TV Trailer,1,14,193639,8804
ML6CiAcsDr8,US,Movie/TV Trailer,1,38,38920,595
ML8sFbAc-CU,US,Other,1,23,234574,4444
MLxgaz2Zp1k,GB,Movie/TV Trailer,1,4,511755,13525
MLxgaz2Zp1k,IE,Movie/TV Trailer,1,8,515113,13585
MLxgaz2Zp1k,US,Movie/TV Trailer,1,5,536058,13916
MMoteNXoelw,GB,Other,1,26,1142230,24217
MMoteNXoelw,US,Other,1,35,1150230,24339
MMvJbV0vK_0,GB,Music,1,49,82110,165
MN4N7k68hyA,GB,Gaming,1,12,154645,6694
MN4N7k68hyA,IE,Gaming,1,33,413862,11402
MN4N7k68hyA,US,Gaming,1,30,182483,7258
MN4jhU7JKBU,IN,Movie/TV Trailer,2,28,656588,25090
MNx48pibrHE,GB,Other,1,36,95725,1880
MOPBpelw2qA,GB,Other,1,30,224146,7587
MOclJJ7IpSY,GB,Movie/TV Trailer,3,2,4369579,168389
MOclJJ7IpSY,IE,Movie/TV Trailer,3,5,4371956,168415
MOclJJ7IpSY,US,Movie/TV Trailer,2,11,3837409,159328
MP-nH41IFT0,GB,Other,2,6,282695,21903
MP-nH41IFT0,IE,Other,9,12,455383,28794
MPLmRaDQDWA,GB,Music,2,33,359217,27514
MPLmRaDQDWA,US,Music,1,12,140117,17098
MPNexsJZycw,IN,Movie/TV Trailer,3,26,6880909,8224
MPyXlWTZ32E,GB,Movie/TV Trailer,1,43,353179,4525
MQ1mIcMeAiE,IN,Gaming,1,17,362686,19874
MQ6EfNuOWHo,US,Other,1,31,198834,8318
MQ9DnT_n8LI,GB,Other,1,43,156916,5375
MQ9DnT_n8LI,US,Other,1,20,165728,5486
MQOlsUOKtt4,GB,Movie/TV Trailer,1,16,101975,705
MQOlsUOKtt4,US,Movie/TV Trailer,1,22,103264,712
MQZlJYKrxfA,US,Sports,1,33,0,0
MQhKGd68cNU,IN,Other,2,6,1233995,14601
MQuzaRwz_Po,GB,Movie/TV Trailer,2,5,32272,149
MQxGWi1qKrE,US,Movie/TV Trailer,1,10,47911,1459
MRaZ64RJgOc,GB,Other,1,46,231546,4976
MRaZ64RJgOc,IN,Other,2,27,445028,7482
MRsJwv9nSn8,IN,Gaming,2,9,1298141,67884
MRwkRD8qaqw,IN,Other,1,19,564911,2446
MS6vagI8Rm4,GB,Movie/TV Trailer,1,22,84163,137
MS9rh9CUfrw,IN,Other,1,47,196643,0
MSzQ8rQQhDs,IN,Other,1,42,492656,41794
MSzbNvT1E7g,IN,Other,2,18,1237608,104190
MTxsgi6m2Xo,US,Other,1,29,0,0
MUWUSjdqPHg,GB,Sports,1,24,185499,6063
MUWUSjdqPHg,IE,Sports,4,33,401353,9172
MUZRi5f4UKY,GB,Other,1,6,537099,9319
MUZRi5f4UKY,US,Other,1,20,547128,9512
MU_Dt_sV4M4,GB,Other,1,22,128881,6708
MVD0xhgRdEc,GB,Other,1,15,511453,14620
MVD0xhgRdEc,IE,Other,6,8,1256986,26529
MVD0xhgRdEc,US,Other,1,6,526791,14832
MVLePz-MX1g,IN,Music,2,9,673724,99366
MVQyQc5eJEQ,US,Other,1,36,13575,2591
MXD9kR4WCVA,IN,Other,2,18,844436,35192
MZyx4WpT47c,GB,Other,1,9,213767,4979
MZyx4WpT47c,IE,Other,2,12,366200,6647
M_Las484swM,IE,Movie/TV Trailer,2,35,1556080,56915
M_XyR0TijdU,GB,Gaming,1,12,229462,7782
M_zC3pxpDDM,GB,Other,1,23,69962,3161
M_zC3pxpDDM,US,Other,1,8,72369,3220
MaJ6vOE637U,IN,Movie/TV Trailer,1,25,82195,1183
MahAz-eiaOo,IN,Gaming,1,38,118771,5021
Mb8xN_DsenA,IN,Music,2,16,1098919,46577
MbBWkJckso8,GB,Music,2,7,493364,11664
MbBWkJckso8,IE,Music,17,16,9264131,37253
MeB4S2DxwAY,US,Other,1,40,361337,23344
MeKAQoHfpD4,GB,Other,1,39,361554,24299
MeKAQoHfpD4,US,Other,1,35,374075,24910
MeTbv6Wqfgg,GB,Other,1,27,601197,46813
MeTbv6Wqfgg,IE,Other,1,30,1662859,92007
MeTbv6Wqfgg,US,Other,2,6,1688804,92857
MeVrTcqKPII,US,Music,1,13,70038,5976
MehA1EXYmrc,US,Other,1,24,110848,1754
Mg5gpcJT4e8,IN,Music,1,22,418692,24031
Mh69sHfgZLM,IN,Music,1,31,75873,518
MiK4KiwtsI0,US,Other,2,25,491836,31230
MkUswVnNNro,US,Other,1,38,135471,4116
Mlh6bfqdA2Q,IN,Other,1,19,71105,520
MmtjtWOkVX8,GB,Gaming,1,12,304712,7482
MnEVpud0Y6o,IN,Movie/TV Trailer,4,5,758358,30927
Mo3RuGLuuIU,GB,Other,1,38,240151,7498
Mo3RuGLuuIU,US,Other,1,29,254173,7758
MpJB7LTs5_s,GB,Other,1,6,838362,43129
MpJB7LTs5_s,IE,Other,3,27,1448012,59447
MpJB7LTs5_s,US,Other,1,24,865486,44008
MppsJ8vXotc,GB,Other,1,29,324428,12908
MppsJ8vXotc,US,Other,1,34,334724,13118
MpxF4o2AduM,GB,Other,1,25,511137,17964
MpxF4o2AduM,US,Other,1,46,525675,18134
MqANQd2F9nk,US,Other,1,48,259676,4455
MqE5ZIU3Ao0,GB,Movie/TV Trailer,2,2,1507725,24491
MqE5ZIU3Ao0,IN,Movie/TV Trailer,3,11,1993708,29472
MqE5ZIU3Ao0,US,Movie/TV Trailer,2,2,1528516,24708
MqQTaTsQl0s,US,Other,1,34,0,0
MqiLEMEflbc,GB,Other,1,48,431596,17327
MqrolDTTVV4,GB,Gaming,1,33,315174,6424
MrElIaQw428,IN,Gaming,1,23,114871,5848
MsEX85p2R1Q,US,Gaming,1,43,233672,6384
MtO6Fkh-U5I,US,Other,1,29,0,0
MtoAFzUIni8,IN,Other,1,42,434498,42038
MtwSor4uD28,US,Other,1,40,0,0
MucyfTEc47I,IN,Other,2,15,1059828,70877
Mv5f9Q2LJYM,GB,Other,3,1,1802341,152407
Mv5f9Q2LJYM,IE,Other,18,21,5363204,210917
Mv5f9Q2LJYM,US,Other,3,1,1813961,152751
Mvh0Ot8dqSU,GB,Other,2,3,1689888,76133
Mvh0Ot8dqSU,IE,Other,3,3,2105425,86929
Mvh0Ot8dqSU,US,Other,1,17,1041489,54985
Mvm0bRY0Qyg,IN,Movie/TV Trailer,5,5,15807722,40408
Mzh4WwKbhm4,IN,Other,2,28,183661,937
MzqQN4JDLnQ,IN,Gaming,1,35,114254,2363
Mzu1XjxjzUU,GB,Music,1,40,105589,1947
MzunXwk8t10,GB,Other,1,17,64951,2351
MzunXwk8t10,US,Other,2,17,101655,3193
N-J-HR3quc4,GB,Movie/TV Trailer,2,23,1706821,8212
N-J-HR3quc4,US,Movie/TV Trailer,1,14,1547018,4974
N-Wj4-JGzPE,GB,Music,1,34,92877,2243
N-sA88XjRkY,GB,Other,1,24,424232,6158
N-sA88XjRkY,US,Other,1,35,431042,6201
N1OCDHUeoF8,GB,Sports,1,36,262240,4231
N1o-jptI974,GB,Other,3,16,690098,54825
N2JmhDQSsyM,GB,Gaming,1,50,196166,1078
N2weRcpzVHM,GB,Gaming,1,8,293409,4676
N39UtM_6RfY,GB,Music,1,31,190465,12096
N3czgLSSYTg,GB,Music,1,43,74046,156
N3nlHGdtCE0,GB,Other,1,48,409940,35072
N3tKyzhsz1o,IN,Other,2,15,371807,7406
N47y7HTG__0,IN,Movie/TV Trailer,1,39,669986,4224
N4Y8OUpORtk,GB,Movie/TV Trailer,1,32,34151,1007
N4jtgcOIzVA,US,Other,12,1,227587,5827
N4reC-TI5VY,GB,Sports,1,18,125795,8711
N4reC-TI5VY,IE,Sports,1,36,269906,13524
N5BD6SXfEDc,IN,Sports,2,12,761150,9415
N67UAleHp5Y,GB,Music,1,28,401567,1101
N67UAleHp5Y,US,Music,1,48,106842,432
N6J7auRZltg,GB,Other,1,31,356195,11078
N6J7auRZltg,US,Other,1,17,369878,11310
N6O5sFBiTpk,GB,Gaming,1,9,1026861,1405
N6O5sFBiTpk,US,Gaming,1,9,1026905,1405
N7JOI12o_NI,US,Other,3,1,2012647,140213
N83Kp2ngnQU,GB,Movie/TV Trailer,2,8,2228915,46427
N83Kp2ngnQU,IE,Movie/TV Trailer,10,8,3536829,56535
N83Kp2ngnQU,IN,Movie/TV Trailer,5,5,3306956,52910
N8nfX8dbs6U,IN,Movie/TV Trailer,2,28,926303,4401
N8refaSnaD8,IN,Music,1,28,390670,3571
N9YIDXwrFeE,IN,Other,1,37,1225164,30031
N9oIHjlcvvw,GB,Gaming,1,41,278907,3964
N9pNbpHcITM,US,Other,1,45,0,0
NA_7tmxv4_c,GB,Movie/TV Trailer,2,14,1198994,39162
NA_7tmxv4_c,IE,Movie/TV Trailer,11,14,1719320,45469
NA_7tmxv4_c,IN,Movie/TV Trailer,4,14,1474578,42858
NAeFV93e1fw,IN,Sports,1,36,1781068,2121
NAkQVL61BRI,GB,Other,2,10,1641150,96768
NAkQVL61BRI,IE,Other,14,16,21957171,483550
NAkQVL61BRI,IN,Other,5,1,6878534,240709
NBmJnmAcIuM,GB,Gaming,1,36,486269,16447
NBmJnmAcIuM,US,Gaming,1,37,540011,17498
NC88P_Suocw,IN,Other,1,31,257112,2035
NCyOpHmh0mA,GB,Music,2,7,385661,28517
ND2P6odpMLU,IN,Gaming,2,16,318275,1189
NDWrfzb4XOw,US,Other,1,14,233970,24066
NFf-psCV8-Y,IN,Movie/TV Trailer,1,20,3702151,41480
NGaWPQTtszY,US,Other,1,42,0,0
NIKfR_uF_d0,GB,Movie/TV Trailer,2,11,2352683,54992
NIKfR_uF_d0,IE,Movie/TV Trailer,6,29,2628476,62720
NIKfR_uF_d0,US,Movie/TV Trailer,3,5,2472471,58272
NIX8a-Lb0Ko,GB,Gaming,1,47,166544,3871
NIYR3Stw9Aw,IN,Other,4,14,424830,18961
NIwNX4bF0fQ,GB,Other,2,3,2211525,75807
NIwNX4bF0fQ,IE,Other,8,3,4187413,107286
NIwNX4bF0fQ,US,Other,1,14,1177569,51482
NJLUaQZAxEI,GB,Movie/TV Trailer,1,41,37747,2189
NJowMMMDmN0,US,Music,2,1,183928,13408
NJtYrudFc-M,GB,Reaction,1,41,31735,1398
NJu-HWxB5Mk,IN,Other,2,6,1321849,70593
NKKOq7XwDyQ,IE,Other,4,15,2020646,86094
NKVjpeJhoc0,IN,Reaction,3,16,322085,17248
NLcp_BdUwQI,IN,Other,1,19,74669,605
NLojCu2Cez0,IN,Music,1,50,82080,304
NMKZ5e5h430,GB,Movie/TV Trailer,1,20,113373,4211
NMKZ5e5h430,US,Movie/TV Trailer,2,38,114838,4250
NNEa8hHrueg,IN,Gaming,1,15,899811,10066
NNe6fmevOa8,IN,Other,1,33,893843,23028
NQRGAh7ukh8,GB,Other,1,28,895566,81972
NQRGAh7ukh8,US,Other,1,42,931386,82433
NQurzB7Mg3k,US,Other,1,43,22182,619
NRfNlSQ5R0E,IE,Gaming,2,32,919949,52479
NRfNlSQ5R0E,GB,Gaming,1,20,505718,36927
NRfNlSQ5R0E,IE,Gaming,1,20,507645,37034
NRfNlSQ5R0E,US,Gaming,1,47,521932,37623
NRgcXXJRzPw,IN,Gaming,1,27,141166,6857
NSEsAyxyiHY,IN,Other,1,24,583991,22826
NSbGgwx-WcI,US,Other,1,42,0,0
NT2Is90lFoI,GB,Other,2,3,3181325,167260
NT2Is90lFoI,IE,Other,8,6,4178097,185112
NT2Is90lFoI,US,Other,1,6,2293576,146389
NTB7EpLoXV0,US,Other,1,20,213912,14498
NTGIonrUAu4,IN,Other,1,38,455759,33697
NTKlBccQJlg,US,Other,1,39,224095,14153
NTXGYqdWKyM,GB,Gaming,1,33,1041006,10667
NUNk2y0uaCs,US,Reaction,1,49,57775,2219
NUOrD4csTH4,US,Other,1,13,0,0
NWr_dUttWRA,GB,Other,1,25,20829,1568
NXUhVnRHeHw,GB,Other,1,40,173302,868
NYT5zzex7yo,US,Other,19,4,142427,3525
NYy2YC13f5A,US,Sports,1,30,284316,14994
NZh7iwkNO7k,US,Other,1,25,25817,675
N_6coI9j64I,US,Other,2,13,102825,5872
N_UnDz8rZHs,US,Other,1,33,193186,14031
N_eJpe2SFjc,US,Other,1,28,0,0
N_keG9EjM8I,US,Other,1,32,0,0
N_tF48s4tTI,IN,Other,1,21,2082030,94709
N_tF48s4tTI,IN,Other,1,9,1547183,81677
Naokn2YEIqw,GB,Reaction,1,31,31072,1343
NarN4CTJmrw,GB,Other,1,18,21575,3402
NbsMrZ-6I5w,IN,Movie/TV Trailer,2,1,907894,56087
Nbuq75arjHw,US,Other,1,29,222288,16133
Nc0TpurBOKc,US,Sports,1,48,0,0
Nda2rSpTxm8,IN,Other,1,38,82019,3472
NdvqHc56lE0,GB,Movie/TV Trailer,2,2,12307814,366983
NdvqHc56lE0,IE,Movie/TV Trailer,6,2,20749040,415739
NdvqHc56lE0,IN,Movie/TV Trailer,4,8,16900782,402146
NdvqHc56lE0,US,Movie/TV Trailer,4,2,16962689,402364
NfIKzPUGT1c,GB,Music,1,19,68918,410
NfIKzPUGT1c,IE,Music,2,28,575856,1777
NfWJJwL3BGE,GB,Other,1,9,88840,6051
NgA9n4N9K28,US,Sports,1,45,67597,3022
Nh0g5Y9OwUw,US,Other,1,37,0,0
Nh7FMIWbW4s,US,Other,2,11,0,0
Niok5a4Gdq0,IN,Gaming,1,33,190868,3104
NipEaYJHEnE,IN,Sports,1,48,1033751,2079
NkBmJGQBV5o,US,Other,1,28,325668,8164
NkTJqXlTZbE,GB,Other,1,16,108716,2693
Nl7309iQ8mI,GB,Reaction,1,45,63427,2357
NmGQuqTJhyc,IN,Other,2,28,619697,29545
Nm_XfyHm9YM,US,Music,2,12,109478,8381
NnA7tvO_0_Q,GB,Other,1,45,94587,1525
NnxPNOpXJ40,US,Other,2,10,733911,30016
Nnyzv1N2AyQ,IN,Movie/TV Trailer,1,43,16345,611
NqRTv43D4WU,GB,Other,1,39,105447,5970
NqWH9vCMOjw,GB,Gaming,1,15,723622,9747
NrUCOEtMofM,US,Other,1,15,141250,10746
Nr_Km2sqsCY,GB,Other,1,7,120253,7998
Nrr3-oY5Khc,GB,Music,1,39,133096,12651
NsqANuj7GLQ,IN,Gaming,2,9,1433300,18883
Nt-4W_RGZGs,IN,Sports,1,41,104697,1512
NtFNQEry2X0,GB,Gaming,1,9,1134934,16463
NtFNQEry2X0,IE,Gaming,1,36,1166716,16469
NtFNQEry2X0,US,Gaming,1,6,1200627,16516
NttjVjNWz64,GB,Movie/TV Trailer,1,31,22776,517
NwCuKozZ-cQ,IN,Other,2,18,792484,4898
NwNXsEXWyNs,GB,Other,1,28,173775,16116
NwNXsEXWyNs,US,Other,1,19,177566,16349
NwUOBxhOBIo,GB,Music,1,25,85711,10645
NwUOBxhOBIo,US,Music,2,4,178801,16268
Nx-e-AaCNPE,GB,Movie/TV Trailer,2,5,1995727,61494
Nx-e-AaCNPE,IE,Movie/TV Trailer,6,5,2899429,77444
Nx-e-AaCNPE,US,Movie/TV Trailer,2,4,2014221,61744
NxpIyzgUWfc,US,Other,1,21,0,0
NySBAMooqOc,GB,Other,1,13,1235409,223413
NySBAMooqOc,US,Other,1,19,1251154,224517
NyvItRTjM1Q,GB,Other,1,9,1510941,46761
NyvItRTjM1Q,IE,Other,2,27,1794471,51844
NyvItRTjM1Q,US,Other,1,24,1530803,46997
Nz3NGj2g0fI,IN,Movie/TV Trailer,1,28,78314,9902
O-1R-7oe02c,IN,Music,1,30,192876,469
O-tROk89rzg,IN,Gaming,1,48,2066425,15684
O0BTxbJxCr4,GB,Other,1,11,215377,4720
O0PbOzWYbSY,GB,Other,1,47,366322,14110
O0PbOzWYbSY,US,Other,1,41,393812,14668
O0u5xVNVnh0,US,Gaming,1,29,285844,9582
O1FuMDmUhQ8,GB,Music,1,46,230439,513
O2CusR3H5qQ,IN,Gaming,2,36,492981,1661
O2SR1WaG90U,GB,Other,2,7,54324,4388
O2Z7VEgmLGk,IN,Gaming,2,12,826344,2624
O431N-XdZpQ,GB,Other,2,1,113217,12875
O431N-XdZpQ,US,Other,1,28,70966,10396
O4A2O5J0WFA,GB,Other,1,36,441404,20636
O4A2O5J0WFA,US,Other,1,36,450376,20892
O4PFmJkedWc,GB,Movie/TV Trailer,1,21,212874,12758
O4S9aaDUE7A,US,Other,1,47,0,0
O4sLy50ifN8,US,Gaming,1,41,146678,13724
O5LUmZxWEII,GB,Music,1,45,54471,5479
O5O5Gc3Cdk0,IN,Gaming,1,30,426275,22719
O5cFBLMUoWc,IN,Other,1,48,74955,105
O6Fk0VYKRFM,GB,Music,1,31,276479,607
O6fB-avv-Wk,GB,Other,1,18,597230,2903
O7B1c1TRqsc,IN,Other,1,20,369929,20830
O7CjzVHLuYE,GB,Other,1,40,459040,35811
O7CjzVHLuYE,US,Other,1,20,476881,36611
O7I1Lb6ZUdA,GB,Gaming,1,38,254136,12522
O7I1Lb6ZUdA,US,Gaming,1,5,279497,13105
O7ICrxgpmlI,GB,Other,1,4,73522,11067
O8ODcoSND9A,GB,Other,1,12,114815,203
O8zM778PHlk,IN,Movie/TV Trailer,2,29,396089,24123
O9QAmdt5vDM,US,Other,1,44,0,0
OA2YUsJyQI0,GB,Other,1,22,181024,19297
OAkcoNRC9x8,US,Sports,1,12,0,0
OBXvfK1hl6s,US,Sports,1,45,44952,3518
OC-WsfsGdiE,IN,Other,1,37,865168,24128
OCOMqs1dC3k,GB,Music,1,34,291678,8128
OD9svm5wDMk,IN,Other,1,3,2082751,48771
ODL-KEY5Ju0,IN,Gaming,2,12,1272826,55879
OE-pFUPPtwI,GB,Music,1,37,81376,331
OE12ubCdVx8,US,Other,1,50,65479,1701
OEX3Mx2tkpU,GB,Sports,1,48,96323,5854
OFYMBF_wHjU,IN,Other,3,10,933190,14720
OG8sypHinds,GB,Movie/TV Trailer,1,32,19911,1400
OGO4Mqvo3jI,GB,Movie/TV Trailer,3,2,10866026,276391
OGO4Mqvo3jI,IE,Movie/TV Trailer,4,5,12860754,285108
OGO4Mqvo3jI,US,Movie/TV Trailer,3,2,10952381,276765
OGniVAXH3eU,GB,Other,1,12,536199,31463
OGniVAXH3eU,US,Other,1,15,553090,32090
OH9JBWLYjaU,IN,Other,1,12,281226,27151
OHHD2-YH00U,IN,Music,4,10,2956666,112668
OHXFnvrBzcI,US,Other,1,37,0,0
OHgVvF_185w,GB,Music,2,6,383494,10854
OI02QgEA1Zw,GB,Other,1,40,65161,3393
OI7U7YXmi7s,IN,Reaction,1,49,120746,6157
OJil0Bo24R0,IN,Other,1,47,364172,22288
OKCraOE1WmM,IN,Gaming,1,36,239591,31568
OKY-8s4rsyU,GB,Other,1,16,3906,254
ONI0beSVcKI,US,Music,1,28,85306,5191
ONYmmPgDP8k,US,Sports,1,32,62460,1652
ONgzoBLgLRI,US,Other,1,21,0,0
ONoxuXGAoMk,GB,Movie/TV Trailer,1,38,128112,5889
ONoxuXGAoMk,US,Movie/TV Trailer,1,25,129388,5920
OOq97vqPcho,IN,Other,2,15,689838,2076
OPQT44CXHj0,US,Sports,1,32,0,0
OPwjZwPXLIo,US,Other,3,35,744294,15812
OQIzpgyMYTg,GB,Music,2,7,62712,4862
OQibcwKi4lQ,US,Other,1,48,4729,1219
ORn2uxI4SVQ,GB,Movie/TV Trailer,1,41,85623,1235
ORxw68y3lyw,GB,Movie/TV Trailer,2,23,4430639,22959
ORxw68y3lyw,IE,Movie/TV Trailer,2,38,4431291,22978
ORxw68y3lyw,US,Movie/TV Trailer,2,17,4435364,23136
OSMTkpx_LH8,GB,Gaming,1,9,289564,34196
OSMTkpx_LH8,IE,Gaming,1,36,291265,34300
OSMTkpx_LH8,US,Gaming,1,21,301335,34957
OSNtjfNJSuw,GB,Other,1,40,34050,7276
OSV0501-F14,GB,Music,1,25,12287,1146
OT5XTZxnfg8,US,Music,1,25,138120,17844
OTImlQYTCag,US,Other,1,10,851547,22401
OTaAkzirGHw,US,Music,1,34,24780,2340
OTonlf6EiUk,IN,Sports,1,49,109920,252
OUDnPuauPoM,GB,Movie/TV Trailer,1,32,53528,1724
OUDnPuauPoM,US,Movie/TV Trailer,1,2,60173,1804
OUHkQsUC_ZY,IN,Sports,1,39,370919,1445
OUP1q7gkBTU,US,Other,1,18,366688,6824
OUb55pTdXJw,IN,Other,1,39,93213,326
OVM-UjRhGRw,US,Other,1,44,122467,1384
OVfmLrC59Dw,IN,Other,1,27,38012,235
OWF4um0aIOU,GB,Gaming,1,33,45036,1731
OWcTJCJsNSQ,GB,Other,1,23,265246,31500
OWcTJCJsNSQ,IE,Other,1,47,266077,31581
OWcTJCJsNSQ,US,Other,1,29,272813,31980
OXiHBhH3p1Y,US,Other,1,44,0,0
OYdHSvHDkcI,GB,Movie/TV Trailer,2,5,954033,20675
OYdHSvHDkcI,IE,Movie/TV Trailer,7,8,1027863,21047
OYdHSvHDkcI,IN,Movie/TV Trailer,3,11,1004293,21001
OYdHSvHDkcI,US,Movie/TV Trailer,2,5,958866,20727
OYvaLbU34xQ,GB,Movie/TV Trailer,1,26,22263,405
OZBUHSDiDTc,IN,Other,1,35,277635,15206
OZYyQCxudjw,US,Movie/TV Trailer,1,46,20001,1567
OZaJFOGWPLk,GB,Movie/TV Trailer,1,14,48194,341
O_2UwSrT9nc,GB,Gaming,1,12,403497,6211
O_2UwSrT9nc,US,Gaming,1,47,408352,6278
O_Tx7aomESs,GB,Music,1,38,546659,13064
O_uBLgPLCMw,IN,Reaction,2,37,81564,6227
O_yO9c7zSIw,GB,Other,2,13,202513,16353
O_yO9c7zSIw,US,Other,1,7,118022,12574
OaEgX8Qu16M,GB,Music,1,34,9402,1096
ObRraz6Rmzs,US,Other,1,27,231722,8307
ObWhmWFIsk0,IN,Other,3,10,863774,767
OdXwt1u8R8g,US,Other,2,4,739232,1567
Odf0-44VMJ4,US,Other,1,12,0,0
OevQ1iIFFgI,US,Other,1,29,142211,4951
Ofk1Hs375PM,US,Sports,1,6,0,0
OflhVDskipQ,US,Other,1,34,51766,2980
OfsgDuvv_t0,GB,Movie/TV Trailer,1,37,110220,10464
OfsgDuvv_t0,US,Movie/TV Trailer,1,31,112780,10577
Og31LNrJYJo,GB,Other,1,47,310649,13089
Og31LNrJYJo,US,Other,1,39,323290,13473
OgO9-cYv8yM,US,Movie/TV Trailer,1,14,129528,8639
OhtnY_h-xaE,GB,Sports,1,21,934184,10588
Oi7QKYHRi7U,IE,Gaming,1,48,481180,882
Oi8kFsEzgsk,GB,Music,1,24,249819,1182
Oid6c2EQKuc,IN,News,1,35,312629,1966
OjOTclvjPw0,GB,Other,1,18,714976,51485
OjOTclvjPw0,IE,Other,3,27,1696961,92166
OjOTclvjPw0,US,Other,2,3,1439290,82053
OjQuv_2bNHk,US,Other,1,26,194759,8821
OjUSnTRNuhg,IN,Music,1,39,135078,861
OjWQ7QoIwDk,GB,Sports,1,25,57998,1721
Ojyu-svsBZY,US,Other,2,4,1022357,75040
OkApy8LE8s8,GB,Music,3,7,268874,27580
OkApy8LE8s8,US,Music,3,19,271033,27660
OkKIHM4mwvQ,US,Music,1,28,60421,7634
OkVr3tAOx9o,GB,Movie/TV Trailer,1,35,76401,320
OkVr3tAOx9o,US,Movie/TV Trailer,1,50,135293,504
OkdaF3g4Woc,IN,Other,3,16,420401,797
OlQEoEPMJUo,GB,Other,1,18,1055155,65097
OlQEoEPMJUo,IE,Other,2,39,1777757,92523
OlQEoEPMJUo,US,Other,1,11,1095639,66528
OlpeJupWu6k,GB,Sports,1,30,206263,4735
OlpeJupWu6k,IE,Sports,2,21,326446,6270
OmHLAU10a9o,IN,Other,1,27,363498,20068
OnCZq5BEVvM,GB,Other,1,1,12137,1137
OoYQ4UM-Fzk,GB,Reaction,1,50,24331,1950
Oovq_p-WFuQ,GB,Movie/TV Trailer,1,17,170663,8479
Oovq_p-WFuQ,US,Movie/TV Trailer,2,22,253229,11390
OoygvFECX4I,GB,Music,1,16,681428,8137
OoygvFECX4I,IN,Music,2,42,1242910,10491
Opo9EqMdcPI,GB,Other,1,24,31071,1174
OqlwiwFjerg,IN,Gaming,1,33,90089,1959
OrYc2rOvrhg,US,Music,2,35,67864,3674
OrunH41K3Ps,GB,Movie/TV Trailer,2,25,1691914,8560
OrunH41K3Ps,US,Movie/TV Trailer,2,22,1729082,8585
OsEeZdu3rhA,US,Other,1,17,361336,23817
OsVMNBvQPNg,US,Gaming,1,15,208188,6404
Ov7K4W-zAk0,GB,Other,1,48,312171,16122
OvrCubGKBto,GB,Movie/TV Trailer,1,44,33187,348
OwZlYz2V4AM,GB,Other,1,40,79666,3975
Oyw1Eo21q5k,IN,Other,1,46,542618,7902
OzEkyOFfczA,US,Sports,1,17,0,0
P-p8TBL1HFA,IN,Other,1,28,381280,27377
P0qWs86by6A,IN,Gaming,1,26,269784,8047
P1VnxWtE1yY,GB,Movie/TV Trailer,1,11,280616,19178
P1VnxWtE1yY,IE,Movie/TV Trailer,1,47,282140,19202
P1avadr1DJU,US,Other,1,33,260781,12327
P2Nir04OhbI,US,Other,1,25,142023,5584
P2loH5EOnr8,US,Other,1,45,67005,11144
P3P1TI-AkhY,GB,Other,1,32,227057,10447
P3P1TI-AkhY,US,Other,1,11,250621,10912
P4GnrzUACmU,GB,Music,1,40,99204,14116
P4GnrzUACmU,US,Music,1,21,104921,14321
P4U0smW6YmY,IN,Other,2,10,487825,1305
P4i2r2L8EzE,US,Other,1,38,0,0
P67sO2Wrwog,GB,Movie/TV Trailer,1,34,60045,599
P6nVTVDKj30,IN,Other,1,33,107555,314
P6zUELSEvss,IE,Other,4,9,1869189,5886
P75spJNRXto,US,Other,1,40,0,0
P7VbhZaqcqc,GB,Gaming,1,33,224736,6246
P7myjJ_nK1s,US,Gaming,2,17,1619186,36788
P8W6x7vx3Ns,US,Other,1,29,0,0
P90QhHzUEGE,GB,Other,1,49,210118,3793
P9Z2YwC55zM,IN,Other,1,48,240904,548
PBF2-pccYB8,IN,Music,4,19,1400851,57773
PBewECiZrAI,GB,Other,1,10,141291,10580
PCbp1FfipPg,IN,Movie/TV Trailer,1,47,982419,26788
PCbp1FfipPg,US,Movie/TV Trailer,1,8,1096193,28350
PCfQE7jfH8w,US,Other,1,25,100549,10768
PD-x-6goTEI,GB,Other,1,9,107592,732
PD-x-6goTEI,US,Other,1,30,144356,801
PDGWaqGC3NA,GB,Sports,1,24,189098,12634
PDhsYFHrx0w,US,Gaming,1,31,288630,16960
PDx2du27ZZ0,US,Other,1,43,0,0
PECZ8hI4NN0,IN,Other,1,47,61753,249
PFhhRktxdYM,GB,Other,1,35,366324,5559
PFkY3SPXEh8,GB,Music,1,16,214428,900
PGpCww5Wkj0,GB,Other,1,46,202358,7696
PH3ox5krci8,GB,Movie/TV Trailer,2,11,539708,36032
PH3ox5krci8,IE,Movie/TV Trailer,3,44,610800,38434
PH3ox5krci8,US,Movie/TV Trailer,2,5,541704,36106
PH9_dmcGM3E,GB,Other,1,46,368388,22846
PH9_dmcGM3E,US,Other,3,4,518758,28919
PHTBRLsXuTw,US,Other,1,46,0,0
PIH9s7bY8T0,US,Other,1,37,155931,10470
PIojQyegDTk,GB,Movie/TV Trailer,1,44,38370,656
PIojQyegDTk,US,Movie/TV Trailer,1,50,41432,675
PIrwqiPqikU,IN,Sports,1,47,319396,3969
PJmsH4CJD1s,GB,Music,2,25,278231,598
PJzJXs9jfxs,IN,Movie/TV Trailer,3,7,463241,38892
PKexNKOFLTo,GB,Movie/TV Trailer,1,16,229447,9739
PKexNKOFLTo,US,Movie/TV Trailer,1,28,237019,9907
PM25Qjg0oHU,GB,Other,1,34,31730,477
POEtNqTuB48,US,Music,2,7,225249,17119
POMOyMcqQBU,GB,Music,2,13,166572,4683
POneS8h1jyU,GB,Movie/TV Trailer,2,5,19394146,121391
POneS8h1jyU,IE,Movie/TV Trailer,13,11,27545405,246202
POneS8h1jyU,US,Movie/TV Trailer,2,5,19516616,122309
POv_TWpvOE4,US,Music,1,42,44541,2713
PPAmwljU6KA,US,Other,1,15,140928,24068
PQHeOb0Q9oo,IN,Other,2,23,606257,11793
PQTHmkp98No,IN,Sports,1,30,337261,8058
PR1446iJ-20,IN,Gaming,1,36,412683,2353
PRLYvY1aZwA,IN,Gaming,1,21,413460,20431
PRTZ1w7aWVw,US,Music,1,45,8840,2290
PRUTWluKRW8,GB,Movie/TV Trailer,1,23,3086650,21340
PRUTWluKRW8,IN,Movie/TV Trailer,4,14,13645977,42197
PRVqdk_tTe4,US,Other,1,47,321810,15937
PRWqgogm8TE,IE,Other,9,31,1165422,48342
PRsgv2EgpgI,IN,Gaming,2,12,930432,16760
PRujIAovrDQ,IN,Other,2,22,126959,703
PSO_cVaoqTA,IN,Other,1,30,92247,327
PTOejkbK5Tk,GB,Other,1,13,200943,23546
PTOejkbK5Tk,US,Other,1,25,204051,23753
PTQv9Feoy88,GB,Other,1,6,1055120,14576
PTQv9Feoy88,IE,Other,1,42,1056427,14591
PTQv9Feoy88,US,Other,1,9,1061721,14687
PUfi2kI99iQ,GB,Other,1,35,49811,1198
PUlgnrevhhM,GB,Other,1,46,50209,1716
PVGVoT339-c,GB,Music,1,18,67949,9762
PVKE5ZEjxYo,US,Other,1,46,0,0
PVLkYj9O8Xc,IN,Other,1,46,50782,432
PVn3muRugOE,IN,Other,1,49,573064,19477
PVzSI9PpkXc,GB,Other,1,36,1289373,92362
PVzSI9PpkXc,US,Other,1,39,1312750,93283
PVzU2s1n3KY,GB,Music,1,10,106128,489
PWIPhRbWlMg,GB,Gaming,1,49,239088,4789
PWP_agMvKVw,GB,Movie/TV Trailer,1,26,19586,367
PXtQIqtxJno,GB,Other,1,46,1363827,23406
PXub3xBF0D4,US,Other,1,40,0,0
PXxbEfhtDiM,GB,Music,2,15,680090,44489
PXxbEfhtDiM,US,Music,3,1,1111114,60646
PXzB2hBwP-M,US,Movie/TV Trailer,1,20,17394,1384
PYA-iyy2fxA,GB,Movie/TV Trailer,2,29,438707,67638
PYA-iyy2fxA,US,Movie/TV Trailer,2,17,442671,67866
PYJ1iWPQELE,GB,Movie/TV Trailer,1,41,198092,8401
PYJ1iWPQELE,US,Movie/TV Trailer,1,41,198265,8401
PYL9B85J3j4,GB,Challenge/Stunt,2,24,380739,6153
PYL9B85J3j4,US,Challenge/Stunt,2,33,383753,6167
PYbL2pqNmvQ,US,Sports,1,15,0,0
PYy17045AmE,GB,Other,1,35,416659,20516
PYy17045AmE,US,Other,2,5,1188342,42451
PZ2GHuVZCu0,US,Sports,1,6,0,0
Pb1DHFB91kc,US,Other,1,48,0,0
PbXDvognvhU,US,Sports,1,34,0,0
PbnJCyprtk4,US,Other,1,38,0,0
PcbHZucVO-E,US,Other,1,37,0,0
PcuxVJVi-lI,US,Music,1,30,41355,3135
Pd4Olzi0HEc,GB,Movie/TV Trailer,3,5,2461833,43305
Pd4Olzi0HEc,IE,Movie/TV Trailer,12,14,3525038,48072
Pd4Olzi0HEc,IN,Movie/TV Trailer,4,26,2463821,43317
Pd4Olzi0HEc,US,Movie/TV Trailer,1,8,768344,25486
PdQpDLeJpZI,US,Other,1,46,261766,22187
Pdo5Lm4BnWU,GB,Sports,1,50,129097,3150
PeDfy3xD1cQ,GB,Other,1,48,260741,7811
PeDfy3xD1cQ,US,Other,1,32,272444,7990
PeiXsXlw5ig,IN,Other,1,16,211321,953
PeiZpUdvBx4,GB,Other,1,39,130761,8146
Pf83BqIePXA,US,Other,1,39,123818,4455
PgdIOV0QaOc,US,Other,1,27,0,0
PhQ3yQjUgAc,IE,Movie/TV Trailer,8,5,3072817,146900
Pi1yqORQy_I,GB,Movie/TV Trailer,1,47,16308,429
PimIQfWTQyw,GB,Other,1,30,55776,4228
PithAd8l7JQ,GB,Sports,1,37,179534,5200
Piu0FBw3Hwo,IN,Gaming,2,6,1644194,37160
Pj5u8OagODo,GB,Other,1,25,276403,26942
Pj5u8OagODo,US,Other,1,24,280797,27245
PjrR6wRzYtg,GB,Movie/TV Trailer,1,7,146220,4336
PjrR6wRzYtg,US,Movie/TV Trailer,1,7,151987,4415
PkGyQPPRV1E,IN,Gaming,1,23,592311,34071
PktGX8dUioI,GB,Gaming,1,26,229320,5970
Pl8opHL9cQ4,IN,Other,2,9,1065672,14631
PlBmZh7ZYTI,IN,Other,2,43,257634,2000
PlO5OBQI53U,US,Sports,1,37,0,0
Plxj3lX0zm8,IN,Other,2,29,315443,836
PmcuY2p_vcQ,IN,Gaming,1,21,658553,29986
PmfBH9pBccM,GB,Gaming,1,39,156313,6278
PmgJNi0ksjI,IN,Other,2,13,3076013,10933
PnNzAEOR7BY,GB,Music,1,28,62105,214
PnRxCVz3aYM,IN,Gaming,2,12,1201881,34044
PnSSReZpSBs,GB,Other,1,4,6508,775
PnXuYYBg_6Q,GB,Gaming,1,29,433755,26744
PnXuYYBg_6Q,US,Gaming,1,44,441846,27141
Po9zSMpaDno,IN,Other,1,43,241208,554
PoEIMLU4__c,US,Other,1,49,212276,5263
PovMz0zXKtc,IN,Gaming,1,12,1279636,3251
PpQlAnT2FK4,GB,Gaming,1,42,131600,5456
PpQlAnT2FK4,US,Gaming,1,36,139439,5619
PpejN5lBKSQ,GB,Other,1,15,809097,49531
PpejN5lBKSQ,IE,Other,2,24,1392280,69261
PpejN5lBKSQ,US,Other,1,36,843389,50725
Pq2ef7dI0ZI,IN,Movie/TV Trailer,2,25,373096,5251
PqH15X81c3U,IN,Other,1,47,200096,730
PqPXHyuhdSY,US,Sports,1,37,20847,2798
PrdEfG8x2Dw,GB,Gaming,1,21,892258,13682
Ps6NuaLDr5U,IN,Other,2,27,93793,310
Pss0rqdpySM,IN,Movie/TV Trailer,2,32,102792,1149
PsvUvqXoTpE,US,Movie/TV Trailer,1,29,139681,3916
PtQ8mfS1ItM,IN,Movie/TV Trailer,2,32,47464,2496
PtZVmOWw1Xs,GB,Other,2,15,3007090,175210
PtZVmOWw1Xs,IE,Other,7,15,7964907,342600
PtZVmOWw1Xs,US,Other,2,3,3058742,177097
Pu6KbFDyn4Y,US,Other,1,29,0,0
PudJVwpRsZA,US,Sports,1,20,102871,3782
PuzKl7WXLsY,US,Other,2,10,464264,30505
PvUPDSDZg1k,GB,Other,2,3,4611641,131896
PvUPDSDZg1k,IE,Other,9,6,4783563,134002
PvUPDSDZg1k,US,Other,2,3,4614195,131925
PviM2PRK59g,GB,Other,1,36,18842,705
Pw5WVgEyGy4,IN,Movie/TV Trailer,1,49,33505,2261
PwcmjvPvYTs,US,Other,1,27,0,0
Px1xodGZAT0,GB,Movie/TV Trailer,2,11,693221,40912
Px1xodGZAT0,US,Movie/TV Trailer,1,5,352006,27100
PxZg4SfIURg,GB,Movie/TV Trailer,3,2,1221646,29920
PxZg4SfIURg,IE,Movie/TV Trailer,9,8,1592467,37649
PxZg4SfIURg,US,Movie/TV Trailer,2,2,1012695,24992
PyMCfbWEmGE,IN,Music,2,42,432201,1474
Pyd3cOxuaQk,GB,Other,1,5,104585,3621
Pyd3cOxuaQk,US,Other,1,8,108958,3680
Q1EltkBidBk,GB,Movie/TV Trailer,1,22,95422,3061
Q1EltkBidBk,US,Movie/TV Trailer,1,22,98187,3126
Q1WCm4VNVx0,IN,Sports,1,32,322750,4416
Q1hCQ1W5ubY,IN,Music,1,36,125788,18367
Q2CBGOyGN6Y,GB,Other,1,6,216361,6670
Q4L1JkocGW0,US,Other,1,22,0,0
Q4ejn165owA,GB,Movie/TV Trailer,1,8,95263,2404
Q5IQ4cE4WhQ,GB,Movie/TV Trailer,1,44,9761,55
Q6-UUvoN_QI,GB,Other,1,5,94766,2468
Q6-UUvoN_QI,IE,Other,1,32,95113,2475
Q6978DnF8C4,GB,Music,1,12,94993,4755
Q6CDFwJ8KCQ,IN,Other,1,41,243007,771
Q6yPEzRhbcc,GB,Sports,1,9,78328,2311
Q7IFjVUUb_E,GB,Other,4,1,18253282,1142321
Q7IFjVUUb_E,IE,Other,20,10,35548408,1419136
Q7IFjVUUb_E,US,Other,4,1,18372076,1143709
Q7dHDe6O2BY,IN,Gaming,1,39,529135,15116
Q7qfkvmJ4ss,US,Movie/TV Trailer,1,35,18978,2224
Q84VN-4JQFs,US,Other,1,40,0,0
Q8HJOIhy5qY,US,Gaming,1,32,249894,12713
Q8QLtV9LO2A,US,Other,1,43,0,0
Q8XOvaU5iqw,GB,Other,1,41,361157,25997
Q8XOvaU5iqw,US,Other,1,16,373163,26440
Q8uwoY6ucjc,GB,Other,1,45,131711,1760
Q90Lj1hYUv0,US,Other,1,12,0,0
Q9jcSzVOo6g,IN,Gaming,2,21,1234049,113044
Q9uuf8Arxu0,IN,Other,2,42,160470,357
QA4zCTtP06c,US,Gaming,1,42,196398,17267
QAEk4_3NswY,GB,Movie/TV Trailer,1,38,86298,4910
QAEk4_3NswY,US,Movie/TV Trailer,1,17,89332,4979
QAI2xowslIU,GB,Other,1,35,286194,4803
QAKV1AXSa38,IN,Gaming,1,24,1184172,56399
QAVbAV6CmEA,GB,Other,1,16,53660,696
QAu-T6LbYEg,IN,Movie/TV Trailer,2,28,271851,12854
QB15JltRf-M,GB,Other,1,37,137946,21350
QB15JltRf-M,US,Other,1,15,143809,22038
QB2qX_Icrnc,GB,Reaction,1,35,69598,5595
QB2qX_Icrnc,US,Reaction,2,26,97807,6982
QBQsoyJEfCY,US,Other,1,47,144238,3078
QBnKhjCL9bM,GB,Movie/TV Trailer,2,26,217158,2711
QBvYXE6oZ64,GB,Movie/TV Trailer,2,14,812074,12579
QBvYXE6oZ64,IE,Movie/TV Trailer,4,35,1222480,16002
QBvYXE6oZ64,US,Movie/TV Trailer,1,11,469546,8530
QCcf1cIkxLw,US,Other,2,21,380644,643
QE3vAA7wTPQ,IN,Other,1,42,14044,75
QERKD90hG98,GB,Other,1,37,5680917,258177
QERKD90hG98,US,Other,1,41,5771369,261037
QF6WkE6XolU,GB,Other,1,45,433889,5561
QFGAxkTRAG8,GB,Movie/TV Trailer,1,37,511846,2658
QFGAxkTRAG8,US,Movie/TV Trailer,1,37,516120,2710
QFjteAz9Ylk,IN,Music,4,1,2954642,133049
QGbCIUDUR1I,GB,Other,2,24,578662,71107
QIuNmbVySbw,IE,Other,15,16,2805002,13411
QJ8yJU8unpc,US,Other,1,47,220765,8491
QJrK0KjN2UU,US,Other,1,35,278193,7005
QL3Z0yHgZN4,GB,Movie/TV Trailer,1,20,154870,5036
QMKFQsvWtz0,IN,Reaction,3,8,90129,6704
QMUmKiiUdzI,IN,Gaming,1,27,1101220,75998
QN5NEkfCFUk,GB,Other,1,35,44876,1078
QNDh7d4FoK4,US,Other,2,7,143864,9261
QNthRRFo_Gc,GB,Other,1,26,235345,5667
QPTEenmEDE4,GB,Movie/TV Trailer,1,31,93880,2016
QPgR6EEWPMo,GB,Movie/TV Trailer,1,46,111441,19449
QPgR6EEWPMo,US,Movie/TV Trailer,2,16,392088,38629
QQQ1mLi6M3M,IN,Movie/TV Trailer,2,34,203501,7157
QQTKweJ7Kkc,GB,Gaming,1,9,253233,11003
QQTKweJ7Kkc,IE,Gaming,1,48,254033,11040
QR9kFpkCAQc,US,Other,2,32,504170,495
QRQBiXepCxg,IN,Other,1,27,546849,18489
QRqGwGwo1Y0,GB,Movie/TV Trailer,2,8,15813734,161210
QRqGwGwo1Y0,IN,Movie/TV Trailer,7,2,37156879,212339
QRqGwGwo1Y0,US,Movie/TV Trailer,2,32,16046902,164729
QRsChLV2QAE,GB,Other,2,4,374302,2909
QRsChLV2QAE,IE,Other,12,6,1651599,10237
QRsChLV2QAE,US,Other,1,33,386398,2972
QSq0nDujDMk,IN,Other,1,30,106392,478
QTz5Ty323Mc,GB,Movie/TV Trailer,1,32,113989,1656
QTz5Ty323Mc,US,Movie/TV Trailer,1,28,117341,1710
QU_SqeUzv2I,US,Other,1,41,235291,14781
QVG1J7FgrnI,GB,Other,1,45,36147,1069
QVyZOR3lU9c,IN,Sports,1,24,705210,4198
QW29PA1SIig,IN,Gaming,1,31,229966,5605
QWPE817UBLQ,US,Other,1,34,0,0
QXJPzNIXMKQ,GB,Music,2,10,272502,7498
QY7ZblrGc8k,GB,Other,2,10,46349,2318
QYlGUUvHwh0,IN,Gaming,1,44,162693,2583
QYnBvr8h7Jc,IN,Sports,3,9,1667089,19190
QZJImq9PK8E,US,Sports,1,27,205824,3174
QZRpSo6zAXQ,GB,Gaming,1,6,2646176,18079
QZRpSo6zAXQ,US,Gaming,1,35,2649038,18090
Q_0211sdris,US,Other,1,49,0,0
Q_HKuWVT4fA,US,Music,1,10,227776,344
Q_XlPFFbhHg,GB,Other,1,15,14735,375
Q_kEz_3KnWQ,GB,Gaming,1,33,413490,11092
Q_kEz_3KnWQ,US,Gaming,1,35,426348,11324
Qa5LsXgoOi4,IN,Other,1,48,210670,9629
Qa6JjHZmyTE,IN,Movie/TV Trailer,4,26,523642,8909
Qap_UuXorzI,IN,Other,2,19,56047,396
QasS12PmC6g,US,Music,1,7,44571,4375
QbSXAw6tVGw,US,Other,1,41,70494,4388
Qc_k5i7637I,US,Other,3,3,70831,2682
QdNmVWXuYec,GB,Other,3,3,11469996,150809
QdNmVWXuYec,IE,Other,10,3,12191394,154271
QdNmVWXuYec,US,Other,3,3,11491217,150962
QdnEtN1OZXk,GB,Music,1,37,21825,66
QeBGpgejiWo,IN,Other,2,33,392019,966
Qf56ew34OLE,GB,Music,1,27,7419,643
QfX7RCEIkzU,US,Gaming,1,44,2385008,66369
Qffa3LXmsvI,US,Other,1,35,184276,8064
QgIbRzLMu3Q,IN,Other,3,12,1359787,8670
Qgw6aUbiKUI,GB,Other,1,33,48722,2090
QjVTIDONtA0,IN,Gaming,1,47,336879,5686
Qk8cnQqlzqo,IN,Movie/TV Trailer,2,14,198005,10176
QkGYM4XF_zQ,GB,Music,1,28,1139246,14026
Qlj9-42jCFM,GB,Music,1,34,200178,606
QmS7WuI9u40,GB,Movie/TV Trailer,1,2,389669,17317
QmTM29C1wSc,GB,Music,1,28,189821,3527
QmWG-YugKbY,GB,Gaming,1,27,193478,2667
QmXr4I0mQI4,US,Other,1,34,289124,7826
QmfN4s1gUwo,GB,Other,1,15,388513,12229
QmfN4s1gUwo,IE,Other,4,27,1010253,23921
QmfN4s1gUwo,US,Other,2,10,707337,18481
Qoh4gupwyV8,IN,Movie/TV Trailer,2,34,177232,2272
QohIp3-Ygxk,GB,Other,1,31,1162099,117548
QohIp3-Ygxk,IN,Other,3,4,2714396,172417
QooEphUN-v8,IN,Challenge/Stunt,4,6,1633796,19554
QpQInMA7RLU,IN,Other,1,33,499766,993
QpeBzxJshPc,GB,Other,1,33,307402,6721
QpeBzxJshPc,US,Other,1,38,318163,6871
QswGH8yl2wA,GB,Other,1,15,161948,4490
QswGH8yl2wA,US,Other,1,20,170967,4574
Qu9NIJlSvgU,GB,Music,1,16,165689,528
QuMztKZ8Z1Q,GB,Music,1,7,8342,877
QuWryPffpco,GB,Other,1,38,210661,1277
QuclsDMslyQ,GB,Movie/TV Trailer,1,41,54675,6299
Quny-Oe9u14,IN,Gaming,2,3,1603907,90997
QurZzARCihA,GB,Movie/TV Trailer,2,14,446099,22468
QurZzARCihA,IE,Movie/TV Trailer,5,26,643068,29677
QurZzARCihA,US,Movie/TV Trailer,1,8,269040,14852
Qw20tg1v7Fc,GB,Music,1,37,254796,30755
Qw20tg1v7Fc,US,Music,2,12,260075,30950
QwKoaBP6C4s,US,Sports,1,49,0,0
Qxi8hFhIKG8,GB,Other,1,3,434123,41222
Qxi8hFhIKG8,IE,Other,3,21,762873,59563
Qxi8hFhIKG8,US,Other,1,31,446792,41992
QywxmI2XSPU,US,Challenge/Stunt,1,47,161917,4010
R-797EzBcdk,US,Other,2,43,610997,1008
R0cOnY4k9cE,GB,Other,1,10,577601,7106
R1J-qlprIJ8,IN,Music,1,45,82432,279
R1WQVeCq0Hs,IE,Music,7,28,2180884,137563
R1WQVeCq0Hs,US,Music,1,19,469791,77517
R2Pi-JE5OEk,GB,Gaming,1,9,492399,2499
R2Pi-JE5OEk,US,Gaming,1,11,492477,2499
R3bk_6JMDxM,IN,Sports,1,42,512775,1750
R3gpbT-JZMk,GB,Other,1,42,71066,15546
R3x0x_yDw_g,US,Music,1,19,112728,8175
R43S1tAUw_Q,US,Other,1,29,160498,8764
R4Dp67mUpdY,IN,Gaming,3,6,1028254,12977
R4W87gnAg3A,US,Other,1,24,310878,9160
R4Wt8rNGGqs,IN,Other,1,28,78822,638
R4Zw2gJIIWM,GB,Sports,1,33,149347,3403
R4Zw2gJIIWM,IE,Sports,3,30,297885,4948
R572CypCbh0,GB,Music,2,12,150572,741
R5iTxXOVQvo,US,Other,1,19,0,0
R5jcEBVBEbQ,GB,Movie/TV Trailer,1,28,395283,12688
R5jcEBVBEbQ,US,Movie/TV Trailer,1,28,403372,12823
R6LhpY6iVGU,US,Other,1,14,0,0
R704yP3dlXw,GB,Movie/TV Trailer,2,8,19953409,222328
R704yP3dlXw,IN,Movie/TV Trailer,7,2,24808648,265171
R704yP3dlXw,US,Movie/TV Trailer,2,19,20044554,223704
R9lvYHDKMAs,US,Music,2,4,1248473,167644
RB1AGylIeMM,US,Other,2,19,524105,1356
RBH487dxzRk,IN,Movie/TV Trailer,3,26,223089,2402
RBlBDGoao1Q,IN,Movie/TV Trailer,1,2,344193,18758
RBuLrppH8Ik,IN,Gaming,1,33,452034,25832
RCeMbKcRA9g,US,Other,1,6,0,0
RCuwxQSBfxs,GB,Other,1,44,193817,845
REMvCfadaQY,GB,Other,1,38,1883640,3991
RF2bYIUzbAg,GB,Movie/TV Trailer,1,23,80869,7422
RFafMMM2u1Y,IN,Reaction,1,40,22658,1319
RGVRibKtwtw,IN,Movie/TV Trailer,1,41,337839,15158
RGq8HhCxYrM,IE,Music,7,40,1139265,29390
RHw5NsPjJSs,GB,Other,1,28,354037,29728
RICbYFot2mQ,US,Other,1,38,110192,11666
RIXFh0YObkg,GB,Gaming,2,29,638263,608
RIXFh0YObkg,IE,Gaming,2,27,874480,641
RIXFh0YObkg,US,Gaming,1,14,317151,536
RIYA2GoS_9Y,US,Other,1,25,0,0
RJ54QW7ujxA,GB,Movie/TV Trailer,2,16,262561,8715
RJ54QW7ujxA,US,Movie/TV Trailer,2,7,263827,8731
RJLm5-QL61A,GB,Other,3,7,2268306,93060
RJLm5-QL61A,IN,Other,2,7,2280652,93239
RJLm5-QL61A,US,Other,2,30,1333306,70221
RJQAH2fHh54,US,Other,1,39,733933,14696
RJn0da1YfSg,GB,Other,1,45,361105,9562
RKZ2BJNgass,US,Other,2,6,467236,20011
RMR9cN5hWDI,US,Other,1,42,0,0
RMnIj8Wajo8,US,Other,13,3,71767,2410
RMs7BRDLJQk,US,Other,1,6,0,0
RNcEwFrU36Q,IN,Gaming,1,6,2228454,6584
ROQMZIBcMqs,GB,Gaming,1,15,151760,10399
ROQMZIBcMqs,IE,Gaming,1,48,152086,10420
RO_LyYg5_m8,IN,Gaming,1,30,1408974,3139
RP2ofclEMFM,US,Music,2,40,73683,7304
RPKaupaFaYg,US,Other,1,19,287483,316
RQE6i4Tw5t4,US,Other,1,35,0,0
RQP41xm493c,US,Other,1,43,48308,286
RRI0tuDiyy4,GB,Other,1,49,4126,410
RS7ix9cwTjg,GB,Other,1,43,14851,1498
RTUXQPhQHcg,IN,Movie/TV Trailer,3,14,178174,5827
RTxWlfBydKw,IN,Movie/TV Trailer,2,11,120880,1926
RUreR3Y9qlw,IN,Music,1,49,135852,595
RVsZi3rxdjY,GB,Other,1,33,148181,3950
RWOL5S6uxaQ,GB,Movie/TV Trailer,1,5,1978113,27324
RWOL5S6uxaQ,IN,Movie/TV Trailer,3,2,5494210,33054
RWpgs8DELLQ,GB,Music,1,49,61212,4077
RXE-Fzi6M3Y,IN,Movie/TV Trailer,4,8,765063,14585
RXIlbkMEYlo,GB,Other,2,3,2662070,138083
RXIlbkMEYlo,IE,Other,7,6,3947471,175934
RXIlbkMEYlo,US,Other,2,3,2690792,138852
RXQlTrfqQ3U,IN,Gaming,1,48,739990,28095
RYe6aOfmChs,GB,Movie/TV Trailer,1,29,217888,5078
RYe6aOfmChs,IN,Movie/TV Trailer,3,20,485951,8106
RYu3BToj71k,US,Other,1,41,0,0
R_DRMPGq1mY,US,Movie/TV Trailer,1,47,449325,2520
R_jj5XXX39o,IN,Gaming,1,6,1791059,0
RapuxfeoMgU,IN,Sports,1,46,531214,2481
RayNTGSCG-Y,US,Other,1,29,0,0
Rb8oPCxu3hU,GB,Other,2,26,170988,5013
Rb8oPCxu3hU,US,Other,1,29,100087,3590
RbbpayfRJiU,US,Other,1,32,0,0
RbbxMTK8P5g,GB,Other,1,25,445594,1866
RbxRricNEpk,GB,Other,1,48,247561,4642
Rc4CWmzB5nQ,US,Other,1,18,251109,15576
RcCJTtFmBm4,GB,Sports,1,35,206509,2443
RcpdTjAe5Is,GB,Gaming,1,39,382658,3828
RdB_TgwLPqs,GB,Movie/TV Trailer,1,32,753306,13839
RdB_TgwLPqs,IN,Movie/TV Trailer,4,5,7214280,20551
RdB_TgwLPqs,US,Movie/TV Trailer,1,37,769848,14123
RdTB6jR6Ovw,US,Sports,1,49,350256,7344
Rdxh0yPc7IY,GB,Other,2,10,53336,2784
ReVFMXONu9o,GB,Other,1,15,16892,306
ReVFMXONu9o,US,Other,1,36,25567,330
RinXA_k9f4s,GB,Other,2,3,2458104,100000
RinXA_k9f4s,IE,Other,7,12,2621340,103913
RinXA_k9f4s,US,Other,2,3,2460694,100054
RjOzbPpOKLE,US,Other,1,3,0,0
Rk8_aR5r72E,GB,Movie/TV Trailer,1,38,10407,171
Rkp5mf9vNb0,IN,Other,2,1,866937,5159
RkqSO0DkHOg,IN,Sports,2,26,190871,7816
Rl5hnRCosgo,IN,Sports,1,39,265449,6001
Rl75ioZG8AU,GB,Music,1,46,241398,4535
RlveVCCFt6w,IN,Other,1,36,234385,601
Rlwdj0N3-EA,GB,Sports,1,43,93164,5579
Rm6JwnHyEDg,IN,Gaming,1,42,849925,1767
Rmh3WNjm7hs,GB,Music,1,34,230780,821
Rmh3WNjm7hs,US,Music,2,4,237117,847
RnDC9yM58KY,GB,Music,1,40,29046,5328
RnaCUol3Ow8,GB,Movie/TV Trailer,2,5,223878,6059
RnaCUol3Ow8,IE,Movie/TV Trailer,3,35,263291,6536
RnaCUol3Ow8,US,Movie/TV Trailer,1,5,159207,5177
RoE3jPcdiwo,US,Other,1,18,0,0
RoMD9ybSKkg,GB,Other,1,28,3162808,58590
RrYIrktLthc,GB,Movie/TV Trailer,1,40,198179,6533
RrfFO5NMphc,IN,Other,1,31,410992,3162
RrpodBUEU8Q,IN,Movie/TV Trailer,3,37,194676,7384
RrtPac5qK2Q,IN,Other,2,24,161419,1986
RsXTSUcsVu8,IN,Other,4,11,394363,16133
Rsztt5qDj_A,GB,Movie/TV Trailer,1,5,618955,12952
Rsztt5qDj_A,IE,Movie/TV Trailer,1,44,623326,13011
Rsztt5qDj_A,IN,Movie/TV Trailer,4,11,3159627,35677
Rsztt5qDj_A,US,Movie/TV Trailer,1,13,647402,13426
Rt9tW3cMLhI,GB,Music,4,1,4538525,368733
Rt9tW3cMLhI,IE,Music,31,4,16917216,522351
Rt9tW3cMLhI,US,Music,4,1,4557168,369255
Rv1b1B8Pxqw,IN,Movie/TV Trailer,2,44,102267,2609
RvI_3XLnfdE,IN,Movie/TV Trailer,2,16,232786,2702
RvksPficuOU,GB,Movie/TV Trailer,3,8,3332452,160698
RvksPficuOU,IE,Movie/TV Trailer,3,17,3333477,160728
RvksPficuOU,US,Movie/TV Trailer,3,2,3341333,160910
RwanfnGHDaI,GB,Gaming,1,48,148653,6293
RwsP5nJ9PDM,IN,Gaming,2,7,648498,2218
RxUjroNIiO0,US,Music,1,31,137947,366
Rxlvg3l0hK8,GB,Gaming,1,45,167776,2436
RyExDXTklU4,IN,Gaming,2,24,347522,5450
Ry_koauoyMQ,GB,Other,1,31,129182,16506
RykH02byhVg,GB,Other,1,12,797451,44869
RykH02byhVg,IE,Other,1,39,1498915,69343
RykH02byhVg,US,Other,1,6,835730,45742
RyzPweJKJ9M,IN,Other,1,1,1966951,49052
Rz76Sat39ug,US,Music,1,46,99664,13685
RzaChN-rA7g,GB,Other,1,33,21526,370
RzgWJKL9jVg,IN,Reaction,1,34,75356,6860
S-8YkBgjFfo,IE,Gaming,1,44,2624454,116335
S-dVglZRXRw,IN,Other,3,16,917501,35084
S02J3QifNog,US,Other,2,16,234288,1692
S15-lagHxoM,GB,Gaming,1,33,427075,2229
S1Irb6C5P_Q,GB,Music,1,43,37478,318
S2wwMxfiRio,GB,Movie/TV Trailer,1,22,101193,2938
S3UAh5m6k_8,IN,Gaming,1,33,815668,2641
S4CUK6m_6Xs,GB,Other,1,45,55491,1185
S4_VFzs6Q90,US,Other,1,48,0,0
S4qBJINBBF0,IN,Movie/TV Trailer,2,32,1096335,59260
S5__JkLX83Q,IN,Other,2,36,132567,343
S6GBQ5SvF6k,GB,Other,1,18,594304,8107
S6GBQ5SvF6k,IE,Other,1,39,596523,8118
S7olZC6QLVA,US,Music,1,31,244067,22927
S8GNOOaSBIk,IN,Music,2,28,266584,983
S8OAirOUL8Y,IN,Sports,1,49,108539,1604
S907b_13QpU,GB,Other,1,25,8078,946
SAhxMQtfkNk,GB,Gaming,1,36,245281,8717
SAhxMQtfkNk,US,Gaming,1,38,264553,8985
SBFX5K4ZAn8,IN,Movie/TV Trailer,3,22,249859,3660
SCySL2FKuCc,US,Other,1,15,862070,81402
SEXd3kjmWeI,IN,Gaming,1,12,1575373,3773
SEYDYTsQ-Rw,US,Other,1,16,386108,53594
SFiUYeus83Y,GB,Movie/TV Trailer,1,11,40837,6176
SG5ZP07j4Ps,IN,Gaming,1,39,36411,120
SGNv03tVTf8,IE,Other,1,33,1241508,33246
SGelY0sLtw8,GB,Other,1,24,253727,4059
SHmd6UOD9Ug,US,Other,1,46,0,0
SHo7WLTb1x0,GB,Movie/TV Trailer,1,26,54805,1868
SIe-QijY0Mg,GB,Movie/TV Trailer,2,29,26146,1052
SJ73cJXbPhE,IN,Other,1,42,338820,8717
SJMZJMr63Ew,US,Gaming,1,44,200106,5858
SJPu1spHqfk,GB,Movie/TV Trailer,3,2,3428234,156586
SJPu1spHqfk,IE,Movie/TV Trailer,19,2,4228542,171181
SJPu1spHqfk,IN,Movie/TV Trailer,3,14,3429663,156608
SJPu1spHqfk,US,Movie/TV Trailer,3,2,3436825,156749
SJQfPMkH8OY,IN,Other,1,37,630134,16963
SKEufv7Y2K0,IN,Other,1,47,166464,474
SKXPtxfq9_Q,US,Other,1,37,0,0
SM0fXQgThz4,IN,Gaming,1,23,2010940,12880
SMLmBabteGM,GB,Movie/TV Trailer,2,29,261536,9173
SMLmBabteGM,US,Movie/TV Trailer,1,20,136315,5834
SMeCrZwFulI,US,Gaming,1,38,255796,18515
SMh0o2CHwOE,IN,Sports,1,34,500640,19353
SMqoSh9Hwb4,GB,Other,1,36,612745,10368
SMqoSh9Hwb4,US,Other,1,33,624910,10531
SMxeyRl4ub0,US,Music,1,23,138734,815
SN98g6aDwpA,GB,Other,2,6,253520,11106
SN98g6aDwpA,IE,Other,3,33,356099,12429
SNEzHZ_XMD4,US,Other,2,3,0,0
SN_2KrdB4ps,US,Gaming,1,46,2296492,69359
SQAKG_LKgQU,GB,Sports,1,41,30203,443
SQR4TClpDEY,IN,Other,2,26,534890,25270
SQmDw5tnXkM,IN,Gaming,2,6,1460044,23119
SQoke0Oyc1A,GB,Gaming,1,8,302076,1752
SQoke0Oyc1A,US,Gaming,1,11,302142,1750
SQvrj_G4aX0,GB,Gaming,1,39,1014511,24640
SRGpeTev9Lg,US,Other,1,37,0,0
SRW8NbIXohA,IN,Other,2,37,117423,841
SRtSkRRj1OM,IN,Other,2,10,324187,1868
SS4zWmYGtgo,GB,Sports,1,30,145971,7188
SS9wyMiw5M8,GB,Music,1,28,16315,2056
SSFddo0urYg,US,Music,2,4,367165,345
SSeySRp-Q9o,US,Other,1,47,129713,7024
SUSDhNE8OOc,GB,Music,2,27,259200,769
SUX7eY1p-fM,US,Other,1,24,414564,24958
SVI0CcPfNeo,IN,Reaction,2,22,359134,25467
SVOfyZHHkSs,US,Music,1,7,340814,477
SVmiJqNFqXo,US,Other,1,42,142485,10090
SXYiviDT1EE,GB,Gaming,1,21,158408,2087
SXbhL2K3t-0,IN,Other,2,35,82394,3093
SXwiI1IpZNY,GB,Other,1,46,12978,1042
SY9lt7i0RQo,IN,Music,1,41,116687,408
SYHaBAAcfI8,IN,Movie/TV Trailer,1,28,98685,8010
SYIV9zHhLR4,GB,Sports,1,12,161559,3014
SYIV9zHhLR4,IE,Sports,2,39,260049,4020
SYYUrzymJTo,US,Other,1,18,0,0
SYgqfByMwfI,US,Gaming,1,35,216820,7417
SZLB6s6o94k,GB,Sports,1,30,214284,4052
S_o7FgPYCWI,US,Other,1,17,66104,2282
S_qfkREdcy4,US,Gaming,1,21,341343,2546
Sb0UGR6IEqg,GB,Music,1,45,35678,94
SbSxgBCZhSk,IN,Music,2,34,199475,1309
Sbn_dono5yQ,US,Other,1,46,81383,7550
ScS4Gu0t_MI,US,Movie/TV Trailer,1,13,0,0
Sd8BOM4ujn4,IN,Movie/TV Trailer,1,34,33087,831
Se7XYTPYOwM,IN,Other,2,21,85474,592
Seb4ZBkIGtU,US,Music,1,35,106938,477
Senk_Pfg4gc,IN,Other,1,41,390833,27635
Sf9NZF5qBak,GB,Music,2,36,679049,30848
SgEHZrpGOvk,GB,Other,1,27,267791,5414
SgJ3UFbbBwY,IN,Other,2,15,663853,24571
Sgk45BUxQJg,US,Music,1,43,18372,2905
SiXvLh2FMO8,US,Movie/TV Trailer,1,20,152569,4753
SiY18RrrO38,GB,Other,1,3,160654,10157
SjezKfUKwNQ,IN,Other,1,15,829314,79060
SjtXmnr2Ssk,US,Other,1,36,32626,1669
Sjyyhor-DsU,GB,Music,1,30,12228,1343
SkJbpANoUC4,IN,Gaming,1,47,552615,3897
SkWpe4mytI0,GB,Other,1,43,188700,7798
SkWpe4mytI0,US,Other,1,14,212175,8143
Sl7qTAK0AGA,GB,Other,1,31,469354,1375
SlHLDTp9sYQ,GB,Movie/TV Trailer,2,31,291567,6304
SlHLDTp9sYQ,US,Movie/TV Trailer,2,19,293348,6312
SlQR9iu09bQ,GB,Music,2,7,15333793,1042051
SlQR9iu09bQ,IE,Music,7,37,24932998,1216603
SlQR9iu09bQ,US,Music,2,7,15463730,1045820
SlqkmQn037s,US,Other,1,9,0,0
SmAWV0UGtA8,IN,Other,3,1,956588,2627
Smd41gEO6pM,US,Other,1,33,17044,2189
SnCMjmR34Eo,US,Other,1,12,0,0
Sn_IZq7EbgQ,US,Other,1,8,253982,10743
SnlajjJSr50,IN,Gaming,1,41,176159,5597
SoFaSyyqQZA,IN,Music,1,25,86849,392
SoSr0sStFaE,GB,Music,2,7,452639,30378
Sopyp91fBCk,GB,Other,1,21,471613,30753
Sopyp91fBCk,IE,Other,4,24,894390,43170
Sopyp91fBCk,US,Other,1,35,480430,31078
Sp1BF4Ov55A,GB,Movie/TV Trailer,1,2,238277,16886
Sp1BF4Ov55A,US,Movie/TV Trailer,2,7,418618,22535
Sp7P5JmKvLI,GB,Movie/TV Trailer,1,26,172533,4552
Sp7P5JmKvLI,US,Movie/TV Trailer,2,16,307880,7391
Sp7cdmzpjP0,GB,Music,1,31,314224,36163
Sp7cdmzpjP0,US,Music,1,22,322439,36709
SpEz7B0sPVg,IN,Sports,2,9,1047952,13297
SpJAvfkbOeY,IN,Gaming,3,24,833509,10756
Sqc_BHtIb1A,GB,Other,1,41,165289,12285
SrMUPb8dmWI,IN,Gaming,1,44,582419,1948
SrhIS6xQUbs,IN,Sports,1,24,577875,2976
SrxRo7x02nA,US,News,1,17,0,0
SsQAmE2ZrHE,IN,Gaming,2,25,328231,1725
SsxR1CppFt8,IN,Other,2,7,1049329,5918
SuYJUefeyOI,IN,Other,1,46,43131,265
Sw7daNXiOtA,GB,Music,1,44,80940,246
SwTEWZF4Agk,GB,Other,1,48,39440,1974
SwTEWZF4Agk,IE,Other,16,10,4956228,55882
Swiz1XyfhcI,GB,Movie/TV Trailer,2,2,1928431,58660
Swiz1XyfhcI,IE,Movie/TV Trailer,15,2,2997223,70642
Swiz1XyfhcI,US,Movie/TV Trailer,4,2,2364009,65161
SwlUnyP-dAI,IN,Gaming,1,30,569895,1621
SwtmCJhdcuQ,GB,Music,2,24,602090,1760
Sx9_o5g8gFA,IN,Other,2,18,924648,26747
SzAq90CQtWQ,GB,Other,1,24,190550,4661
SzJXikN_4wA,GB,Other,3,1,3091381,150548
SzJXikN_4wA,IE,Other,21,7,7425231,201295
SzJXikN_4wA,US,Other,4,1,3717242,161957
SzJXikN_4wA,IE,Other,2,40,7729681,203998
SzLd_OzBigI,GB,Other,1,19,8716,842
T0lPITG_ErM,US,Other,1,18,0,0
T0mjl8hV7bs,IN,Other,2,44,320890,754
T2EkmrGswmo,IN,Gaming,1,21,727557,37365
T2MP_T2e-aU,GB,Movie/TV Trailer,2,5,494230,25978
T2MP_T2e-aU,IE,Movie/TV Trailer,8,8,589313,27612
T2MP_T2e-aU,US,Movie/TV Trailer,2,5,495632,26016
T30JuaHSbmU,IN,Other,1,33,398025,2129
T34dvroKDv4,GB,Music,1,30,99124,149
T3CIVrKxir8,GB,Other,2,31,57697,2761
T3hE5mXZmn8,IN,Movie/TV Trailer,1,29,82033,1890
T5X7hqYS_UU,US,Sports,1,47,242768,5097
T65zvwFnhlo,IN,Other,1,49,194982,599
T6wOag99wZ0,GB,Other,1,49,201607,459
T7IXOpnfc2M,IN,Other,2,22,267015,1349
T7j6GkhRS8I,IN,Gaming,1,44,422007,960
T8N33eYER98,GB,Music,1,31,49627,8411
T8fH_L7TdrY,US,Other,1,41,346476,5196
TA5m_DWTaQs,GB,Other,1,42,403256,0
TAL-clvmjgE,US,Reaction,1,21,254146,7203
TAQtur-L_1Y,GB,Gaming,1,24,620704,9883
TARkQsijv48,GB,Gaming,1,18,546536,15241
TARkQsijv48,US,Gaming,1,30,549619,15288
TB4cRZODayI,IN,Music,2,28,975856,41116
TB8RttkATzw,GB,Other,1,12,489219,35898
TB8RttkATzw,US,Other,1,42,518807,37098
TBEAZSHzyKk,IN,Gaming,2,13,248047,826
TBZ1_p1P0ow,IN,Other,1,22,347110,6002
TBZzIGrvO2o,GB,Other,2,33,768162,19533
TBZzIGrvO2o,US,Other,3,15,773355,19596
TBgvWr7Q3ac,IN,Reaction,3,32,394884,18380
TByQ_cvlTfI,GB,Other,1,34,60759,1438
TCIM6FknzEU,US,Other,1,21,228933,253
TCPBaVVR_Uw,GB,Other,1,18,253585,3436
TCaigH866xM,GB,Other,1,46,152214,2467
TD-ptyfwdtk,GB,Movie/TV Trailer,1,32,83315,3367
TD60QRjwG1Q,IN,Movie/TV Trailer,1,49,73126,664
TDbT5CRJNkA,IN,Sports,2,26,456631,31472
TDtIDcp9Si0,GB,Sports,1,39,183741,2229
TE75utnv_jQ,US,Other,1,33,0,0
TGaimTUvg4Y,US,Other,1,15,211688,9214
TGfOOJAMe4U,IN,Other,2,30,134762,664
TH2Om99PPDc,IN,Other,2,21,758196,33810
THkJ91mNe3U,GB,Music,1,36,116492,378
THw8GT4BIKI,US,Other,1,25,0,0
TIRkQPe77J0,GB,Music,2,9,498362,37055
TJ5bCaaGIx4,GB,Movie/TV Trailer,1,28,163039,6332
TJ5bCaaGIx4,US,Movie/TV Trailer,2,25,529378,15621
TKICNQfIRXE,US,Music,1,7,120481,11469
TKJkLZTWlyM,IN,Gaming,1,18,498372,29362
TKuhIWVIVUs,IN,Other,2,6,5988312,13253
TL-IGyJGf-w,GB,Movie/TV Trailer,2,23,358951,41240
TL-IGyJGf-w,US,Movie/TV Trailer,1,8,117366,16659
TL0-kMdqt_s,IN,Movie/TV Trailer,2,34,1308716,1871
TLikr_BwHKo,GB,Movie/TV Trailer,1,38,38658,3169
TLikr_BwHKo,US,Movie/TV Trailer,1,20,42406,3370
TLrqsYkXiWk,GB,Other,1,40,61737,2946
TN8p6Z2k6Hs,US,Other,1,11,20039,850
TNjv-K-6-5s,GB,Gaming,1,23,291302,11161
TOO_kqqMjhI,GB,Sports,1,32,5687486,0
TPQRKjL6sxA,IN,Gaming,1,24,736730,44514
TPSQroShKRo,US,Other,1,26,0,0
TP_OZ1ql4Eg,GB,Other,1,24,361019,5273
TP_OZ1ql4Eg,US,Other,1,29,365667,5315
TR-I1fS1XxY,IN,Other,1,36,130147,589
TRYakIvssaw,IN,Other,1,34,88235,7304
TRvAnGP6SS4,US,Other,1,36,181574,2251
TS1SOrqqYPM,US,Gaming,1,28,340436,6870
TT2OMsMe5aU,GB,Music,1,48,276741,43399
TTnhRCH28pE,US,Other,1,18,377544,7162
TTwDSneCrA8,US,Other,1,46,0,0
TU8loMjSjF0,GB,Other,1,9,352199,15764
TU8loMjSjF0,IE,Other,2,12,1009270,28661
TU8loMjSjF0,US,Other,1,12,383303,16560
TVMPKzKvl1c,GB,Other,2,9,1604912,69514
TVMPKzKvl1c,IE,Other,6,21,2341032,88040
TVMPKzKvl1c,US,Other,2,8,1618495,69810
TWZD5c51VFQ,IN,Other,1,16,369114,12791
TXU_lcy2J-w,GB,Other,1,26,87850,2616
TXdD7qIJHZY,GB,Other,1,12,292491,14061
TXdD7qIJHZY,IE,Other,1,48,294910,14152
TY4BMiDU1bw,US,Movie/TV Trailer,1,17,31498,1173
TYsbxPS4FjI,GB,Movie/TV Trailer,1,13,30435,1725
TYsbxPS4FjI,US,Movie/TV Trailer,1,16,32093,1776
TZoXQuWKo6M,GB,Other,1,16,67242,3345
T_URgrM1G9g,IN,Movie/TV Trailer,1,11,94049,4438
T_awsKPAxPI,US,Reaction,1,19,10535,613
TbS9nmsNsIc,US,Other,1,15,0,0
TcWFp8Q6eug,IN,Movie/TV Trailer,1,28,131313,3085
Tcbr7gkC8JQ,GB,Sports,1,27,142220,3744
Tcbr7gkC8JQ,IE,Sports,1,39,143154,3757
TcxF1eJwPZE,IN,Other,1,21,834986,20131
Td-Eiulb_34,US,Other,1,27,0,0
TdtQzT-GRyw,GB,Other,1,25,27245,2196
TeUXamXEeM0,GB,Other,3,1,215849,7030
TeUXamXEeM0,IE,Other,12,13,551444,10456
TeWkcFrDwgo,GB,Other,1,33,731297,36517
TeWkcFrDwgo,US,Other,1,21,749261,36911
Tf4yrsPgqUc,US,Other,1,33,230031,7006
Tf9Rs2Ymglg,US,Other,1,34,32905,4067
TfABHlPa-Bg,GB,Movie/TV Trailer,1,20,99356,5605
TfDTNx9QjkY,GB,Sports,2,33,153897,13994
TfWt5AxUA18,GB,Other,1,34,159181,11722
TfWt5AxUA18,US,Other,2,22,161665,11825
Tfjz-o6B99o,GB,Music,1,34,38509,2877
TgPEV9QsbYw,GB,Other,1,25,60436,6415
Th1nH1Dyo6I,US,Music,1,19,90939,10441
ThcFmv2b_aY,GB,Gaming,1,35,308013,6720
Tij9cC64Pac,GB,Other,2,3,1866842,107359
Tij9cC64Pac,IE,Other,1,6,1871137,107456
Tij9cC64Pac,US,Other,2,3,1884193,108015
TitQphB-Puk,IN,Music,1,19,1044416,145736
Tj99Oc7lOLo,GB,Music,1,27,57480,3894
TkDOy8Hl83Q,US,Other,1,38,229914,10052
TkHmq7cgnZ0,IN,Other,1,49,41141,167
TklIECs0lZ4,IN,Music,2,21,310105,1426
Tl3PFpl776A,IN,Gaming,1,32,394297,6077
TlE6ArJCkHM,IN,Gaming,2,18,150643,2681
Tlu6igQ1rzA,US,Other,1,42,0,0
Tm6jt2Qq-k8,US,Other,1,35,0,0
Tm8Q5E0QqDw,GB,Other,1,28,38750,610
Tm8Y-8eizVc,US,Other,1,23,354848,9692
TmUJ4HHx1yY,GB,Other,1,39,270323,14229
TmUJ4HHx1yY,US,Other,1,42,276099,14437
Tme9hCqKmgc,US,Other,1,23,0,0
Tn6CPA6M32w,US,Other,1,41,230726,7428
Tn9JGg6161A,GB,Movie/TV Trailer,1,41,11931,589
TnHby2cxJzs,GB,Movie/TV Trailer,2,20,6416960,19825
TnHby2cxJzs,US,Movie/TV Trailer,1,23,4752648,16408
TncXKq1QfV0,US,Other,2,31,390882,4558
ToArgQW3IPU,IN,Gaming,1,39,216025,4699
Tq73hP1PCwE,IN,Gaming,1,39,132456,7716
TqFS73NH8PQ,GB,Music,2,15,289630,613
TqdiAfxub44,GB,Other,1,7,211652,2154
TqdiAfxub44,IE,Other,5,10,707419,6061
TqdiAfxub44,US,Other,1,10,217864,2183
Tqmjgz8PzSU,IN,Other,2,33,172800,974
TrMGdrCJ5Ck,GB,Movie/TV Trailer,1,28,688997,6466
TrMGdrCJ5Ck,US,Movie/TV Trailer,1,22,692730,6548
TrsXLH4eoqc,GB,Other,1,39,211302,12232
TrsXLH4eoqc,US,Other,1,30,224770,12575
Ts3LjeEl8Co,US,Other,1,45,94118,3021
Tt4pdVEMAmI,US,Other,1,35,120577,4500
Ttf2bN3MhAw,IN,Other,3,1,2553144,2928
TvU98h42qgA,GB,Gaming,1,47,141328,1963
Tw1je1iQs4s,IN,Movie/TV Trailer,2,26,678785,11937
Tw5QQsSflYc,GB,Music,2,3,1037720,31251
Tw5QQsSflYc,IN,Music,2,30,1039275,31273
Twx1qfcSX4k,IN,Gaming,1,36,1116673,2131
TxEjRWv3l48,GB,Sports,2,3,829551,27395
TxEjRWv3l48,US,Sports,1,44,393468,17041
TxXUlVxzU_g,IN,Gaming,1,27,1034301,2962
TyGV49EHppY,IN,Gaming,1,18,1142776,5422
TyrkDp4LMCM,IN,Gaming,2,12,1032607,7505
U-JyUSsROC0,GB,Other,3,6,1315808,57629
U-JyUSsROC0,IE,Other,4,21,1511102,62605
U-JyUSsROC0,US,Other,3,3,1322091,57779
U-aWl8_7P58,GB,Movie/TV Trailer,1,49,39549,1615
U-ct5Svx7E0,IN,Movie/TV Trailer,4,11,1148952,30036
U066wuBsrTc,GB,Other,1,6,335040,3384
U066wuBsrTc,US,Other,1,20,336455,3396
U0OpVYluw_8,GB,Other,1,33,349150,8385
U0OpVYluw_8,US,Other,1,21,350966,8402
U0VvvxOtShc,US,Other,1,30,0,0
U0WwEinkJ1I,GB,Sports,1,28,8371,1415
U0a1thwgLLk,IN,Other,1,6,843910,12666
U1-nNLcEts4,IN,Other,2,40,530653,2896
U22PXHpv1kI,IN,Reaction,1,46,21832,1434
U2ACmMcfCsM,IN,Gaming,1,27,364141,5900
U2o8v9uuRXE,IN,Other,2,15,303530,1769
U3Z3Pu1PF3k,IN,Other,1,32,397313,25345
U3wExc2X3AY,IN,Other,1,36,1030204,8822
U5okfSSsaDg,GB,Movie/TV Trailer,1,22,143681,1033
U5okfSSsaDg,US,Movie/TV Trailer,1,22,146164,1052
U5scXMfbAgQ,US,Music,2,18,139838,14797
U5x3WGL7GR0,GB,Other,1,25,313182,2044
U7HR9_uRljE,GB,Reaction,1,46,37951,3024
U7RT9LZ_6M0,GB,Movie/TV Trailer,1,48,135160,4981
U7RT9LZ_6M0,US,Movie/TV Trailer,1,11,140662,5052
U7WlWkBqeh8,IN,Movie/TV Trailer,2,28,47093,3502
U8xY_LZ2ud8,IN,Movie/TV Trailer,1,35,23748,992
U9A1GwDXQ34,IN,Other,1,25,527782,1758
U9EmVkQ5v54,GB,Movie/TV Trailer,1,29,164993,9386
U9KQEUuFIsc,IN,Gaming,1,33,992083,4723
U9ZWDUnnPQM,IN,Other,3,17,395388,20441
U9ZnuE4H2p4,GB,Other,1,19,531043,52208
U9ZnuE4H2p4,US,Other,1,10,538041,52408
U9bD5XLoifI,IE,Other,4,27,1905402,27702
U9bD5XLoifI,IE,Other,3,18,1829630,25881
U9bD5XLoifI,IE,Other,1,21,1850846,26324
UA4TMcLrs3M,US,Other,2,30,181657,8058
UASVdHRSIUk,IN,Movie/TV Trailer,3,29,129680,905
UB4DUxWpSHc,GB,Movie/TV Trailer,1,35,296838,6845
UB4DUxWpSHc,IN,Movie/TV Trailer,3,11,840012,12356
UC-w1zfQYkU,GB,Music,1,16,408246,1142
UC8c3Z4KHFE,IN,Other,2,11,1064644,35249
UDOIFBU543k,GB,Music,1,16,2077756,52968
UDOIFBU543k,IN,Music,4,7,8498824,114759
UDV5pN5cRyQ,US,Sports,1,6,0,0
UFupwE9PxsQ,IN,Gaming,1,23,405728,7126
UGkOFyDvxwM,IN,Movie/TV Trailer,2,29,166631,10899
UGn5WGGnbPs,US,Other,1,7,387848,244
UHHQiXGQsyc,GB,Movie/TV Trailer,1,25,97473,3227
UHHQiXGQsyc,US,Movie/TV Trailer,1,10,102531,3309
UIlGGgnvjxo,IN,Other,1,12,1039561,56339
UKJL7JfIvNg,GB,Movie/TV Trailer,2,5,1059456,64298
UKJL7JfIvNg,IE,Movie/TV Trailer,2,8,1060316,64312
UKJL7JfIvNg,US,Movie/TV Trailer,2,8,1061792,64395
UKPnBk6oIzU,GB,Other,1,36,138862,2126
UKdSed63DZM,IN,Sports,1,32,991790,1840
UNZeLWM9dnA,US,Music,1,30,240940,358
UNjAjZUdJsM,IN,Other,1,12,607960,1858
UOC7l7FuYwg,IN,Gaming,1,44,1014231,2950
UOKLtaE2U90,IN,Other,1,47,346605,9676
UOiGBDIbXNU,GB,Movie/TV Trailer,1,50,38306,2551
UPBi6cpIkgs,US,Music,1,27,162371,551
UPTatvpZNpE,IN,Other,2,13,392760,853
UQxRhHK_Bmw,GB,Movie/TV Trailer,1,41,53323,1625
URM9ArPmbME,US,Sports,1,18,0,0
URnZf4J_Q50,GB,Sports,1,38,200045,2835
URnZf4J_Q50,US,Sports,1,44,201576,2846
URrMx-2l_ek,GB,Movie/TV Trailer,2,17,634631,48824
URrMx-2l_ek,US,Movie/TV Trailer,2,14,636163,48889
USMR_UnZ5zU,IN,Gaming,2,20,776531,70970
USeT7jFrnJ8,GB,Movie/TV Trailer,1,26,28680,773
USiHtyn7ayQ,GB,Other,1,19,125667,6688
UUGGRIaVfds,GB,Music,2,10,582868,49977
UUGGRIaVfds,US,Music,1,19,347063,38133
UVEhJG03xgo,GB,Gaming,1,36,223466,30007
UVEhJG03xgo,US,Gaming,1,49,227116,30368
UVI5iCBd9zc,IN,Movie/TV Trailer,5,2,1002751,31233
UVfiagjy5vg,GB,Sports,3,1,1215881,12068
UVfiagjy5vg,IE,Sports,15,15,1335177,14184
UW0PrGVctcI,GB,Movie/TV Trailer,1,29,57198,2446
UW7HEjXaW1E,US,Other,1,33,129947,8505
UXGyivzy6BM,IN,Sports,2,6,1089210,17678
UXnuIai8Ewo,US,Other,1,33,130826,15564
UYxzxC_dpLY,IE,Other,7,15,1874491,3607
UZJ1WgGGEb8,IN,Movie/TV Trailer,1,11,174622,6989
UZJ1WgGGEb8,IN,Movie/TV Trailer,2,22,282677,9223
UZWUVg-HjI0,IN,Gaming,1,42,529542,11355
UZlhj6wooh8,GB,Other,1,16,128503,3583
U_9PVS0IVXg,GB,Other,1,6,77125,2272
U_dV5Qfabgw,GB,Gaming,1,21,334956,7826
UaSHU9-__hE,US,Other,1,23,142057,5432
UarXAEPfWSM,US,Other,1,48,91856,10071
Ub89X4lF4-s,IN,Reaction,2,11,387357,18906
UbGhHrLGuUo,US,Music,1,45,214551,434
Uc3cxBPwaLU,GB,Movie/TV Trailer,2,2,1028866,65832
Uc3cxBPwaLU,IE,Movie/TV Trailer,3,13,1178267,70744
Uc3cxBPwaLU,US,Movie/TV Trailer,2,5,1036440,66128
Uc4XIGXsUR0,IN,Other,2,6,1158728,40466
Ud48JdSoSJs,GB,Other,1,42,541191,36205
Ud48JdSoSJs,US,Other,1,9,565378,36931
Ud5e2iI8JQE,GB,Other,1,27,318514,10751
Ud5e2iI8JQE,IE,Other,2,42,544218,14988
Ud5e2iI8JQE,US,Other,1,9,334909,11021
UdAviHUU8v0,US,Other,1,12,252086,11829
UdTlNZe2y_o,IN,Movie/TV Trailer,2,34,59234,304
UewbkOjjjm8,GB,Gaming,1,38,129658,4144
Uf8TQskrCRs,US,Other,2,6,0,0
UgkOhrxJXS8,GB,Other,1,37,6883,648
Ugum6YwKBJA,GB,Other,1,13,625599,8297
Uh2ptH2jIhE,IN,Reaction,1,23,311667,15855
UhUgMvpCmbw,US,Other,1,26,106398,16185
Uh_XPaMnUNk,IN,Sports,1,29,275580,37618
Ui0ceEGLa0s,IN,Other,1,18,711221,18480
UjeJxCAu2c4,IN,Music,2,16,180428,2329
Uk_aLT1VpxA,US,Music,1,39,18743,5291
Ukn6GE7jRPU,IN,Other,1,15,328321,18208
Ulz6aWhs7L0,GB,Sports,1,17,1040607,19856
Ulz6aWhs7L0,IE,Sports,2,24,1410220,24800
Ulz6aWhs7L0,US,Sports,1,49,1059588,20058
UmdsLHds3Vk,IN,Gaming,1,30,1410223,6470
Umk1t-09FeA,GB,Movie/TV Trailer,1,20,159440,11875
UnFIrVKA9Zc,GB,Sports,2,3,2377601,129145
UnFIrVKA9Zc,IE,Sports,6,6,3456971,149926
UnFIrVKA9Zc,US,Sports,2,9,2408850,129722
Ungoh_WqLU0,IN,Reaction,1,17,188347,13183
UoAf0LNAn30,GB,Movie/TV Trailer,1,34,192438,1312
UoBVyxLCXPs,US,Gaming,1,28,312105,12013
UoRNwHQYvSA,GB,Music,1,42,59368,5821
UonPddf8O3M,GB,Music,1,1,124677,5495
Uoy7MGCEORM,IN,Movie/TV Trailer,4,8,847716,46568
Up8cgc9W_w0,GB,Other,1,47,202931,23057
Up8cgc9W_w0,US,Other,1,44,207857,23442
Up8oXqW4XfY,GB,Sports,2,4,562490,5567
UpTyRYKWi0I,GB,Gaming,1,15,1277355,14723
UpTyRYKWi0I,IE,Gaming,2,42,1625692,17231
UpTyRYKWi0I,US,Gaming,1,24,339550,5819
UqBDzqtO-Ms,IE,Gaming,1,36,428307,2138
UqDGwe3n0aI,US,Sports,1,40,0,0
UqNX30r9hTs,US,Other,1,49,103285,3387
Uqe2GCxjlWk,US,Gaming,1,49,178187,11169
UsJOl9AQeBw,US,Gaming,1,48,194523,8266
Ush4o-QQ5yw,IN,Other,2,10,398051,31061
UsupL6kpGuA,GB,Movie/TV Trailer,1,46,40425,631
Ut2zSNQ89L0,US,Other,1,46,632626,23125
UtVRJ9T2d94,IN,Gaming,1,21,607396,24924
UtiXP6ZTpK8,IN,Other,1,19,28975,166
UugJ6q1ek8c,GB,Other,1,33,1312094,10574
Uvh7S8lCFcc,GB,Challenge/Stunt,1,43,409309,18227
Uvh7S8lCFcc,US,Challenge/Stunt,1,42,435110,18845
UwM6WDFRFtM,US,Gaming,1,30,229217,5915
UxA1nJEZRUs,US,Other,2,4,810498,73657
UxOBbJPvh4Y,GB,Other,3,16,1130098,118430
UxOBbJPvh4Y,US,Other,4,10,1407113,128330
UxRuxjXJTiA,GB,Other,1,28,51036,3634
UyuTKdIsSAA,GB,Other,1,8,37389,3236
UyuTKdIsSAA,US,Other,1,14,38855,3302
UzOYYrk8mT0,IN,Other,1,43,29215,262
UzXmTNxuP64,IE,Other,5,15,1307082,45995
V-yAMs307W4,IE,Movie/TV Trailer,2,38,474116,10231
V0e9g02zWWM,IN,Gaming,1,12,1114958,2557
V0vwOuiWmrQ,GB,Other,1,23,248545,4299
V0vwOuiWmrQ,US,Other,1,44,250305,4320
V1Lr-_AxeR8,GB,Other,3,4,5876090,326115
V1Lr-_AxeR8,IE,Other,8,19,12073799,439236
V1Lr-_AxeR8,US,Other,3,4,5913856,326771
V1aGtu68hC4,GB,Music,2,10,2999607,156003
V1aGtu68hC4,IN,Music,3,4,3858484,170775
V1aGtu68hC4,US,Music,1,39,1788173,132673
V276Pu7NVMM,IN,Movie/TV Trailer,1,35,210965,62563
V2QqK0xDlqc,GB,Other,1,43,200176,9139
V2QqK0xDlqc,US,Other,1,18,223574,9623
V2uwm7NeL8s,GB,Music,1,31,87287,11868
V2z3vLFL-6Y,IE,Other,1,39,377534,52720
V2z3vLFL-6Y,US,Other,1,49,388669,53545
V4ihqFb2GpI,IE,Challenge/Stunt,6,14,1850789,39809
V4ihqFb2GpI,US,Challenge/Stunt,2,14,1104513,27104
V4wRg3UQnDg,IN,Movie/TV Trailer,1,40,37276,2703
V5LAS0FdEhc,IN,Movie/TV Trailer,1,37,2015279,15620
V5moyNtT2sM,IN,Gaming,2,6,1622104,27529
V6L1HMQIMQM,GB,Movie/TV Trailer,1,5,45490,779
V6ePGXh7NYc,IN,Other,1,41,448967,8273
V6pztFlxJo8,IN,Movie/TV Trailer,1,44,257142,6026
V75grXbrplU,US,Other,1,20,0,0
V7lrbQWRhCA,GB,Music,1,50,9611,2203
V8pO7AvYXJ8,IN,Other,1,33,832214,37663
V9GB_sb-yIU,GB,Other,1,19,80914,1124
V9Hiae9sHf8,US,Sports,1,14,0,0
V9TSD4SxdfY,GB,Other,1,45,792823,51561
V9TSD4SxdfY,IE,Other,7,9,1748988,81102
V9TUTxiX20s,IN,Gaming,2,12,1175757,18088
V9w-Jlg9bnc,US,Other,1,36,270891,8449
VAK_phGHJyI,GB,Other,1,24,58248,1717
VARJPpeQd5A,GB,Reaction,1,39,213659,9215
VAVsKS_a9mw,IN,Gaming,1,39,222752,3576
VAZoGpfMYsc,GB,Other,1,41,390033,21339
VAZoGpfMYsc,US,Other,1,34,403874,21712
VAuuKQ-xU4E,US,Other,1,37,0,0
VB-WGN99al4,GB,Music,1,46,238120,433
VB-WGN99al4,US,Music,2,25,72641,167
VBrK6gg5OVA,US,Movie/TV Trailer,1,46,139106,1084
VBy8HnQZv14,IN,Movie/TV Trailer,3,2,509526,23786
VC4C2QNiBC4,IN,Movie/TV Trailer,1,17,286808,12960
VCZGefh48rM,IN,Other,2,1,494707,20372
VCloolvnLO0,IN,Other,1,3,2900005,99718
VCnbH89QFbI,GB,Movie/TV Trailer,1,28,77766,678
VCnfbX_q-9c,GB,Movie/TV Trailer,2,10,2092305,66669
VCnfbX_q-9c,IE,Movie/TV Trailer,10,16,3520390,91287
VCnfbX_q-9c,IN,Movie/TV Trailer,3,2,2668800,76745
VCnfbX_q-9c,US,Movie/TV Trailer,2,22,2128666,67400
VCqUW26hR20,US,Other,1,31,216544,16501
VCuWxxEKdUY,GB,Other,1,12,497091,8380
VCuWxxEKdUY,US,Other,1,18,501541,8428
VD8cHPoI8-o,GB,Gaming,1,42,191545,14654
VDNYoYZ1QrM,US,Other,1,46,170513,9090
VDdQ_RmiVIc,IN,Other,2,33,290657,0
VEaI8OUcMvM,GB,Gaming,1,11,593154,27694
VEaI8OUcMvM,IE,Gaming,4,26,1486720,54274
VEaI8OUcMvM,US,Gaming,1,47,613631,28579
VEo1KKO0qB4,US,Other,1,48,207026,13525
VF0ayE-jE_w,GB,Other,1,20,9483,589
VFvzo89v_WU,IN,Other,1,3,2145972,60763
VGHYL6f2uc8,IN,Movie/TV Trailer,2,23,102120,821
VGlPo0yZFUY,IN,Music,4,16,1311902,7475
VGwunjxmYBI,IN,Movie/TV Trailer,1,23,162440,2284
VHYCTKXeV7s,US,Gaming,1,32,200630,4568
VHks9IYXHs0,IN,Gaming,1,49,311513,18367
VI9igkwFNI0,IE,Sports,3,32,1687574,11344
VIeX_Et764A,GB,Other,1,32,126047,661
VItLvwZGlE8,GB,Gaming,1,20,391610,30031
VItLvwZGlE8,US,Gaming,1,8,414473,30921
VJ2hjtkAzYc,GB,Other,1,43,49243,9068
VKIkKPjCnuE,US,Other,1,18,0,0
VK_haav5vg4,IN,Gaming,1,18,1029608,2852
VKx4BWOLM4Q,GB,Reaction,1,35,36217,1854
VL3_3rYSvec,US,Other,1,12,266567,10993
VLairhXivHg,IN,Other,2,15,842773,20841
VNJAT27AZPM,US,Other,1,15,292992,9635
VNO2lUs-JjI,IN,Movie/TV Trailer,1,17,397405,19175
VQ_lStk-UuI,GB,Sports,1,29,331421,9821
VRj9HGZp6UY,GB,Gaming,1,15,479097,34204
VRj9HGZp6UY,US,Gaming,1,9,509502,35507
VRngr5xQAGg,GB,Other,2,4,91800,5571
VRyrfV-w_bs,GB,Movie/TV Trailer,1,46,21263,374
VSY6b01fC08,IN,Music,2,10,1175596,69422
VSzfmP8zqXI,IN,Other,1,36,154154,1286
VU8WADqcbBI,US,Other,1,20,275601,8735
VUXIoafodvE,GB,Music,1,45,95950,421
VUwkKl7IL1w,GB,Other,1,27,574479,39025
VUwkKl7IL1w,US,Other,1,9,605930,39877
VVI7e7TtS0k,GB,Other,1,27,341769,15745
VVI7e7TtS0k,US,Other,1,24,350020,16031
VWLQCTBbzfU,IN,Gaming,1,10,512740,1550
VXCKP3UZBck,IN,Gaming,1,40,636862,2060
VXKFSThNp8A,GB,Music,1,28,107235,582
VXs_WVZZLEA,IN,Other,4,1,3691197,133926
VYkXJ5ujRWs,GB,Gaming,1,45,655910,11831
VZOIQvsdR1M,IN,Movie/TV Trailer,1,46,92817,1567
VZrRNaskr_U,US,Other,1,22,132507,24875
V_41qWXP6hM,US,Other,1,22,0,0
V_LbQz_PuP8,US,Other,1,48,268165,10245
V_cw3I1KdR8,US,Other,1,39,33955,3197
V_g_Ut0jO-0,GB,Movie/TV Trailer,3,2,7951632,95975
V_g_Ut0jO-0,IE,Movie/TV Trailer,11,5,14176346,118221
V_g_Ut0jO-0,IN,Movie/TV Trailer,2,49,6307467,82694
V_g_Ut0jO-0,US,Movie/TV Trailer,3,2,8003609,96186
V_p-NGD_O3c,IN,Movie/TV Trailer,4,11,588730,23087
V_rI70gSsLw,GB,Other,2,37,563479,3151
Vagb9BqdX8g,GB,Other,2,12,1607496,72600
Vagb9BqdX8g,IE,Other,7,9,2485502,94074
Vagb9BqdX8g,US,Other,2,3,1625684,72982
VbGvoWqMhOc,IN,Sports,1,12,1022781,34704
VbZf1Db3wfY,GB,Other,1,40,10777,827
Vc3Dtc8ybTI,IN,Other,1,48,230669,714
VcQ-hKfmuRA,GB,Other,1,44,278925,11803
VcQ-hKfmuRA,US,Other,1,40,296848,12316
Vccie3eWECI,GB,Gaming,2,5,445249,22390
Vccie3eWECI,IE,Gaming,5,23,697874,29787
VcoT-VeH4Lc,US,Movie/TV Trailer,1,29,55418,4071
Vcrtq6uWbGM,IN,Other,3,9,971703,37338
Vd60BO4uE54,GB,Other,2,13,232231,18631
Ve22OCfhopY,US,Other,1,38,0,0
VfWCDFAanuo,IN,Movie/TV Trailer,1,32,139192,5286
VfZcPLEKLdg,US,Other,1,21,264250,11113
VgQTU5zWN4A,GB,Movie/TV Trailer,1,14,121780,3617
VgQTU5zWN4A,US,Movie/TV Trailer,2,5,213297,5343
VgvmYuEnmj0,GB,Other,1,13,182296,2713
Vh_uBqLOBxo,IN,Other,1,44,175149,615
VhvVgsPcSRA,IN,Movie/TV Trailer,1,28,65976,1862
VlQtI87lBYw,IN,Gaming,1,40,82282,1485
VlrcX3aXpgY,US,Other,1,42,415324,22341
Vlt12YGU8es,IN,Other,2,20,1079769,57526
VmCHJMxtEqE,US,Other,1,44,273663,7378
VnLg9ZGxaF4,US,Music,1,7,86371,12132
VnPsp2vhXH0,US,Other,1,36,47229,5247
Vo6QTBMdUfU,GB,Sports,1,9,14838698,298868
Vo6QTBMdUfU,IE,Sports,13,6,27904846,448374
Vo6QTBMdUfU,IN,Sports,1,24,14860352,299217
Vo6QTBMdUfU,US,Sports,1,22,14969456,301022
VqDaD6fi2Zs,GB,Movie/TV Trailer,1,37,85171,836
VqGsu-5jluw,GB,Music,1,43,25304,2540
VqMaEBLbN1g,GB,Movie/TV Trailer,1,41,41280,2669
VqyTzhoiCds,IN,Other,2,7,813562,3903
VrUhMzf78tY,IN,Movie/TV Trailer,2,11,359451,11429
Vt7860xZFXk,GB,Movie/TV Trailer,3,13,2099472,64979
Vt7860xZFXk,IE,Movie/TV Trailer,15,11,3428173,85189
Vt7860xZFXk,US,Movie/TV Trailer,2,8,1130239,44947
Vt7860xZFXk,IE,Movie/TV Trailer,1,41,3498964,86055
VtQ8rf2EVw8,US,Other,1,29,405016,5492
VtdM25ZNEnw,GB,Other,1,16,560773,69172
VtdM25ZNEnw,IN,Other,1,31,1373086,92084
Vu8qdEGiFxA,GB,Other,1,36,117873,8147
VvAE1ph3UdQ,GB,Other,1,18,129030,5864
VvoJ3hMeLRc,GB,Movie/TV Trailer,1,26,26898,2096
Vwxpq-PXHLY,US,Movie/TV Trailer,1,43,40674,1441
Vx3hJx_hw6U,GB,Sports,1,26,195518,7384
Vx3hJx_hw6U,IE,Sports,1,44,195870,7405
VxSgqK5a4Sc,US,Reaction,1,8,87032,4903
VxUYhTcVSdA,GB,Music,1,40,251338,868
Vxplyr3toyw,US,Other,2,1,616524,56255
VxthxVIbZvI,GB,Music,1,42,38127,112
Vy3TNs_RYAI,US,Other,1,16,116538,213
VyBUKRMLVhY,IN,Other,1,23,371042,5967
VyZKYhM0Kv4,GB,Movie/TV Trailer,1,8,474173,41102
VyZKYhM0Kv4,IE,Movie/TV Trailer,2,38,661626,47312
VyZKYhM0Kv4,US,Movie/TV Trailer,1,11,486706,41505
VyrRAlObmKM,GB,Gaming,1,42,198599,2983
W-GRHQ33kiU,US,Other,1,34,0,0
W0dNncJMyEU,US,Other,1,35,50688,2772
W0zlV_FZgO8,US,Gaming,1,47,210500,10131
W1sS0AjQai4,US,Other,3,10,235361,13446
W2nmn9lTbj8,US,Other,1,9,0,0
W32Awnh1q4Q,GB,Gaming,1,44,1436682,13286
W35jk66GI0Y,US,Other,1,37,220037,6989
W3e2Gt9qowg,GB,Gaming,2,20,231342,8834
W3e2Gt9qowg,US,Gaming,1,26,159070,6755
W3fAdzPjv-g,US,Music,1,10,920697,20697
W4_Cij6Y2Ks,US,Music,1,13,29985,82
W53DEo3-sn8,GB,Other,1,38,9560,392
W5UNBSzC8wI,US,Sports,1,23,0,0
W6ekzrtQBlY,IN,Music,4,4,1427698,48896
W7hbVbHCSK8,IN,Movie/TV Trailer,3,11,420842,16784
W7ssW0Clkr4,GB,Gaming,1,50,66661,3251
W8HbJUvdo4A,GB,Other,1,6,357912,27368
W8HbJUvdo4A,US,Other,1,22,372208,27977
W8eCjrT_Nqo,GB,Other,2,15,554331,8286
W8qBoPm7amU,US,Other,2,26,790892,1671
W9-OVlDjC1I,GB,Other,1,42,49484,1137
W9-gnVVLwrk,IN,Movie/TV Trailer,1,50,63357,409
W92zT9_TNdk,GB,Other,1,13,105810,631
W9GzPZutI5g,IN,Music,1,46,102600,640
W9YVz2AhpzY,IN,Other,1,48,182837,715
W9cL860xg9M,GB,Movie/TV Trailer,1,49,56879,4307
W9cL860xg9M,US,Movie/TV Trailer,1,25,59196,4389
W9kbUS2GWiM,IN,Gaming,3,14,2156262,49877
WA9O6kdDBgM,US,Sports,1,18,250641,8222
WAFfr4Cz4WE,IN,Gaming,2,14,963537,11594
WAGSleU6mJA,US,Other,1,25,95832,21711
WAHaBF2YJL8,US,Other,2,7,851931,1322
WATPQuYOztY,GB,Movie/TV Trailer,1,20,99366,827
WBaGy-mHzXc,GB,Gaming,1,30,334686,5094
WBbSjKEdjuQ,US,Other,3,16,360897,33918
WC3xru3MKgY,IN,Other,1,33,80811,684
WCV3jkTdvnM,IN,Gaming,3,3,1544665,6016
WCmIg0b4plo,GB,Music,2,25,801972,6225
WDMdfFo6ygM,GB,Other,1,47,142652,3033
WDWGwoJhThQ,IN,Other,2,34,307256,4580
WDgQOGqM59s,US,Other,1,49,109698,3077
WDi-LB-LtJo,IN,Gaming,1,49,465212,6105
WDxqbhQRNfo,IE,Other,3,40,738809,12961
WDxqbhQRNfo,GB,Music,1,19,103748,8078
WDxqbhQRNfo,IE,Music,6,13,382843,11967
WDxqbhQRNfo,IE,Music,1,34,469766,12335
WEO4zFRe7pg,IN,Other,1,42,272693,44818
WElyUHkdbOg,US,Other,1,26,188791,8882
WF-to88Dmc4,US,Other,1,29,0,0
WF2HO4P8L30,US,Other,1,20,0,0
WF2RtLKHU_U,GB,Movie/TV Trailer,1,49,25595,742
WFLgEGaZ8g0,GB,Other,1,20,238350,22516
WFLgEGaZ8g0,US,Other,1,17,251271,23153
WGUOBBnljiM,GB,Other,1,44,423407,86253
WHg1eltJ3Ek,IN,Other,3,10,2154770,31913
WHqVeEIAgOs,GB,Reaction,1,47,27404,1650
WHqVeEIAgOs,US,Reaction,1,38,28987,1699
WIi6Upq5p58,GB,Other,1,16,55916,4335
WIi6Upq5p58,IE,Other,3,1,396564,10015
WJMbHySi5eQ,GB,Movie/TV Trailer,1,41,61398,1720
WJO4INOOsEY,GB,Music,2,30,295442,1276
WKFMmvRBzqk,GB,Other,1,41,259108,24721
WKFMmvRBzqk,US,Other,1,17,270585,25272
WLTcZwiuFAU,GB,Other,1,20,240876,4184
WLTcZwiuFAU,US,Other,1,47,244624,4204
WMaxIicBoVo,GB,Sports,1,6,834828,27976
WMaxIicBoVo,IE,Sports,3,23,903747,28457
WMaxIicBoVo,US,Sports,1,6,842208,28043
WMw4ONZGEyg,IN,Other,1,12,554442,23436
WNM6tnq6UoA,US,Other,1,36,0,0
WO0bg33MpsU,IN,Other,1,20,112939,2582
WOyaERescWU,IN,Other,1,45,117472,5569
WPQzx8Rya6Y,US,Sports,1,9,0,0
WPZmjT8MCR4,IN,Movie/TV Trailer,3,13,253337,7455
WQQUFxTi9dM,US,Music,1,21,94834,311
WQyMujc7Vik,US,Other,1,39,468206,15166
WR2Jmz7v-Nc,GB,Gaming,1,30,249266,7257
WR2Jmz7v-Nc,US,Gaming,1,50,266243,7605
WRMk0KumtfI,IN,Other,2,1,519952,924
WSDSWdIt3jY,GB,Other,1,42,557810,83236
WSIVJjOG4CA,GB,Music,2,4,45211,2304
WSmBYogPGgE,IN,Movie/TV Trailer,2,29,153789,9109
WSp2-7_z-MM,GB,Other,2,24,276837,9350
WSv4BfIMNRA,GB,Other,1,39,104451,8729
WTpVOqpSI68,GB,Sports,1,18,74618,1680
WTpVOqpSI68,IE,Sports,1,38,74772,1683
WTphqP-5tAI,GB,Reaction,1,25,31401,1753
WUI6kVV6_g4,US,Other,1,20,325407,24974
WWIfHemqSEA,IN,Other,1,45,603692,5788
WWWl1NMV0eo,IE,Other,1,44,1296553,34878
WWWl1NMV0eo,US,Other,1,41,1318473,35481
WWWl1NMV0eo,US,Other,1,17,258744,11538
WXq6TyVhF9Y,IN,Other,1,21,362169,20717
WYB23vRwOwM,IN,Sports,1,9,453526,1470
WYDC6zW17p4,US,Other,1,31,247464,288
WYumxDCFotI,IN,Other,1,6,529830,4897
WZP5SHXZt00,IN,Other,1,33,409922,32502
WZaFyjh_f50,IN,Gaming,3,12,1692889,87704
W_-x0UpNy_0,IN,Sports,1,9,2568895,45948
W_0V2Vzh1hE,US,Music,1,10,57860,6935
W_WqUQwnLrY,GB,Music,1,4,64350,2491
W_Xmd9IVr9Y,IN,Gaming,1,36,986266,3333
W_gfdoMb33c,GB,Other,1,42,333969,20938
W_gfdoMb33c,IE,Other,1,45,336040,20972
W_gfdoMb33c,US,Other,1,41,341509,21196
WamHKNak2x4,GB,Other,1,39,144338,2632
Wb3HIw_YU4E,GB,Movie/TV Trailer,1,13,31679,3852
Wb3HIw_YU4E,IE,Movie/TV Trailer,8,22,81320,6738
WbO2iaw7b8k,GB,Reaction,1,30,189884,14096
WbO2iaw7b8k,US,Reaction,1,36,196210,14356
WbSm1P14tCs,GB,Music,1,27,236998,11021
WbT2yTxOMvY,GB,Other,1,22,6584,1068
WbUNpXO8GT0,US,Other,1,46,0,0
Wbh0cCfT2yw,GB,Other,1,47,206333,7438
WbkQp_XEJbw,US,Other,9,1,99280,2779
Wbs6-kCmf04,IN,Other,1,44,337401,3732
Wc5_B-OQM_M,US,Other,1,50,353566,14112
WceYgP4mpRw,GB,Gaming,1,45,79234,4183
WciZaqXGV68,GB,Other,1,41,59833,2791
Wcpb9nrvcII,US,Other,1,22,43347,2554
WcrXy0Y6V38,IN,Gaming,2,23,682457,7741
WdYbMmQNVJ0,US,Other,1,23,202694,8190
WdhNrjJxb8Y,IN,Gaming,1,30,111342,2438
WfludDzLFE0,IN,Other,1,48,78883,732
WgKnGl2rLBo,GB,Gaming,1,47,96234,4662
WgdoRA6VAew,GB,Movie/TV Trailer,1,32,38290,2867
WgdoRA6VAew,US,Movie/TV Trailer,1,21,39700,2921
WhAtNH1amQ4,IN,Gaming,1,32,113507,5513
WhGuiM_v0CU,GB,Other,1,42,224484,8144
WhWtLi_FqLo,GB,Other,1,15,301137,13907
WhWtLi_FqLo,US,Other,1,48,311898,14180
WhnQzZb04jk,IN,Other,4,3,5393778,138717
Whnh6qFIa8g,GB,Other,1,42,260159,11910
Whnh6qFIa8g,US,Other,1,26,266030,12081
WiEmQz1wdOQ,GB,Other,1,35,983242,13337
WihUVPVeZSw,GB,Movie/TV Trailer,1,14,123380,6929
WihUVPVeZSw,IE,Movie/TV Trailer,4,38,184438,8528
WihUVPVeZSw,US,Movie/TV Trailer,1,11,124794,6963
WipX2WgAExQ,US,Gaming,1,47,207110,14260
Wj59k1EgQ24,US,Other,1,24,324359,24649
WkNuFKk90O0,US,Other,1,41,0,0
WlcKUf1Dwc8,IN,Other,2,18,895229,44168
Wm9V-stPDos,GB,Other,1,31,242046,9831
Wm9V-stPDos,US,Other,1,24,745492,19701
WmFm7-lNq9I,GB,Music,2,10,1042746,21998
WmFm7-lNq9I,IN,Music,3,4,1316794,27868
WmXbKZijDyg,GB,Gaming,1,39,420597,9273
WmXbKZijDyg,US,Gaming,1,33,429331,9446
Wn2m4Xhk2UE,GB,Movie/TV Trailer,1,26,363879,22679
WnElPRbPchY,IN,Other,1,19,39116,372
WnZEkQKPFXw,GB,Music,1,48,805819,2107
WnoY3M1eaeE,GB,Movie/TV Trailer,1,38,1404204,15780
WnoY3M1eaeE,IN,Movie/TV Trailer,4,8,7710621,25005
WqBkcgR5jaM,GB,Movie/TV Trailer,2,35,119742,5965
WqBkcgR5jaM,US,Movie/TV Trailer,2,11,120471,5981
WqPjoh8oLUs,GB,Sports,1,28,89333,9425
WqgNDKpj-lA,IN,Gaming,1,47,1040820,2752
Wr6FMtUpcg0,GB,Movie/TV Trailer,1,38,28256,565
Wrleuiw4_QA,US,Music,1,30,228561,2456
WrrDz88XyJA,GB,Other,1,40,304008,60882
Ws2uz8sldqg,GB,Movie/TV Trailer,2,17,358363,23608
Ws2uz8sldqg,IE,Movie/TV Trailer,5,19,515677,30309
Ws2uz8sldqg,US,Movie/TV Trailer,2,17,361316,23717
Ws4-yMigNaM,GB,Movie/TV Trailer,1,49,61034,3130
Ws4-yMigNaM,US,Movie/TV Trailer,1,22,68046,3242
Ws8DIWb52gg,GB,Reaction,1,25,215891,12064
Ws8DIWb52gg,IE,Reaction,2,34,242343,13046
Ws8DIWb52gg,US,Reaction,1,25,217293,12111
WsKFL9SfhXs,GB,Movie/TV Trailer,1,20,189553,18188
WsKFL9SfhXs,US,Movie/TV Trailer,1,14,191357,18249
WsVp3qTeCY0,GB,Other,2,3,156609,3705
WsVp3qTeCY0,IE,Other,2,36,156711,3711
Wt54tIna4EA,US,Sports,1,9,0,0
Wto1tJAf-S4,GB,Movie/TV Trailer,1,44,71182,6727
Wu3pEWQzbgM,IE,Gaming,1,33,1010912,10334
WuTGpkVz7Mk,GB,Reaction,2,5,72911,2369
WuTGpkVz7Mk,IE,Reaction,4,40,94889,2820
WufKFtgYeAI,GB,Other,1,45,236692,9646
WufKFtgYeAI,US,Other,1,9,261299,10127
WvFsqKeeTJ4,US,Other,1,40,259059,9377
WvSFr_CMnKE,IN,Gaming,1,18,1528148,4702
Wvw88922qVY,GB,Music,1,34,62968,7381
WwrXZQLok8A,IN,Movie/TV Trailer,1,37,91031,1523
WwtA2E9Mx4Y,IN,Other,2,18,789542,44400
Wx40PQl-mss,GB,Other,1,41,108250,3853
Wx40PQl-mss,US,Other,1,44,111706,3920
WxGWMI2B7r8,GB,Other,1,1,1402313,132085
WxGWMI2B7r8,US,Other,1,7,1444780,134312
WxI4pqGkZmc,GB,Other,1,33,324129,5990
WxI4pqGkZmc,US,Other,1,30,347493,6229
WxKMQCUHgj8,GB,Other,1,3,858072,50608
WxKMQCUHgj8,US,Other,2,3,1458475,72361
WxLUZ1omFA8,GB,Movie/TV Trailer,2,8,732679,28643
WxLUZ1omFA8,US,Movie/TV Trailer,2,20,734546,28733
WxP5iYYflpI,IN,Gaming,5,3,5882634,255515
WxznQKEuA5w,IN,Gaming,1,49,342760,21152
WyUAElsW2nI,US,Other,2,31,322163,6771
Wy_OZMWznIA,US,Sports,1,37,205106,7719
WygMgQ5F-tE,IN,Movie/TV Trailer,1,40,114881,2788
WyzjymC8WwY,US,Other,1,31,0,0
Wzi9izGQYjA,GB,Reaction,1,29,44428,1011
Wzi9izGQYjA,IE,Reaction,1,50,44432,1011
Wzn9bh3V30M,US,Other,1,33,282938,13693
X0BobiYEv-s,GB,Music,1,37,205773,837
X0Kh7ATuTT4,US,Other,1,48,0,0
X0oFLuUR-qQ,GB,Movie/TV Trailer,2,5,714388,4321
X0y-DAYmR6s,IN,Other,2,31,89142,676
X1yQd54yPqg,GB,Movie/TV Trailer,1,47,28133,545
X2tUWo0wkCQ,US,Music,1,46,312279,739
X3CQ_nXht8M,US,Other,1,41,0,0
X3Lm2umNa20,GB,Reaction,1,44,115793,5956
X3Lm2umNa20,US,Reaction,2,14,171419,7789
X3YcAByiKDQ,GB,Movie/TV Trailer,1,17,67413,737
X3YcAByiKDQ,US,Movie/TV Trailer,1,23,73061,766
X3h6ea7EUDc,IN,Other,1,23,666946,79042
X3kxopidS9U,US,Other,1,14,242930,10265
X426TiiwaRc,US,Other,1,33,204949,9368
X44cSfCNAbU,GB,Movie/TV Trailer,1,41,80530,4204
X4vVuqxpOaw,IN,Other,2,9,1502716,8795
X4vVuqxpOaw,IN,Other,1,12,526040,4507
X51G_IDyXls,US,Other,1,49,0,0
X56BMC18BJc,GB,Music,2,6,130455,326
X5HRgdJpaQs,US,Other,1,16,435077,6280
X5MKrg54W00,US,Other,1,46,0,0
X5hL_rATLvs,IN,Movie/TV Trailer,2,27,45390,1759
X6pRDjqZxjU,US,Other,1,48,125624,12563
X6qavZXhXFM,GB,Music,3,6,42417,1866
X79At3E0gfE,GB,Movie/TV Trailer,1,29,9024,934
X7Em5AAk7GE,GB,Music,1,49,367614,3618
X8I4OA80CI4,GB,Gaming,1,30,83054,4587
X8UlNl6VB0g,US,Movie/TV Trailer,1,34,138941,7566
X93pS2WVE6Y,US,Other,1,28,55653,2681
X9CsK_nuqdE,GB,Other,1,28,525947,75741
X9CsK_nuqdE,US,Other,1,7,561434,77747
X9CsK_nuqdE,GB,Other,1,39,1772053,149648
X9CsK_nuqdE,US,Other,1,16,1791802,150397
X9_MTsYAQUs,US,Other,1,20,436041,17543
XAB_-JiJJRQ,GB,Gaming,1,36,751696,41157
XAB_-JiJJRQ,IE,Gaming,4,27,1245886,55621
XAB_-JiJJRQ,US,Gaming,1,38,772099,41587
XADMty8a2eY,GB,Movie/TV Trailer,1,26,58737,1492
XADMty8a2eY,US,Movie/TV Trailer,1,14,60668,1524
XAbD4DKLw98,IE,Movie/TV Trailer,1,47,963429,28559
XB-G-7H1EDM,US,Music,2,21,150886,963
XBW8vsscafM,US,Movie/TV Trailer,1,47,78181,4379
XBYlJxr-AaY,US,Other,1,33,96104,6878
XCKwYhgT1AM,GB,Other,1,3,348760,26360
XCKwYhgT1AM,IE,Other,4,12,963880,51455
XCKwYhgT1AM,US,Other,1,27,366288,26978
XCcvKoFgs2M,IN,Other,1,33,405913,16449
XCkbqALm8aA,GB,Other,1,32,152687,17357
XDUBZuZAf6Y,GB,Reaction,1,14,234295,3880
XE60W-jVvHU,US,Other,1,36,0,0
XFvpuXLkTe8,GB,Other,1,39,266869,10561
XGsZEfUlFA8,US,Movie/TV Trailer,1,32,30935,1349
XH5gFkWOBZM,US,Gaming,1,40,172769,7029
XHTuuNKheAA,US,Other,1,39,60631,733
XH_Gbr77KrQ,GB,Movie/TV Trailer,1,44,58935,1160
XJLYdW8A5Ug,IN,Other,2,25,572740,1422
XJUKh9LJIfA,IN,Gaming,1,32,1154134,15110
XJXyjVsBx8Q,IN,Other,3,10,1070180,2828
XKeyc6CLkxE,GB,Other,1,39,405911,11394
XLGKH6L93F0,US,Other,2,10,1448584,70209
XLVm2C-6v4o,IN,Sports,3,18,594062,5349
XLYvErhvfQY,GB,Gaming,1,36,210939,7410
XLlmc1hmklc,GB,Gaming,1,9,4066214,45231
XLlmc1hmklc,US,Gaming,1,46,4073414,45283
XMvAWKrRyOA,IN,Gaming,1,18,2629788,9959
XNatAfADSpM,IE,Other,1,47,980603,46577
XNatAfADSpM,GB,Other,1,6,275498,19456
XNatAfADSpM,IE,Other,4,21,889711,43721
XNatAfADSpM,US,Other,1,18,294117,20060
XNoNq7GtoBI,GB,Other,1,14,374026,4615
XNoNq7GtoBI,US,Other,1,23,384365,4686
XQexho460PU,IN,Gaming,2,25,341907,1195
XQxM_RCzY60,GB,Other,1,36,195800,1356
XSWM9Uo5Eyg,GB,Challenge/Stunt,1,26,842526,23916
XSWM9Uo5Eyg,US,Challenge/Stunt,1,47,857338,24211
XT1s-vDthj0,US,Other,1,41,209042,12620
XURi-RkaJcw,GB,Movie/TV Trailer,1,28,94916,3975
XURi-RkaJcw,US,Movie/TV Trailer,1,25,95602,3982
XUgmh8lf8Yo,IN,Music,4,1,1422430,2635
XUxWl0vpZDc,US,Music,1,13,254829,446
XVIuvxvf9Tg,IN,Gaming,1,39,331194,4201
XVNA238sT9Q,GB,Challenge/Stunt,1,40,238469,5803
XVvLRbR4Pa0,GB,Music,1,22,261844,26134
XXIX2WnfbpE,GB,Other,1,28,4804184,412153
XXIX2WnfbpE,IE,Other,2,1,5807422,443455
XXIX2WnfbpE,US,Other,1,22,4832238,412872
XXIX2WnfbpE,GB,Music,2,4,3599632,352356
XXIX2WnfbpE,IE,Music,23,1,16048548,604136
XXIX2WnfbpE,US,Music,2,1,3638478,354012
XXK9A0lII5A,GB,Movie/TV Trailer,1,16,68502,1507
XXK9A0lII5A,US,Movie/TV Trailer,1,10,71027,1540
XXmo68IPryI,GB,Movie/TV Trailer,1,41,203334,15258
XXxUqLHq1xg,GB,Movie/TV Trailer,2,2,21192991,138968
XXxUqLHq1xg,IE,Movie/TV Trailer,1,41,12688123,79115
XXxUqLHq1xg,IN,Movie/TV Trailer,7,2,31359542,183470
XXxUqLHq1xg,US,Movie/TV Trailer,2,5,21735927,139796
XZoowSq0oYw,IN,Music,1,27,229662,856
X_1FukdHbXc,IN,Gaming,1,44,238761,4536
X_EW1a53GHE,GB,Movie/TV Trailer,1,20,65169,1769
X_iPu8uE1Q4,IN,Other,1,15,364764,20130
X_qDGFfWb0s,US,Gaming,1,49,62457,5402
X_xGiFjMls8,US,Gaming,1,20,212733,1891
XaIPf-LpCI0,GB,Gaming,1,9,2760669,22869
XaIPf-LpCI0,IE,Gaming,2,18,2819274,22871
XaIPf-LpCI0,US,Gaming,1,26,2765070,22889
XaSxamrNx6k,IN,Other,1,48,789852,5814
XbsShkWWMV0,GB,Music,1,22,720056,19183
XbsShkWWMV0,IN,Music,2,13,1557330,27373
XcLJGOF5hRY,IN,Gaming,2,11,927042,12903
XcfyzMMlZok,GB,Other,1,34,206672,3705
Xchn4TKlyy4,IN,Other,1,49,22614,395
XdumyvpHPZM,GB,Other,1,21,584228,31941
XdumyvpHPZM,US,Other,1,15,593163,32164
Xe0_4du1OBY,GB,Challenge/Stunt,1,48,165748,6739
Xe0_4du1OBY,US,Challenge/Stunt,1,39,175656,6958
Xe7TOx9mDq0,GB,Other,1,40,14407,3469
XeCXsy_7CG0,IN,Music,1,45,257969,2417
XeFEHJTxw4M,US,Other,1,29,161541,10160
XfApxifKvMg,US,Other,1,38,240122,14224
XfrfN0gW-oQ,GB,Other,1,6,893299,10455
XfrfN0gW-oQ,IE,Other,7,9,913772,10550
XfrfN0gW-oQ,US,Other,1,6,895085,10466
XgcqAaxTyHo,GB,Movie/TV Trailer,1,32,75773,2088
XgmdslsEJ1M,GB,Other,1,22,532710,104961
XgmdslsEJ1M,US,Other,1,28,541894,105905
Xh0vV4NRaWQ,IN,Gaming,2,9,4571189,8159
Xj8N5iI4EgQ,GB,Other,1,49,124587,2192
XjETqRB-S3Q,IN,Movie/TV Trailer,1,37,118193,5568
XjEhaognaKA,GB,Movie/TV Trailer,1,32,84946,2326
XjEhaognaKA,US,Movie/TV Trailer,1,17,86179,2348
XjNCpP9hLfE,IN,Gaming,1,6,856658,12383
XjfNsjntbtk,US,Other,1,39,0,0
Xjt50--q4Ro,IN,Other,1,18,458328,8774
Xk-xcQovCQU,IN,Sports,1,38,1662659,2108
XkIztstvRKc,GB,Other,2,13,190871,8842
XkIztstvRKc,IE,Other,22,1,1355013,26607
XkIzyiedvH4,US,Other,1,27,123363,10253
XkZD8PfGFyY,IN,Other,1,38,160787,3316
XlAVMYvsKdQ,US,Other,1,16,0,0
XlaaKQfwyjY,GB,Music,1,16,188368,452
Xm9sQeV7Apk,IE,Challenge/Stunt,8,11,3132168,5016
XmGVPhuFfFs,IN,Music,4,25,988156,2345
XmcIjxwLJcY,GB,Movie/TV Trailer,2,5,1917064,84414
XmcIjxwLJcY,IE,Movie/TV Trailer,11,5,2828113,98864
XmcIjxwLJcY,US,Movie/TV Trailer,2,2,1934729,84748
XmpTaoqGs1k,US,Other,1,36,0,0
Xmy-Z3dHMd8,GB,Movie/TV Trailer,2,13,1736308,73325
Xmy-Z3dHMd8,IE,Movie/TV Trailer,10,19,2158802,80103
Xmy-Z3dHMd8,IN,Movie/TV Trailer,2,37,1737818,73358
Xmy-Z3dHMd8,US,Movie/TV Trailer,3,2,1911043,76334
XnUBReDkvv0,IE,Other,3,27,11700,0
XnVjLoo7lJQ,GB,Gaming,1,9,2157278,17213
XnVjLoo7lJQ,IE,Gaming,5,18,2189817,17214
XnVjLoo7lJQ,US,Gaming,1,34,2160867,17225
Xng656DezcM,IN,Other,2,10,1381630,41685
Xnqqtf_MM-8,IN,Other,1,3,1252780,7262
Xo3I2ZIXrtY,US,Other,1,48,52317,1523
Xq3qoPWxg6I,GB,Sports,1,12,43789,3921
Xq88FYQYjrI,IN,Other,1,29,53394,737
XqdWJUKYalA,GB,Reaction,1,32,48922,2941
XqdWJUKYalA,US,Reaction,1,44,50498,3018
Xr09P1HAMzo,GB,Gaming,1,39,728821,3939
Xs9AniVjJuI,IN,Other,1,34,104241,407
XsGS0d2xLXA,GB,Music,1,22,187288,10942
XsGS0d2xLXA,US,Music,1,25,28023,4490
XscUvf1_G8E,GB,Music,1,6,540651,4064
XscUvf1_G8E,US,Music,1,30,551986,4098
Xsuz5J6-xTw,GB,Movie/TV Trailer,1,41,12000,1407
Xt4X4FvXk2A,IE,Movie/TV Trailer,1,11,15374541,283980
XtBioAh0fdI,US,Other,1,46,0,0
XtMatq-PSaI,GB,Movie/TV Trailer,1,38,66345,7296
XtMatq-PSaI,US,Movie/TV Trailer,1,41,68240,7443
XtNMqy_MvQ0,GB,Gaming,1,6,342732,4714
XtNMqy_MvQ0,IE,Gaming,2,33,559262,6313
XtNMqy_MvQ0,US,Gaming,1,36,356973,4777
XuPm-_5sNos,US,Other,1,43,161086,5757
Xuhbhd5m-UA,US,Movie/TV Trailer,1,8,81525,2772
XupAUsXqi_k,GB,Other,1,39,446252,28617
XupAUsXqi_k,US,Other,1,26,466276,29322
XvCJ9g-XJgo,IN,Movie/TV Trailer,4,14,7957193,7833
XvmtSur5im8,US,Other,1,30,43509,2112
XwgcNJVB3yU,US,Other,1,15,32271,5031
XyDabx34rug,US,Other,2,12,1486134,68816
XyJ8jGjogic,GB,Other,1,3,770502,51575
XyJ8jGjogic,IE,Other,3,30,1642442,84962
XyJ8jGjogic,US,Other,2,6,1437666,78157
XyvfiP6NZYg,US,Other,1,48,133809,10534
Xz1XvzYPFOU,US,Other,1,13,43434,1560
Xz6dJ6IZoI4,GB,Other,1,42,83527,1540
Xz6dJ6IZoI4,IE,Other,2,36,128351,1971
XzCjzFsGl_c,GB,Music,1,19,79694,6189
XzTft0bqvOk,GB,Movie/TV Trailer,1,38,54693,3603
Xzfn9D5LDMk,GB,Music,1,19,29196,72
XzkhanQJPq8,GB,Sports,1,21,146660,3803
XzkhanQJPq8,IE,Sports,3,27,343672,6918
Y-7S7tkSyG4,US,Other,1,27,1699777,86135
Y03tbPTbcZo,GB,Other,1,30,137588,649
Y270dZYobq8,US,Other,1,48,193932,7612
Y2hfDRlClA4,IN,Movie/TV Trailer,1,14,349633,16665
Y2n1E0eIFS0,IN,Gaming,1,21,729890,7000
Y36m3IHyMkQ,IN,Movie/TV Trailer,2,14,434800,23287
Y43YLTZsYB8,US,Other,1,21,0,0
Y59Xp3sFLUo,US,Other,1,9,0,0
Y5GSDjFENsM,GB,Other,1,35,302898,6041
Y5GSDjFENsM,IE,Other,1,29,302922,6049
Y5pGksjZQB0,IN,Music,2,4,154685,946
Y66Rlag4QZc,IE,Sports,1,48,503654,12403
Y66Rlag4QZc,US,Sports,1,40,219714,6780
Y6FzG2Mdnho,IN,Other,1,37,164955,6694
Y74F_pJnVFQ,US,Other,1,39,64127,696
Y76HZP_h7TY,US,Sports,2,6,0,0
Y7vmSH1keIo,IN,Other,1,28,35190,237
Y8DWY4vSJ2I,US,Other,1,15,18624,1260
Y8clsInbYZI,IN,Movie/TV Trailer,1,41,22291,2001
Y9_CoUFAehE,US,Other,2,14,1128261,61892
YAUsUbz7EmU,IN,Other,1,45,232189,1410
YAuJcuilFGE,US,Other,1,42,156435,8429
YBJp8iy1sCM,IN,Music,1,39,117672,938
YCerkuwxtQI,GB,Movie/TV Trailer,1,10,58945,1153
YCnZTAxSefo,IN,Other,1,34,314446,18542
YCnZTAxSefo,IN,Other,1,16,192975,14665
YCqBMXeK2C8,GB,Other,1,42,225953,7476
YEOtsGMCCnw,IN,Other,2,3,2188389,57149
YEVHPja9UIQ,US,Music,1,19,44079,3909
YG14X4QDpGo,IN,Other,2,3,3855091,242009
YGP_TmZrG7M,IN,Other,2,10,6664278,49129
YGQbEphD2HI,US,Other,2,17,188599,333
YHD5bOmqKto,GB,Music,1,21,551839,16371
YHD5bOmqKto,IN,Music,2,21,1043813,24580
YHkC7R5-1FE,IN,Other,4,10,1347641,3131
YIYHO_7DP_c,GB,Music,1,45,245676,536
YIYNPB_MGts,US,Other,1,45,0,0
YIoLf9XGqwA,GB,Other,1,21,273615,12070
YIoLf9XGqwA,US,Other,1,3,297090,12636
YJDeB6Z-sJU,IN,Other,1,36,490159,39230
YJI7gpRzxjc,GB,Movie/TV Trailer,1,17,74962,4546
YJZWGGk0qvs,GB,Other,1,9,454022,29709
YJZWGGk0qvs,US,Other,1,14,473686,30459
YJvAXNwTmLE,US,Other,1,41,192996,9799
YKtAUlGjgLA,GB,Other,1,43,232567,3487
YM-bs-NPr6k,GB,Music,2,28,192588,16129
YMMVrlkkqiM,GB,Gaming,1,24,534516,8685
YMQFLl_p3cc,US,Other,1,47,81326,3740
YNBdSmGxbvE,GB,Movie/TV Trailer,1,29,49234,6861
YNBdSmGxbvE,US,Movie/TV Trailer,2,2,93751,8615
YNUozFmXqBQ,US,Other,1,7,99105,5207
YNwmYliuUfE,GB,Music,1,40,302448,21325
YNwmYliuUfE,US,Music,2,1,738704,36142
YO4RIqgFXW0,GB,Sports,1,43,828228,6697
YPu98BjLa3Q,GB,Movie/TV Trailer,1,26,52513,806
YQAPAWW1o7U,US,Other,1,36,217008,4356
YQNPzr2TkWI,IE,Other,1,47,1171030,52713
YQz71ysV02Y,US,Other,2,3,1064968,16676
YR1m6j3H3UM,GB,Other,1,14,608298,42039
YR1m6j3H3UM,IE,Other,2,30,962987,56441
YR1m6j3H3UM,US,Other,1,11,634542,42955
YS-Eaol9cho,IN,Gaming,2,21,942190,28773
YSGecfqle3s,GB,Gaming,2,6,275616,13026
YSPA1CadQJI,IN,Other,1,45,162058,786
YTFbVtSNjJA,US,Other,1,23,0,0
YTTXPnAXzlM,GB,Other,1,12,125935,7811
YU3jlikO9a8,GB,Sports,1,48,264915,17644
YU3jlikO9a8,US,Sports,1,9,295111,18573
YULZQUJ4yd8,IN,Other,1,37,64085,515
YVRtmaYEOw4,GB,Other,1,40,193654,3403
YW8jafe_w3s,US,Other,1,31,66934,6098
YXeueXGlyxY,IN,Other,1,43,130920,537
YY583HmKBzA,GB,Other,1,15,556732,59040
YY583HmKBzA,IN,Other,1,20,559233,59178
YY6LAPGXTIA,IN,Gaming,1,12,1050563,4626
YYEef4aw4X8,US,Reaction,1,41,87938,7611
YYI5bWq3gnU,US,Music,2,4,147784,7993
YZZ3Mg3UFws,GB,Music,1,22,84468,175
YZnVkyYqnkg,IN,Challenge/Stunt,1,47,367882,5530
Y_1ioNxTc1U,GB,Movie/TV Trailer,2,5,830318,22555
Y_fmXifZB7g,GB,Other,1,42,221781,30699
YbHVz8e-wjw,GB,Gaming,1,29,959477,28444
YbHVz8e-wjw,US,Gaming,1,32,974613,28763
Yc9biRPeVow,US,Other,1,35,18397,3005
YcJMTrm5JhI,GB,Gaming,1,41,305480,7030
YcOHrzmde5s,IN,Movie/TV Trailer,1,23,182749,2668
Yc_4CaSlfrI,US,Other,1,12,0,0
Yd7F_hmtjFY,IN,Other,1,46,1102126,27345
YdFKR6aEoD0,GB,Sports,1,48,170350,7281
YdVVJE_uVok,GB,Other,1,41,200055,19337
YdVVJE_uVok,US,Other,1,31,209298,19754
YdrW1SJwiMs,GB,Music,1,10,404675,43425
YdrW1SJwiMs,US,Music,1,4,419628,44345
YeLi2cRhXSU,GB,Sports,1,33,268830,12716
YeLi2cRhXSU,IE,Sports,1,36,270169,12763
YeLi2cRhXSU,US,Sports,1,42,280562,13104
YebqRYaTVNg,GB,Movie/TV Trailer,2,2,990231,77020
YebqRYaTVNg,IE,Movie/TV Trailer,5,32,1240111,87631
YebqRYaTVNg,US,Movie/TV Trailer,2,2,994020,77181
YfGU21uGo2A,GB,Gaming,1,17,262437,4576
Yfnopcf19d4,GB,Other,1,36,352163,9728
Yfnopcf19d4,US,Other,1,15,371224,9950
YglYOB0Jstc,GB,Gaming,1,15,178149,7497
YglYOB0Jstc,US,Gaming,1,38,186159,7680
Ygo5o3hLtS8,IN,Gaming,2,9,909484,12867
YgoIU-fkc_g,GB,Gaming,1,41,1002064,50588
YgoIU-fkc_g,IE,Gaming,5,15,2260566,87099
YgoIU-fkc_g,US,Gaming,2,9,1024152,51250
YgzXqiibb8U,US,Gaming,1,30,195529,14817
Yh7vy4Nd7I8,IN,Music,2,7,246885,1916
YhfVtuxoi8M,US,Music,1,24,140372,11427
YjY6j05E0jI,US,Other,1,39,0,0
Yk21-6oa4lE,IN,Other,1,3,1739203,50119
Yk3Kj_QB9Z4,GB,Other,2,28,85625,2795
YkCsUoBDPW0,US,Other,1,48,108765,5098
YkHx4tYiCpY,IE,Other,2,33,1051898,58775
YkUKQmvFqqA,US,Other,1,48,62706,4967
Ym2wmd19S_c,GB,Other,1,12,2072749,122782
Ym2wmd19S_c,IE,Other,3,24,2831635,138914
Ym2wmd19S_c,US,Other,1,12,2109950,123622
YmOS1GBSRCw,IN,Gaming,1,40,193313,2190
Ym_SxlesVow,IN,Gaming,1,37,254459,4747
Ynq62nouiQ4,GB,Other,1,9,677703,58702
Ynq62nouiQ4,IE,Other,5,11,1539466,105868
Ynq62nouiQ4,US,Other,1,17,704780,60103
YpODeu9-oZo,IN,Gaming,1,42,190691,4524
Yq56YP3MwH4,US,Sports,1,37,80857,6812
YqeOK9gVLdE,IN,Music,2,22,234383,1414
Yqi1lQuepRY,IN,Gaming,1,45,28931,115
YrWoDEHDZDA,IN,Movie/TV Trailer,2,26,162232,10528
YrnUxeXQ27E,IN,Gaming,1,24,674208,40347
YsKG2HRLpuY,GB,Other,1,44,324687,7627
YsKG2HRLpuY,US,Other,1,41,331395,7719
YslNTjOiVbo,US,Other,1,25,172462,28657
YtJdYjjKAHA,GB,Movie/TV Trailer,1,20,30345,477
YtlXPFZxfSA,IN,Other,1,48,106853,602
YtqZmt1d8NE,US,Other,1,40,352740,13050
YuSnMirnM8Q,US,Gaming,1,21,339530,2460
YuXsLDMkIQM,GB,Movie/TV Trailer,1,17,110866,4740
YuXsLDMkIQM,US,Movie/TV Trailer,2,23,147371,5915
YuZQbXy2yOE,IN,Gaming,1,20,409420,7082
YvFbITMfzrw,IN,Gaming,1,41,264943,6417
YvoBAU7Sw7o,GB,Music,1,37,108842,303
Yw10_JN0AzM,GB,Other,1,44,260934,786
Yw601lDmqK8,IN,Gaming,2,30,553747,28461
YwfDaz6eDrI,IN,Gaming,1,29,574632,39296
YxljKcwqsFM,US,Sports,1,49,120763,2146
YxyHh1llzH8,US,Other,1,22,60623,3378
YxzkFvqt0zs,US,Movie/TV Trailer,1,32,30803,2990
Yy0YLpfp4Tg,GB,Gaming,1,30,277762,9201
Yy0YLpfp4Tg,IE,Gaming,1,45,278748,9238
YyVNFzx5Pl8,US,Movie/TV Trailer,4,14,452265,4636
Yz12D4pfuYk,GB,Other,1,39,145142,4766
Z-YRgrpRe7o,IN,Movie/TV Trailer,1,31,75019,867
Z1cHKm-Bww4,IN,Music,1,23,374960,12499
Z1zDUDvOezo,GB,Gaming,1,38,493851,22545
Z2XKA-wQjac,IN,Gaming,3,3,10031278,606157
Z39TGehmwX8,IN,Other,1,19,202533,1578
Z4RpBEg5uis,GB,Music,1,25,65238,6738
Z4lTrRmg59w,US,Other,1,35,0,0
Z58lGsm28io,GB,Music,1,49,60480,10648
Z5JHvgtsBM0,US,Music,1,39,117338,235
Z5UOOYYRoQY,GB,Movie/TV Trailer,2,20,188029,3603
Z5UOOYYRoQY,US,Movie/TV Trailer,1,23,121777,2737
Z5vSpK5OMKs,GB,Music,3,7,107187,4090
Z6OudnOK29k,IN,Gaming,3,9,1332168,59470
Z7EiL7WMdR8,GB,Music,1,36,39957,176
Z7zvUttWo-M,GB,Movie/TV Trailer,1,8,128415,2427
Z7zvUttWo-M,IE,Movie/TV Trailer,8,20,436252,6333
Z7zvUttWo-M,US,Movie/TV Trailer,2,5,251220,4257
Z87YU3A4Q9g,GB,Gaming,1,26,295936,6616
Z87YU3A4Q9g,US,Gaming,1,38,295961,6614
Z8U_0y4ShW0,GB,Other,2,6,3610060,209379
Z8U_0y4ShW0,IE,Other,8,9,5553013,267305
Z8U_0y4ShW0,US,Other,2,3,3640022,210288
Z8tXJASv1gM,US,Other,1,38,0,0
ZAAjFdJiuC8,GB,Reaction,1,5,241276,11202
ZAAjFdJiuC8,US,Reaction,2,5,242521,11227
ZAMDGF-Wcy4,GB,Movie/TV Trailer,1,18,1106065,95435
ZAMDGF-Wcy4,IE,Movie/TV Trailer,1,48,1108774,95526
ZAMDGF-Wcy4,US,Movie/TV Trailer,1,18,1125215,96050
ZAmnnylEv6w,US,Music,1,10,131114,11632
ZAsxW7bkK-A,US,Other,1,30,793498,22289
ZB6fU-gkK7c,IN,Movie/TV Trailer,1,40,75437,3101
ZCvcdOokbdE,GB,Gaming,1,12,884502,11838
ZCvcdOokbdE,IE,Gaming,1,36,886912,11847
ZCvcdOokbdE,US,Gaming,1,11,893924,11922
ZDeDF290beE,GB,Other,1,30,307941,16622
ZDeDF290beE,US,Other,1,11,324411,17061
ZDm6uBWzcis,IN,Music,2,37,1484395,11892
ZEAm48mcZTE,US,Sports,1,11,0,0
ZEkh1s_UtZA,US,Sports,1,43,141917,8871
ZG2dNFYzZso,IN,Other,1,35,435135,1480
ZHRR-1CKYIQ,GB,Movie/TV Trailer,1,13,258320,6340
ZHRR-1CKYIQ,US,Movie/TV Trailer,1,28,266220,6463
ZHodUr1_iCs,US,Other,1,41,386879,19382
ZHz0pOzPEi0,IN,Movie/TV Trailer,3,14,11306552,54316
ZIx5ck4VV_Q,US,Sports,1,3,0,0
ZJ2vsYzptoU,GB,Movie/TV Trailer,1,28,55237,1816
ZJQ9yPEFKEA,US,Other,1,23,268975,10763
ZJudAmuui3Q,US,Sports,1,18,0,0
ZKJvVZks9fg,IN,Gaming,3,3,2536642,88433
ZNLwBYvHH3k,GB,Gaming,1,21,1381991,13074
ZNLwBYvHH3k,IE,Gaming,1,36,1382287,13075
ZNbNsCgJyU4,IN,Other,2,34,455358,865
ZOSfPPu0JHM,GB,Music,1,49,126934,345
ZP33ox_AKq0,US,Gaming,1,44,0,0
ZPUkPtIlKAE,GB,Music,1,42,145669,5331
ZPUkPtIlKAE,IE,Music,6,28,257973,6737
ZPa9YPL60Tw,GB,Music,1,27,1219835,109743
ZPa9YPL60Tw,IN,Music,3,6,2280717,144034
ZQPt1M8941w,IN,Sports,1,38,1009583,1439
ZRDp88kZn2A,GB,Movie/TV Trailer,1,29,173016,3819
ZRxt4EKSAFo,IN,Other,1,18,2448793,111503
ZUDxX-YMUX4,GB,Other,1,29,339862,5421
ZUDxX-YMUX4,US,Other,1,44,345500,5482
ZUYA4-tmeQw,GB,Movie/TV Trailer,1,49,9047,866
ZUe0Oskmq4g,US,Other,1,13,0,0
ZVLaaFFJyfM,US,Movie/TV Trailer,1,34,26559,4099
ZVPNQwOSZi8,GB,Gaming,1,24,329924,4815
ZVkrhHebz1Q,GB,Movie/TV Trailer,2,5,6458292,44600
ZVkrhHebz1Q,IE,Movie/TV Trailer,6,16,11494832,77349
ZVkrhHebz1Q,US,Movie/TV Trailer,2,7,6610333,44851
ZWNkO0QCxvU,IN,Other,1,25,613274,2807
ZWNkO0QCxvU,IN,Music,1,13,304083,1691
ZWtUQc5NLVg,IN,Movie/TV Trailer,1,8,284543,11558
ZX8L4MSudww,GB,Other,1,38,321137,10192
ZX8L4MSudww,US,Other,1,23,335920,10461
ZXKgSOYGR6Q,IN,Other,1,10,389173,3216
ZXjnnP2AUME,GB,Music,1,37,126655,8481
ZZ9hVDuY_H8,GB,Other,1,15,47103,4648
Z_DT0E7PDPc,GB,Other,1,33,49434,763
Z_EgI2lhV6E,US,Music,1,41,56638,1869
Z_dUCzd9xPg,IN,Other,1,20,304889,51170
Z_mRCECOpGA,US,Other,1,9,0,0
Z_o9lOk1ly8,GB,Movie/TV Trailer,1,17,35245,694
Z_pSVpyNCKc,GB,Gaming,1,35,410737,10731
Z_pSVpyNCKc,US,Gaming,1,32,429401,11019
Za49lrXMwts,US,Other,1,50,0,0
ZaN13444eiY,GB,Gaming,1,12,524122,11135
ZaN13444eiY,US,Gaming,1,11,560735,11644
ZbiEuOYCol0,IN,Gaming,1,9,1029149,2654
ZbxCYkgRGq0,US,Music,1,30,71883,225
ZcUG-1VP6k0,GB,Music,1,25,635126,5087
ZcsCMB3-dLo,GB,Sports,1,12,282977,4619
ZcsCMB3-dLo,US,Sports,1,39,288969,4699
Zd8tZ4d0PXo,GB,Other,1,29,415574,6269
Zd8tZ4d0PXo,US,Other,1,42,433054,6456
Zd9CGEUsIFA,GB,Movie/TV Trailer,1,44,148050,3499
ZdRSXDMgu5w,GB,Other,1,21,71235,6251
ZdRSXDMgu5w,US,Other,2,22,72159,6295
ZdueWOMQHLs,IN,Gaming,1,12,8746388,15392
ZeUu0gpLc2A,GB,Movie/TV Trailer,1,35,80634,1351
Zf8-2oQhp80,IN,Other,1,33,142636,9030
Zf9ispgNt7U,IN,Movie/TV Trailer,4,2,789116,7198
ZfCDDbp9p6k,IN,Other,1,34,48323,442
Zg3u0yCBSdA,US,Other,1,36,179568,174
Zgb3WqkVmRQ,GB,Music,1,43,52668,2366
ZhAYtmrglFI,US,Other,1,34,76662,1449
ZhukTLfLZqY,IN,Sports,1,47,1290738,2241
Zj6rEeLJLnA,GB,Other,1,47,123276,4795
ZjO0dep5VjU,GB,Other,2,6,3250528,192740
ZjO0dep5VjU,IE,Other,12,6,4695115,219006
ZjO0dep5VjU,US,Other,2,14,3268445,193129
Zjj21Mcya2c,GB,Movie/TV Trailer,1,29,138304,2546
ZjwNBxqAhV8,GB,Reaction,2,11,191113,15749
ZjwNBxqAhV8,US,Reaction,1,8,101279,10187
Zki0Y_auEcA,IN,Movie/TV Trailer,3,14,197852,4979
Zm413vl6-Zw,IN,Other,1,12,609884,32233
Zn5vhaUNmb0,US,Other,1,26,218774,9411
ZnOCv5cGNws,GB,Movie/TV Trailer,1,20,46749,414
ZoAOvBeYa_k,US,Other,1,27,174250,1942
ZoiToAgAxCo,IN,Gaming,1,48,545718,31702
ZovY-6yCLNo,GB,Movie/TV Trailer,2,17,409110,8205
ZovY-6yCLNo,US,Movie/TV Trailer,2,10,412481,8237
Zpm9HUOrZIc,US,Movie/TV Trailer,1,34,1700575,1279
ZpzLFSZ5smM,GB,Other,1,37,48456,4212
Zqt0EG4i0vs,US,Other,1,34,91294,4589
ZquutYVCcNc,IN,Gaming,2,9,1451307,19845
Zr-kVpx7mIU,GB,Other,1,33,244730,8139
ZrwI6Z0P5oo,GB,Movie/TV Trailer,1,37,35878,545
ZrzeW-_Gg0s,IN,Other,1,13,266577,1017
ZsSnwzjKAxc,GB,Other,1,4,164365,16182
ZsXCkEbtznk,GB,Other,1,36,105991,10168
ZscPVWsjhAY,US,Sports,1,30,319304,9155
ZtBr7kz2Ftc,US,News,1,21,0,0
ZtW1XtqT4nw,GB,Movie/TV Trailer,1,37,70586,10703
Zv6JKobJyFY,GB,Other,1,6,2191604,508473
Zv6JKobJyFY,IE,Other,5,40,5255451,713536
Zv6JKobJyFY,IN,Other,1,18,2203959,509593
Zv6JKobJyFY,US,Other,2,4,3427430,622741
ZwRSIs0gMQI,IN,Music,1,28,951622,3578
ZwReVQZhIkY,GB,Movie/TV Trailer,1,35,148166,8704
ZwReVQZhIkY,US,Movie/TV Trailer,1,40,149868,8765
Zw_HE1mQ7rA,GB,Other,2,3,2916599,180255
Zw_HE1mQ7rA,IE,Other,7,9,4093489,207672
Zw_HE1mQ7rA,US,Other,1,16,2087073,155259
ZxEAP9V4TNE,US,Other,1,19,55385,903
ZxEAP9V4TNE,US,Other,1,22,213670,1983
Zxy6Fcs4eyE,US,Other,1,37,265946,8118
Zy8KDEJU3iY,GB,Movie/TV Trailer,1,49,959376,25051
Zy8KDEJU3iY,IN,Movie/TV Trailer,4,5,1860220,40099
ZyRcjcITSy4,GB,Gaming,1,47,61257,4366
ZyduzceLKhs,GB,Music,2,7,2524551,153922
Zz3gprGIgkk,IN,Other,2,19,357715,707
Zz4ljpiORGY,IN,Other,1,27,181988,890
Zz7VinkrHD8,GB,Other,1,24,72096,2066
Zzg2QONj-DQ,IN,Other,2,30,803458,66617
ZzggT6QEwgo,US,Gaming,1,39,209465,12674
_-6bZWAdyZk,US,Music,1,41,185171,11238
_-BQXTT5uwo,GB,Other,1,28,134476,681
_0LmVHDL9_o,US,Other,1,26,0,0
_0QTmPVkssQ,IN,Movie/TV Trailer,4,8,1277907,17540
_0v7FlSyDE4,US,Other,1,43,227337,7070
_1Uo7VY6G9k,IN,Other,1,45,289049,526
_1X-Kz0YTF4,IN,Other,3,7,1126468,4205
_26Qk-hdN9A,IN,Other,3,33,591610,2584
_2EWFYM-QgI,GB,Music,1,25,137145,9466
_2jkon0w2zE,IE,Gaming,1,48,900561,17852
_2zXB420w4o,GB,Music,1,31,156458,17580
_2zXB420w4o,US,Music,2,7,323719,26579
_3mTLRaZhcw,GB,Movie/TV Trailer,1,44,102148,7987
_4IJc59oAqM,IN,Gaming,1,39,125658,1966
_4UyN7_CDEk,IN,Gaming,1,41,492054,1415
_4p9x66Kb-E,IN,Music,1,19,279205,1188
_5e7s9OYQfI,GB,Other,1,49,154051,6281
_5yOOGy_lBo,GB,Other,1,48,122622,7504
_6aPYwV4IyE,GB,Sports,1,18,173159,7848
_6dpy-L1M7A,IN,Gaming,1,36,280689,985
_6ucSC1-7ZI,GB,Gaming,2,3,4027640,198919
_6ucSC1-7ZI,IE,Gaming,9,3,5915924,228880
_6ucSC1-7ZI,US,Gaming,2,12,4061878,199630
_7hoKlyb3GE,IN,Other,1,39,77747,501
_7ngTT3SOrw,IN,Reaction,1,49,19758,1131
_8DXhtXXTVg,US,Other,1,37,171493,6669
_9RANXjjCWI,GB,Gaming,1,15,2560097,19724
_9RANXjjCWI,US,Gaming,1,38,2563393,19740
_9W0bDGC5yM,GB,Movie/TV Trailer,2,10,254141,3183
_9smBd1h7Uw,US,Music,1,37,139086,18886
_9wkngCZ80I,US,Other,5,7,28218,1276
_AT0UsLjfkY,IN,Other,3,12,340047,1228
_AobrqxHu08,GB,Movie/TV Trailer,1,23,34609,553
_BE6aVJgM98,GB,Gaming,1,6,5378157,132364
_BE6aVJgM98,IE,Gaming,3,18,8486629,161333
_BE6aVJgM98,US,Gaming,1,3,5528830,133611
_BvingpybNA,GB,Gaming,1,48,219489,4786
_BxFH1cVInA,US,Other,1,3,0,0
_CEZWu0ib1c,GB,Other,1,42,225202,12733
_CEZWu0ib1c,US,Other,1,38,235688,12982
_Cp2nw2zW1o,GB,Gaming,1,42,240626,3552
_CzZi0ODE5c,IN,Other,3,15,594491,0
_DXIEpTlVn8,GB,Sports,1,18,128443,3263
_DXIEpTlVn8,IE,Sports,2,27,220695,4574
_Ee9FrFa2Xc,GB,Other,1,48,287085,22151
_Ee9FrFa2Xc,US,Other,1,24,299285,22861
_EjjjErOpH8,GB,Other,2,10,1007401,3965
_EjlEdGNgR4,IN,Other,2,15,1203156,37946
_EuHv99NytE,US,Movie/TV Trailer,2,26,85827,2597
_Fh2xDTDLiw,GB,Movie/TV Trailer,1,14,236100,11887
_Fh2xDTDLiw,IE,Movie/TV Trailer,6,38,459730,13428
_Fh2xDTDLiw,US,Movie/TV Trailer,1,22,238730,11923
_GLTXRCQB5g,GB,Sports,1,24,377837,5267
_G_OQYvuXzs,GB,Music,1,31,49251,4683
_GrzjOqLA34,IE,Other,1,45,654490,15157
_GrzjOqLA34,US,Other,1,35,240403,7221
_GzVJC2NEwg,US,Movie/TV Trailer,1,7,0,0
_H5RzONcabY,GB,Sports,1,17,431106,5675
_H5RzONcabY,US,Sports,1,36,433492,5692
_H5YNkQuECk,GB,Other,1,30,156315,9211
_HIU8niv8BQ,GB,Movie/TV Trailer,1,41,65251,1135
_HgthviXcU4,GB,Movie/TV Trailer,1,40,119431,1815
_IT83Y_HcAw,GB,Music,3,1,8260002,939937
_IT83Y_HcAw,IE,Music,2,4,8267382,940409
_IT83Y_HcAw,IN,Music,3,10,8269762,940494
_IT83Y_HcAw,US,Music,3,4,8318143,943124
_J5W8PlTK64,US,Other,1,24,69525,1291
_J80uJrdNvQ,GB,Other,1,46,166852,3260
_JLX0ctui5k,GB,Other,1,49,174955,7126
_Jt0TjN2AOI,GB,Other,1,38,163448,7150
_KJVILlJWRw,GB,Gaming,1,9,321376,26606
_KJVILlJWRw,US,Gaming,1,48,328491,27015
_K_Qe0kpn6A,GB,Other,1,24,25964,1683
_L2RIQXtCRg,US,Other,1,26,145537,7401
_LsaJcTF_Dk,IN,Gaming,1,20,853377,2900
_MRdbjIc6LI,US,Reaction,1,44,43285,3712
_Mnoy5K4Kvc,US,Other,1,39,72224,4173
_NQMgeKWSkM,GB,Movie/TV Trailer,1,32,18166,753
_NkxmV1-z-A,IN,Sports,1,48,219231,2959
_PkmpNZJqgg,IN,Other,1,36,236343,625
_Si9gR6u32A,GB,Other,2,1,30103,1383
_SkCUBA7X08,GB,Gaming,1,6,554958,28123
_SkCUBA7X08,IE,Gaming,3,27,1143861,42584
_SkCUBA7X08,US,Gaming,1,41,569835,28561
_T-0HDql98s,IN,Music,1,27,141499,686
_T1ih97P6bQ,IN,Movie/TV Trailer,5,11,568886,7057
_UGfHqgqBMg,US,Sports,1,27,0,0
_UhFHq5M_9s,GB,Other,1,40,508947,36173
_UhFHq5M_9s,US,Other,1,22,529425,36895
_UqX6tSpyCI,GB,Other,1,29,311186,16346
_UqX6tSpyCI,US,Other,1,11,322505,16660
_VSiJ1gBR1A,GB,Music,1,46,496884,6078
_VSiJ1gBR1A,IN,Music,1,31,504440,6111
_VdB8V90VZ8,IN,Gaming,1,44,400746,22398
_Vp-jCG7gno,IN,Other,4,4,6411315,95344
_Y6OG55-SyM,IN,Gaming,1,44,1385454,3737
_YSqs4uktbQ,US,Gaming,1,12,383093,2588
_YVpuU_crWw,IN,Other,1,36,226143,13834
_ZLVr6a1e20,US,Other,1,27,0,0
_ZeGpFQdEf8,IN,Sports,2,12,677768,8211
_ZlWpPcMlig,IN,Movie/TV Trailer,2,43,90382,1922
__USg_UHuzk,GB,Music,2,10,383924,5018
__npGTCRoZA,IN,Movie/TV Trailer,4,8,297314,12983
_aV05TrKqQ4,US,Gaming,1,30,258390,669
_auH8xtDgFo,GB,Music,1,25,165534,2120
_auW8phYceo,IN,Gaming,2,27,994407,16565
_b1TK0Uyz1k,GB,Other,1,47,17378,1035
_bFf19f69HU,US,Sports,1,19,0,0
_blrWb1yZiY,GB,Movie/TV Trailer,4,41,7386845,11634
_blrWb1yZiY,US,Movie/TV Trailer,4,23,7389000,11661
_c258dtE9W4,US,Other,1,35,54542,2915
_eXDZvSqB3s,GB,Sports,1,50,180553,6789
_elJ2hfOA14,IN,Movie/TV Trailer,1,34,8943,720
_fUcAUC7qug,IN,Other,1,36,288781,23712
_hDCjBj507c,IE,Movie/TV Trailer,3,43,298528,3374
_hTASyMB7p4,US,Other,1,12,0,0
_hYnrguF2os,IN,Movie/TV Trailer,2,22,166777,1106
_hyFGrcVv5U,GB,Gaming,2,6,3321866,190167
_hyFGrcVv5U,IE,Gaming,7,6,4461912,210579
_hyFGrcVv5U,US,Gaming,2,8,3340636,190544
_i0F5LDx1tI,GB,Movie/TV Trailer,2,8,413870,26514
_i0F5LDx1tI,IE,Movie/TV Trailer,3,29,459838,27278
_i0F5LDx1tI,US,Movie/TV Trailer,1,8,301308,23603
_iiS8PNjwdI,GB,Gaming,1,47,302900,7901
_il7oGjt9zc,GB,Other,1,9,61898,1801
_j-ROcgprYQ,IN,Music,3,18,380556,1769
_jO9G0v8_GQ,IN,Reaction,1,41,19953,1206
_jWKAUqyDEA,IN,Other,1,36,150260,816
_kYfpd2Z6CE,US,Other,1,46,228596,7997
_lCGNt_kdhc,US,Other,1,21,324313,416
_lLapCZjWcY,GB,Gaming,1,45,272037,4867
_lLapCZjWcY,US,Gaming,1,49,280790,4963
_nneiDtbdbk,GB,Movie/TV Trailer,2,11,443186,13595
_nneiDtbdbk,IE,Movie/TV Trailer,7,10,548086,15143
_nneiDtbdbk,US,Movie/TV Trailer,2,11,444880,13629
_o1wtfE4qqI,GB,Other,1,33,224275,6678
_opQpDYh33I,US,Music,1,28,44324,16161
_pJGAN6D9sE,US,Other,1,13,47579,1173
_q3ORCseH14,US,Sports,1,35,0,0
_qdYf5-UlcM,IN,Other,2,15,915138,129981
_qsBGuPOOmI,US,Other,1,21,196729,8687
_rEnAlZ56i8,US,Other,3,3,196230,13215
_s4wPgSrcy4,GB,Other,1,28,16154,672
_s5P5mSN3m0,GB,Other,1,36,147767,2867
_scugYr8pk4,GB,Other,1,30,246126,9656
_scugYr8pk4,US,Other,1,23,279978,9863
_tjvUJ9rJJI,GB,Music,1,16,88535,8305
_tjvUJ9rJJI,US,Music,1,39,94733,8507
_tlMz8sTFMs,GB,Other,2,4,471489,22896
_tlMz8sTFMs,US,Other,2,1,476954,23029
_tm3Mbw-Lbs,IN,Other,1,44,386330,8428
_uCnmgf6Ydo,IN,Other,1,48,31077,328
_uWTm4CZ2xE,GB,Other,1,21,84798,1355
_uyH_Gs0MDg,IN,Music,2,18,619343,2266
_vmSIONQa3U,GB,Music,2,13,41782,2514
_vx3F48GIU0,US,Other,1,22,0,0
_wBsZL1yuLY,US,Other,1,45,0,0
_wV4efjokak,IN,Gaming,1,3,4779460,0
_x3wkpjtwRY,GB,Sports,1,26,19137,952
_xB4CmQQ_go,GB,Sports,1,12,142512,1422
_xCcCJvGvdQ,IN,Gaming,2,6,10347344,33825
_xNSHS1Hz9o,GB,Other,1,6,642279,36501
_xhEOzxlWto,GB,Other,1,30,44858,1376
_yHmWu7vSi4,GB,Gaming,1,30,1002077,7549
_ytafKYStrA,GB,Other,1,15,51867,1569
_z2lVexmcG8,US,Other,2,6,456327,18772
a-3Wg93EQ5Q,GB,Movie/TV Trailer,1,8,94485,7330
a-3Wg93EQ5Q,US,Movie/TV Trailer,1,13,98339,7463
a-JpwwMa5aM,GB,Movie/TV Trailer,1,37,194248,9154
a-JpwwMa5aM,US,Movie/TV Trailer,3,2,388334,13390
a-cx2qOJ-l8,GB,Gaming,1,36,199072,7273
a-cx2qOJ-l8,US,Gaming,1,42,211785,7496
a-ddGgGwu2s,GB,Music,1,37,281139,33668
a-xxiHosbiw,IN,Other,1,39,357080,20017
a0-8zPmMmaI,IN,Movie/TV Trailer,6,17,1578626,13829
a1_ce6cu6s4,US,Music,2,18,72094,84
a1cWHFy4kKM,US,Music,2,4,932197,73512
a1i801SDrJA,GB,Movie/TV Trailer,1,2,142669,17015
a1i801SDrJA,US,Movie/TV Trailer,1,2,146324,17238
a2WUwQScuK0,GB,Other,1,38,211425,3730
a3syz8AR60Q,IN,Movie/TV Trailer,2,44,100631,8727
a41_umWixpI,GB,Movie/TV Trailer,1,7,263677,21111
a41_umWixpI,US,Movie/TV Trailer,1,16,268170,21319
a4C2R1KLeSw,US,Music,1,16,192259,397
a4VPL1FtPcA,US,Other,2,12,593004,40571
a61eKUcEbQE,GB,Reaction,1,44,21470,855
a6bKdoDyuwE,GB,Gaming,1,48,55946,2524
a6c49em8iDc,GB,Movie/TV Trailer,1,34,92018,7740
a6fPF1JZOGw,US,Gaming,1,44,254746,11685
a7Iqm1LStmQ,IN,Gaming,1,35,36997,212
a7SrELch4_I,GB,Music,1,25,356808,41247
a7Vjt1pDFWg,US,Other,1,36,0,0
a8RA925PWrM,GB,Other,1,27,121653,3213
aA9dsPA_rnc,GB,Movie/TV Trailer,2,11,480599,18805
aA9dsPA_rnc,IE,Movie/TV Trailer,6,22,638944,22701
aA9dsPA_rnc,US,Movie/TV Trailer,2,13,483896,18867
aAAECXKN3Lk,US,Other,1,26,369663,7027
aBV80RTgSNQ,GB,Other,2,3,2935658,144927
aBV80RTgSNQ,IE,Other,8,3,4944311,191405
aBV80RTgSNQ,US,Other,2,3,2955502,145304
aBZD2eUIQt0,IN,Other,1,44,786350,25678
aDMm9lWpXKY,GB,Gaming,1,37,238590,2389
aETJ42yw8qw,IN,Other,1,50,455412,1909
aFbueod4reQ,GB,Other,1,16,255698,24105
aFbueod4reQ,US,Other,1,7,268634,24695
aFqMkYMk7so,GB,Other,1,17,23774,531
aG0E8JWjeeQ,IN,Sports,2,21,349762,13319
aG8U7-XK7PI,GB,Movie/TV Trailer,2,5,1789689,71400
aG8U7-XK7PI,IE,Movie/TV Trailer,8,7,2801624,89169
aG8U7-XK7PI,IN,Movie/TV Trailer,3,11,2241040,79796
aG8U7-XK7PI,US,Movie/TV Trailer,3,5,2248229,79878
aGGXYOyXaC0,GB,Music,2,7,191083,4539
aGGXYOyXaC0,US,Music,2,37,110472,3459
aGjEZfWaMyY,GB,Other,1,37,43504,816
aGly56LKHY8,GB,Music,1,16,56728,101
aGoqVJfOSsc,US,Sports,1,22,0,0
aHM2RKeMaeM,GB,Other,2,7,4864089,0
aHM2RKeMaeM,US,Other,2,7,4958214,0
aHhyVUYUcXA,GB,Sports,1,33,151709,7631
aHrITxYMmw0,US,Other,1,15,223319,9434
aHw0fWlYsPw,GB,Challenge/Stunt,1,39,318819,6309
aIHjMir7GCQ,GB,Music,2,6,25723,1554
aIXHIcTSFjQ,GB,Other,1,31,223645,8217
aIkRFKsoOiM,GB,Movie/TV Trailer,2,5,348155,11762
aIkRFKsoOiM,IE,Movie/TV Trailer,7,8,603044,17894
aIkRFKsoOiM,US,Movie/TV Trailer,1,20,214328,8528
aIrjiCBEEJo,IN,Gaming,1,45,483496,53541
aK_GmKH81jU,GB,Reaction,1,40,51751,5102
aK_GmKH81jU,US,Reaction,2,13,108446,7435
aKwZc9kYkXs,IN,Gaming,3,6,2668546,95701
aLVwW5ViWbM,US,Other,1,25,337348,19702
aLxKjW_QZ7o,IN,Other,1,26,465534,68684
aMKM8E86OXs,US,Music,1,48,190558,12294
aMkJ2u8j6uM,GB,Other,1,19,571338,19953
aMkJ2u8j6uM,IE,Other,9,28,2493953,32944
aMkJ2u8j6uM,IN,Other,2,16,1110258,25719
aNB91mHxE0I,IN,Gaming,1,33,313752,4411
aNFd1cvulnQ,IN,Other,3,1,333462,2212
aON3ingY-sE,GB,Movie/TV Trailer,1,43,68248,1954
aON3ingY-sE,US,Movie/TV Trailer,1,28,70289,1972
aOVahBxRljg,IN,Movie/TV Trailer,5,8,587459,22249
aOY7HTQlsSo,GB,Movie/TV Trailer,3,2,1862325,40193
aOY7HTQlsSo,IE,Movie/TV Trailer,6,7,2333516,46507
aPK_H9ZN0Ak,IN,Music,4,1,1519881,56452
aQ7tTufi63s,GB,Movie/TV Trailer,1,26,622603,14908
aQ7tTufi63s,IN,Movie/TV Trailer,4,14,1097030,18449
aQgZYe-bxUs,GB,Other,1,26,76112,3092
aQgZYe-bxUs,US,Other,1,28,79548,3147
aQgjqv7Ft94,US,Other,1,26,328774,12481
aQoEd5rnxiQ,GB,Movie/TV Trailer,1,26,56309,2819
aQtNKyBJ0ug,GB,Music,1,13,23491,55
aTPe7OcYa7Y,GB,Other,1,35,215735,6542
aU5DILBgCYU,IN,Other,1,48,102374,1336
aUusezoucgA,IN,Gaming,1,31,556533,31104
aV8-Axpytu4,IN,Movie/TV Trailer,3,14,248513,2239
aW9_6ZbyymM,GB,Other,1,42,240762,12901
aXbQT3FHMeo,GB,Gaming,1,18,1194631,8559
aXbQT3FHMeo,IE,Gaming,1,33,1194942,8560
aYT5f96qFxA,US,Other,1,41,0,0
aYXI112Dz-8,GB,Sports,1,12,296659,3843
aYXI112Dz-8,US,Sports,1,38,298559,3856
aYstAQr3YDY,IN,Other,1,27,273355,2937
aYtfrnZO5vg,US,Other,1,15,190847,12656
aZYahWXlrVE,US,Sports,1,46,0,0
a_KT_s4lw-0,GB,Other,2,7,46588,415
a_RlSlsodkk,IN,Music,2,1,836771,25747
aaYodJ7ZW1c,US,Sports,1,12,0,0
aav5WX3fy0U,US,Other,1,32,215817,6776
ac0eV7ydIHw,US,Other,1,15,194395,13085
adpCCU51DYY,GB,Movie/TV Trailer,1,32,131915,2067
adpCCU51DYY,US,Movie/TV Trailer,1,25,138211,2119
adsJgu2dscE,IN,Other,2,43,389647,1832
agMYWdgyAHQ,GB,Other,1,37,201353,6582
agam7QDL5vQ,IN,Movie/TV Trailer,2,17,222269,5904
ahIhMI9Vpps,US,Gaming,1,37,307089,1629
ahc8zhtzQSk,IN,Music,4,4,2054552,105666
ai4eFxFToFA,GB,Other,1,40,499158,13344
ai8LJ6bK24Q,US,Other,1,45,60141,250
ai9taCCNSA8,US,Other,1,44,340394,29576
aiFIsapQYNg,IN,Movie/TV Trailer,3,5,162401,14935
ais-kkkBPA4,IN,Other,1,47,140960,3431
aiuzVORzHFc,IN,Gaming,1,18,261851,33374
ajQ4O4g0CUI,IE,Other,2,30,760750,17581
ajQ4O4g0CUI,US,Other,1,24,345815,9891
ajjkX8CeUc0,GB,Other,1,24,1769167,26956
ajjkX8CeUc0,US,Other,1,39,1787970,27090
ak4Ti54Y6rY,GB,Music,2,10,1439244,183419
ak4Ti54Y6rY,US,Music,1,7,558880,95635
akazLpRYvyI,IN,Other,1,40,38138,219
al4PUvqjy1s,US,Other,1,46,0,0
alFLedgHHgk,IN,Other,1,4,523729,4288
amCnb5OkxQg,US,Other,1,30,0,0
ao8nv7F8yUo,GB,Movie/TV Trailer,1,26,55004,4618
aoEHRf5BnKI,US,Music,1,42,20228,3096
aoHCYhlYjlc,GB,Movie/TV Trailer,2,26,458453,30708
aoHCYhlYjlc,US,Movie/TV Trailer,1,34,246673,20392
ao_POq2zKis,GB,Movie/TV Trailer,1,5,85441,2743
apdW1zrSMo4,GB,Other,1,39,31878,301
apmslJgRMow,US,Other,1,9,587328,20180
aqIT_4CnEZg,IN,News,1,37,102097,836
aq_e1W9e_mc,GB,Music,1,21,114958,534
arWClcUVxm8,US,Other,1,18,263342,24306
arWClcUVxm8,IE,Other,1,36,768863,51590
arenz7bRflw,GB,Other,1,9,549470,12300
asGW53nXt6U,US,Sports,1,11,0,0
asjKkVR3NNU,IN,Movie/TV Trailer,4,20,362036,6566
asvgzcFbUlU,US,Other,2,10,65690,1173
at524MqxV4s,GB,Movie/TV Trailer,1,32,27673,126
atJwRQ1zdjQ,GB,Music,2,4,742540,53141
atJwRQ1zdjQ,IE,Music,10,19,2474786,97998
atJwRQ1zdjQ,US,Music,2,1,753236,53633
atUOnYwtC4k,GB,Music,1,31,450483,2817
atjjZnIwRtk,IN,Other,1,48,208097,7336
auwG8WBUJN0,IN,Gaming,2,21,870537,11102
avaTRSss5NU,IN,Gaming,2,3,1359185,17506
avpTgTNadh4,GB,Movie/TV Trailer,2,14,507564,31541
avpTgTNadh4,US,Movie/TV Trailer,2,5,512572,31793
avtuUdDVqF8,GB,Other,1,46,7999,645
awMajIsk9C0,US,Sports,1,9,0,0
axlZM5zApI8,IN,Music,2,27,274095,16062
azFfNHTqgIw,US,Other,1,44,275030,11911
azZSaq4KqCM,IN,Other,2,3,1273174,65520
azlZUV1aLPM,IN,Movie/TV Trailer,2,29,156080,3965
azrb1c4PnlY,GB,Music,1,49,405942,0
b-d67CQemXs,GB,Movie/TV Trailer,1,10,128256,3093
b-d67CQemXs,US,Movie/TV Trailer,2,13,202185,4363
b-giguHxttY,US,Gaming,1,40,270014,6402
b0MysfV9U1c,GB,Gaming,1,12,289480,16530
b0MysfV9U1c,US,Gaming,1,18,294519,16623
b17vyz16Pao,IN,Other,1,29,667069,48633
b1rGYkXx_3M,US,Other,1,24,235477,8541
b1u1kUdDOys,GB,Movie/TV Trailer,1,8,439459,18559
b3AzLLJpHLQ,IN,Other,1,44,465412,3412
b3j3X-7VJHg,IN,Gaming,1,6,880888,14934
b5C8DMv6_Rg,IN,Movie/TV Trailer,2,25,77161,2136
b5Jc1q-dHw0,GB,Movie/TV Trailer,1,19,10870,393
b5loJ1INazc,GB,Music,2,22,42088,2363
b5sibJ782Zw,IN,Gaming,1,3,852238,13049
b6D3DKVicZU,GB,Other,2,19,55225,2696
b6dq3WYyhu0,GB,Gaming,1,21,242482,4059
b6eZjOTcC-I,US,Other,1,39,818267,10043
b6qiOnqT6oU,IN,Sports,2,20,1630263,11428
b72yGaInfjU,GB,Sports,1,9,959348,3496
b7bLJkTvosc,IN,Music,1,36,260017,24477
b7cFUJyndz4,GB,Music,2,4,465613,32252
b7cFUJyndz4,US,Music,2,1,471789,32488
b8JdpfYD25g,US,Sports,1,32,151847,3059
b8Pa-vsHSCE,IN,Gaming,1,15,494824,8007
b8jZdpIzG4k,GB,Movie/TV Trailer,1,40,325890,14531
b8jZdpIzG4k,IN,Movie/TV Trailer,4,2,1550247,33254
bACI6jdG5HQ,GB,Music,2,31,427775,2671
bAHLEzE2sgs,IE,Gaming,3,27,633719,1428
bAHLEzE2sgs,US,Gaming,1,9,341380,1350
bAhwKR7c1Bo,GB,Other,1,21,402860,6787
bB1ohLni7Hk,US,Other,1,42,132288,2418
bCnFBr7bm10,IN,Gaming,1,45,5003912,18402
bDwaBz3wMOc,GB,Reaction,1,44,38436,2521
bEgp2ESmESk,GB,Other,1,12,181836,10656
bEgp2ESmESk,IE,Other,4,21,865518,31852
bEpTgowZ1dI,GB,Movie/TV Trailer,2,8,8464277,90427
bEpTgowZ1dI,IE,Movie/TV Trailer,5,11,16029773,116270
bEpTgowZ1dI,US,Movie/TV Trailer,2,8,8517360,91500
bFJBbzJsAYc,US,Other,1,12,0,0
bGqeChiaepo,GB,Music,1,10,35218,79
bGuwYPgo2Ag,GB,Reaction,1,26,103454,4553
bGx7sOyTRTA,US,Music,1,22,38544,2500
bIR8yhzgr6E,GB,Other,1,40,5275,462
bISGUJn3sSk,GB,Movie/TV Trailer,2,2,397359,15576
bISGUJn3sSk,US,Movie/TV Trailer,1,5,283229,12541
bJ7yyX4Qic4,GB,Other,2,39,445522,10109
bJEFMBwIjIc,US,Other,1,4,59078,6286
bJEFMBwIjIc,US,Music,1,25,169034,12473
bJGhnBIahAw,US,Other,1,19,77282,6079
bL0ZjXQQDZk,US,Sports,1,43,0,0
bLRV8hRRUHo,GB,Other,2,34,253813,21583
bLkONK7V2xU,GB,Music,1,39,74181,127
bLpqzArUYck,GB,Gaming,1,9,395096,5156
bLpqzArUYck,US,Gaming,1,34,412346,5239
bMhDJ0S0OBA,GB,Other,2,7,8736855,304120
bMhDJ0S0OBA,IE,Other,4,19,11078239,360146
bMhDJ0S0OBA,US,Other,2,1,8783268,305471
bMqAjZranbw,GB,Other,1,13,55390,2976
bNtXqPUyK7g,US,Music,1,10,25862,2982
bNws43-3z6g,GB,Gaming,1,33,91440,5120
bNx1LsyCJ4Q,GB,Other,1,24,370455,16309
bNx1LsyCJ4Q,US,Other,1,24,388749,16717
bOY_EO1yB5Q,IN,Other,1,44,742735,16449
bOqiSIEfckw,IN,Other,2,12,1122968,25509
bP86n9nFoJY,GB,Other,2,3,3515726,182752
bP86n9nFoJY,IE,Other,13,9,5664119,216699
bP86n9nFoJY,US,Other,1,6,2460521,156284
bPMqDDrFeRE,IN,Movie/TV Trailer,4,17,765378,6492
bPzOuh535E8,US,Music,1,27,30062,44
bQEj_lkXOzs,IN,Other,1,46,470622,3005
bQMfohg4eHQ,IN,Gaming,1,26,560833,3934
bQQQz56S8Vc,IN,Movie/TV Trailer,2,11,318930,9405
bQtYAhjuR4Q,GB,Gaming,1,38,156913,6776
bRAWYu7JO04,IN,Gaming,1,42,105628,1563
bRaNyC8K_1c,US,Other,1,42,169223,7193
bRbgyftuBiU,GB,Other,1,48,236385,13593
bRxDf7gu97g,GB,Movie/TV Trailer,1,25,271529,13670
bRxDf7gu97g,US,Movie/TV Trailer,2,2,273589,13702
bS0kTWUwBI8,IN,Other,1,21,348002,6393
bSaA4JW36Vw,US,Movie/TV Trailer,1,22,40078,4732
bSukb76DlHg,US,Other,1,31,242711,11417
bTqv0W6W5P4,IN,Sports,1,27,353645,23493
bU0Eih1pU7g,GB,Challenge/Stunt,1,6,90364,2230
bU0Eih1pU7g,IE,Challenge/Stunt,1,42,90982,2237
bU9700eR9aM,US,Sports,1,15,93944,5430
bUMLC9lCgHo,GB,Music,2,1,3978847,187704
bUMLC9lCgHo,US,Music,1,43,4018294,188712
bUb-fz9kDVU,US,Other,2,22,0,3736
bUk1YcCPfpQ,GB,Music,1,16,851430,117203
bUk1YcCPfpQ,IN,Music,4,7,3936286,232754
bWtrFcerKE0,US,Movie/TV Trailer,1,5,270000,9416
bXIi7lxDaoo,US,Other,1,48,175606,5635
bXUPzhUth9c,IN,Gaming,1,24,2300282,3918
bXhFDSzgzJ0,US,Movie/TV Trailer,1,32,60703,2301
bXygwpXfe2g,IN,Gaming,2,21,1272913,99837
bZUryq8hGkY,IN,Other,1,26,582123,43593
bZsUkAD90bg,IN,Other,3,3,4787653,148546
b_8r0CdM7Bo,GB,Other,1,9,9263,672
ba9GLVxtPQQ,US,Other,2,41,117259,1818
bbftJwhiVJw,GB,Gaming,3,3,1306045,59931
bbftJwhiVJw,US,Gaming,3,15,1309532,60001
bbpBBOXkc4g,GB,Other,1,30,198245,14946
bdktWpFb6C4,IE,Sports,1,36,1449030,13152
bfPm0NcFoVg,US,Gaming,1,45,170215,6413
bhHV2M65QIY,US,Gaming,1,42,182787,7874
bhjCpVwXRoU,US,Other,1,33,155647,13315
bhxJOJFEEmg,IN,Gaming,2,15,335503,3844
bi1p0_x5iaE,US,Other,1,21,0,0
biVmOtLhE6U,GB,Other,1,42,88185,2698
biplNLScvK0,US,Movie/TV Trailer,1,5,11733,2385
bizWmppBbqg,IN,Other,1,15,3583011,8515
bjqYcCD0U9k,US,Movie/TV Trailer,1,28,71240,2214
bke0Is0TG10,GB,Music,1,7,107235,277
blF3qv0nm1k,GB,Music,1,28,13919,38
bnUcsL0xlT4,US,Other,1,37,0,0
bo3Aw9jMtCU,US,Other,1,32,112483,7750
bomNfYjDdgc,GB,Other,2,10,369497,17217
bovNMCpPeOc,US,Challenge/Stunt,1,36,299164,9987
bpaBKEtt7Q0,GB,Other,1,24,389158,6299
bpaBKEtt7Q0,US,Other,1,29,394871,6376
bqGOqx5c1Nc,IN,Sports,2,21,759734,10693
bqR0EM5o0lk,IN,Other,1,37,77238,68
brR82pG4EtI,GB,Other,1,29,220160,6868
brR82pG4EtI,US,Other,1,14,230972,7030
bslNoCMejnw,US,Other,1,41,163826,27124
bsoAro6NL3U,GB,Gaming,1,11,1971687,16202
bssVW7AL9F8,IN,Other,1,32,274904,3723
btVakLOwoAg,IN,Other,3,13,484534,29792
btxGuV1yiNE,IN,Other,1,44,364159,17377
bukcCgYPPaM,GB,Movie/TV Trailer,1,20,61881,611
bukcCgYPPaM,US,Movie/TV Trailer,1,14,64959,627
buxbCiXPdgI,IN,Gaming,1,30,1500368,3819
bvPr39ipdbY,IN,Gaming,1,30,420473,37760
bvTq74gewf0,IN,Gaming,1,47,163640,1676
bvXW2ArNz7Q,GB,Movie/TV Trailer,2,2,1293348,82086
bvXW2ArNz7Q,IE,Movie/TV Trailer,8,26,1716074,96354
bvXW2ArNz7Q,US,Movie/TV Trailer,2,2,1300170,82333
bvjAj5CPRv4,IN,Sports,1,45,598633,1358
bw-S7ZeIOa4,IN,Other,2,27,392550,1561
bw2YW2H-LOU,GB,Other,2,3,230013,11245
bw2YW2H-LOU,IE,Other,2,33,230233,11244
bw9MKc-gV8c,GB,Gaming,1,30,195452,11071
bw9MKc-gV8c,US,Gaming,1,49,197671,11129
bwuUarZDeyA,US,Other,2,19,837019,83757
bwurk5mHc70,GB,Other,1,21,318972,6262
bwwF3TuJQME,US,Movie/TV Trailer,1,40,798474,2396
bx9Jijm5bjA,GB,Other,1,12,1619217,54390
bx9Jijm5bjA,IE,Other,2,30,1730800,55508
bx9Jijm5bjA,US,Other,1,21,1624979,54479
bxLxy6NcgAo,IE,Other,1,42,673470,29634
bxLxy6NcgAo,GB,Other,1,15,250646,15433
bxLxy6NcgAo,IE,Other,2,33,506601,24172
bxLxy6NcgAo,US,Other,1,48,264443,15884
bxSdPsRt1BU,IN,Music,2,31,363581,0
bxSk3FP5Wbo,GB,Other,1,42,146151,2965
bxtQex-hios,IN,Other,1,49,106294,247
byJ7Z93YhJA,US,Other,1,46,18198,273
byliYF8pot8,US,Sports,1,9,0,0
bzxUverM2uE,IN,Gaming,2,21,573543,8952
c-xdG-sAASM,IN,Other,1,35,1331744,22578
c0LtTVKNwNA,GB,Other,2,19,995490,7438
c0LtTVKNwNA,US,Other,2,27,1012969,7535
c0m3BpbXX9w,US,Sports,1,49,35986,1383
c1hY9_k9Kfk,GB,Music,1,15,360705,6624
c2Es_BoQ89s,GB,Gaming,1,6,55090,3752
c3JjtLX3QgA,GB,Challenge/Stunt,2,24,2117279,88056
c3JjtLX3QgA,IE,Challenge/Stunt,6,9,3134137,114129
c3JjtLX3QgA,US,Challenge/Stunt,2,24,2147030,88786
c4QuZZbg-Ms,US,Other,1,31,86939,1859
c5USuFNDIJ0,GB,Other,1,20,88670,2226
c5Uv9XpOHuc,GB,Movie/TV Trailer,1,25,71987,2903
c5Uv9XpOHuc,US,Movie/TV Trailer,1,37,74371,2943
c8wA9bV_oLI,US,Other,1,21,139409,97
c9SaHV-9_E0,US,Other,1,32,0,0
c9stZSq-tvk,GB,Movie/TV Trailer,1,32,46972,3565
c9stZSq-tvk,US,Movie/TV Trailer,1,28,48881,3628
cAAESQBhPm0,IN,Other,1,45,276050,24925
cBKdvTB0AYg,IN,Music,3,4,1537803,15303
cBOhfKLWN4w,GB,Movie/TV Trailer,2,4,35345,667
cBfYIb1w1iw,GB,Other,1,31,3670205,70848
cC6ebvZg-_Q,US,Movie/TV Trailer,1,2,158371,9230
cCJwD1oP3LM,GB,Other,1,17,486333,33343
cCJwD1oP3LM,US,Other,1,11,528700,34956
cCJwU-03reA,US,Other,1,32,0,0
cCQUHG-njCk,US,Other,1,42,200517,8140
cCYqzoKOWxk,GB,Other,1,10,115967,5977
cDPIi5n1N2M,GB,Reaction,1,49,103236,4501
cDPIi5n1N2M,US,Reaction,1,43,105409,4547
cEE1gFOvUlM,GB,Other,1,42,210971,796
cEUhM2uE-Wg,IN,Movie/TV Trailer,1,26,214768,1855
cEUhM2uE-Wg,US,Movie/TV Trailer,1,20,46909,850
cGgWAHXuTKc,GB,Movie/TV Trailer,2,8,3375397,10335
cGgWAHXuTKc,US,Movie/TV Trailer,2,5,3379141,10388
cGsnmjbZx90,IN,Other,1,46,419521,2395
cHoy_wJr264,IN,Movie/TV Trailer,1,38,708757,4068
cIMC_cGLeEI,IN,Movie/TV Trailer,2,19,279401,4968
cJOpRN253p4,GB,Gaming,1,36,160004,10248
cK-U-A3myP0,GB,Music,1,49,123041,315
cK62ATSlbSc,IE,Other,12,25,3593983,43979
cL0KKSPjZf8,GB,Challenge/Stunt,1,16,1315550,169295
cL0KKSPjZf8,IN,Challenge/Stunt,4,4,4595289,257359
cLJ9EBzi1Nw,GB,Other,1,16,386269,34451
cLJ9EBzi1Nw,US,Other,1,10,407386,35145
cL_1OJ24_Ds,GB,Other,2,9,148788,3339
cL_1OJ24_Ds,IE,Other,4,27,184077,3744
cLyw2TTWtQI,GB,Other,1,34,61395,4239
cLyw2TTWtQI,US,Other,1,29,78879,4599
cMp0-mSz0X8,IN,Movie/TV Trailer,4,5,1720994,86246
cMwPof7GM80,US,Other,1,22,80592,2575
cNF64WfCj28,GB,Other,1,15,833530,50469
cNF64WfCj28,US,Other,1,12,840001,50855
cPNv31eiuhA,GB,Gaming,1,50,253537,6322
cQYjbb_wVb8,GB,Other,1,21,396888,23305
cQYjbb_wVb8,US,Other,1,40,407745,23529
cRYvn-gWgSQ,IN,Gaming,1,46,481287,40501
cRlMcdN_ino,GB,Other,1,44,238698,7697
cRownBCCFyc,GB,Gaming,1,42,231172,8107
cScWuXAeMe8,IN,Gaming,1,33,827847,50087
cT20WpBToFI,US,Other,1,26,27043,2351
cTEVZJBeCE0,GB,Movie/TV Trailer,1,38,69791,845
cU_H0Vv3OaY,GB,Other,1,50,104262,878
cVGg8LIr2JE,GB,Music,1,43,97784,640
cVXpaV07IRU,US,Other,1,28,0,0
cW6zBuO7sb4,GB,Movie/TV Trailer,1,38,103922,10364
cW6zBuO7sb4,US,Movie/TV Trailer,1,26,111763,10762
cWEhkUfrk34,US,Other,1,41,0,0
cWJR_d9gBZ4,GB,Movie/TV Trailer,1,35,281254,16301
cWJR_d9gBZ4,US,Movie/TV Trailer,2,14,341473,18110
cXA3Zgsky18,GB,Movie/TV Trailer,2,8,621930,17821
cXA3Zgsky18,US,Movie/TV Trailer,2,19,629286,18038
cYGhmjzTH0E,GB,Music,1,29,254896,12293
cYpslA2ytis,GB,Movie/TV Trailer,1,44,714400,1816
cYzuX69tSBU,IN,Movie/TV Trailer,1,40,28845,791
cZ-saJoTl3M,GB,Gaming,1,18,895765,36923
cZ-saJoTl3M,US,Gaming,1,28,929566,37943
caoa9lHg7aY,IE,Other,4,17,1110877,44255
caoa9lHg7aY,US,Other,2,12,789808,35611
cbzEYxK734U,US,Other,1,6,1082004,13924
cc8FDOConV0,GB,Movie/TV Trailer,1,29,1941557,60009
cc8FDOConV0,IE,Movie/TV Trailer,5,41,4881344,116509
cc8FDOConV0,IN,Movie/TV Trailer,5,5,4881344,116511
ccTovDcHYIU,GB,Other,1,22,54140,4594
ccsBh02zUww,US,Other,1,20,0,0
cctvSNDaaYs,GB,Movie/TV Trailer,1,35,514452,4079
cctvSNDaaYs,US,Movie/TV Trailer,1,46,550404,4144
cdXso7b-g1Q,GB,Other,1,50,64934,1759
cdi98Ni6IjM,IN,Other,1,40,127968,1145
ce4brZTE_4o,US,Movie/TV Trailer,1,17,67451,5309
ceiBLSHKkeg,IN,Movie/TV Trailer,1,26,161622,7132
cemBjJ3Zx9Q,GB,Reaction,2,5,430535,24621
cemBjJ3Zx9Q,IE,Reaction,5,32,536460,28371
cemBjJ3Zx9Q,US,Reaction,1,5,320134,20228
ceooxuS-sww,GB,Movie/TV Trailer,2,2,9789724,51726
ceooxuS-sww,IN,Movie/TV Trailer,4,2,12282822,63905
ceooxuS-sww,US,Movie/TV Trailer,1,11,5026949,40825
cesyHAxTTaI,GB,Other,1,9,81729,2343
cfZbrHvoBgY,GB,Movie/TV Trailer,1,14,62416,582
cfZbrHvoBgY,US,Movie/TV Trailer,1,38,26812,292
cfgA8l8SUa0,IN,Other,1,23,257360,17367
cgRyQO-YIBo,IN,Gaming,1,15,1131168,58558
cgqjfZ1PKdg,GB,Music,1,41,255245,859
chEIFmg9Fbc,US,Other,5,26,37203,1468
chxcP4N56NM,IN,Other,1,31,216052,1036
ciGTZ8nWj8U,IN,Movie/TV Trailer,2,17,660490,11642
ciJesyvALNE,US,Music,1,34,8226,726
ciKfCLQosAQ,IN,Other,4,3,4449595,176497
ciyVZNRMjzc,IN,Gaming,1,27,293768,3376
cj-vEwYnHWw,IN,Other,2,21,237486,454
cjWTqndgZ_M,GB,Movie/TV Trailer,1,32,1490851,24512
cjWTqndgZ_M,IE,Movie/TV Trailer,6,23,3273277,33755
cjWTqndgZ_M,IN,Movie/TV Trailer,5,2,3242946,33181
cjd-XmARGRY,IN,Music,1,31,244839,15612
cjecTGJnWPs,US,Other,1,44,0,0
cjvVzVUItZQ,GB,Other,1,28,14393,1885
cjvhUT00bno,IN,Gaming,1,30,1924839,6405
ckM5C5e6Pw0,IN,Other,3,7,672088,1993
ckYibA4S7DA,IN,Other,2,16,243731,958
ckzZHEh0wOE,GB,Music,1,19,329605,2989
ckzZHEh0wOE,US,Music,1,10,80248,1003
clQARvetnyk,GB,Other,1,28,224220,666
clx1_qCgrpg,US,Other,1,43,0,0
clyzHmBx43E,GB,Movie/TV Trailer,4,14,603355,16159
clyzHmBx43E,IE,Movie/TV Trailer,4,35,603651,16162
clyzHmBx43E,US,Movie/TV Trailer,4,11,605114,16177
cmBI4KsuVek,US,Gaming,1,40,173151,1529
cmCarIm6Ic8,IN,Other,1,6,460861,5209
cmCarIm6Ic8,IN,Other,2,15,1375619,10436
cmJNR3VNjQM,GB,Other,1,29,181131,9175
cmMsu_jtcnE,GB,Music,1,10,411212,1924
cmMsu_jtcnE,US,Music,1,19,420489,1955
cmW7CFyl930,IN,Other,1,6,2035017,61338
cmjpadVj-Vk,GB,Movie/TV Trailer,3,2,9360827,122823
cmjpadVj-Vk,IE,Movie/TV Trailer,17,2,10723883,146384
cmjpadVj-Vk,IN,Movie/TV Trailer,1,34,3387474,93173
cmjpadVj-Vk,US,Movie/TV Trailer,3,2,9454636,123011
cmzVY1goqwQ,IE,Movie/TV Trailer,3,32,3340163,27084
cnKFvWH8A6k,US,Other,1,24,422052,38066
cnhFRakhzJk,IN,Music,1,19,284381,18967
cnqP9cCU5Ak,GB,Movie/TV Trailer,1,37,212723,5870
cnqP9cCU5Ak,IN,Movie/TV Trailer,4,17,713715,14694
cnweUJ8rDNA,GB,Movie/TV Trailer,1,47,36892,5497
cnxz0z40cIM,US,Other,1,12,0,0
cpHETfNtwY8,US,Other,1,39,43306,8398
cpqADE-RLH0,US,Other,1,35,305295,10739
cq2uPyLs4qQ,GB,Music,1,12,385172,4783
cqDrZCcNaio,GB,Movie/TV Trailer,2,2,391513,17805
cqDrZCcNaio,IE,Movie/TV Trailer,5,20,493260,20936
cqDrZCcNaio,US,Movie/TV Trailer,2,2,394956,17909
cqrwWQmlZRM,IN,Other,1,28,154140,284
crU3l-rd1OA,US,Other,1,19,250072,393
crbZKmXmbyE,GB,Other,1,47,164981,2685
crhAOooEOM8,GB,Music,1,25,32017,0
crhAOooEOM8,US,Music,1,13,109350,0
csX5i0Ai5Hk,US,Gaming,1,40,235523,8693
csiqOn4L3JU,IN,Gaming,2,16,168310,470
csz5DcPwnz4,GB,Gaming,1,26,42628,1754
ctLS9PBdt0A,GB,Other,1,21,324511,14797
ctLS9PBdt0A,IE,Other,1,42,326809,14839
ctLS9PBdt0A,US,Other,1,45,338940,15107
ctfT92kyPnU,IN,Music,1,43,86214,380
cu7c1yCRmDA,US,Movie/TV Trailer,1,31,34729,1122
cumJW4a9YFo,US,Other,1,32,188484,6845
cv3PyAGzhDk,IN,Music,2,30,309335,7289
cvC2G3Z5R2o,IE,Gaming,1,39,1404218,74786
cvh0xXmu0bs,GB,Other,2,3,4654212,160681
cvh0xXmu0bs,IE,Other,1,6,4058864,144380
cvh0xXmu0bs,US,Other,1,3,4109567,145676
cwPBArVWKKc,GB,Movie/TV Trailer,2,40,79032,507
cwPBArVWKKc,US,Movie/TV Trailer,1,46,80017,509
cwPJEoYoHnM,GB,Other,1,22,157176,12566
cxXMod8mbEM,IN,Other,2,48,217136,636
cxk3ZZTI0i0,GB,Sports,1,9,346287,4557
cxk3ZZTI0i0,US,Sports,1,36,348634,4582
cyUnbQ2IK_w,IN,Other,2,31,7819717,63775
cypIcKOXTFo,US,Other,1,30,325432,16950
czlPEeUo0Bc,GB,Music,2,13,1520850,4117
czlPEeUo0Bc,US,Music,1,48,593345,1957
d-BD49YHlmY,IN,Gaming,1,48,201933,1303
d-JtN1d5Kk8,GB,Movie/TV Trailer,1,20,2208578,21769
d-JtN1d5Kk8,IN,Movie/TV Trailer,2,8,2569563,23849
d-PUa2YoiNg,IN,Movie/TV Trailer,1,26,2698217,2069
d-iRsIxpzg4,US,Music,1,18,32624,3610
d07G953Mt24,GB,Movie/TV Trailer,1,17,22785,1546
d07G953Mt24,US,Movie/TV Trailer,1,19,23743,1581
d0as6Lu8_hM,US,Other,1,25,97664,2870
d1ATtu2GP_g,GB,Music,2,46,23436,1828
d2BJRWwmVU0,GB,Music,2,13,216559,12954
d2VTVCweRv8,US,Other,1,21,0,0
d4S-JVlRGW0,IN,Music,3,7,1144166,4944
d4_JlSI-nHI,IN,Movie/TV Trailer,1,29,53216,4211
d5X03JYeE44,US,Other,1,22,110203,3902
d5dJmj9gwD8,GB,Movie/TV Trailer,1,37,93975,2237
d65ujHnLXy4,US,Other,1,4,0,0
d66GRQNTtK0,US,Other,1,22,0,0
d6YJ0FBdPYU,IN,Other,3,7,911186,17619
d7I78pHQvWg,US,Other,1,44,0,0
d7iiPAxXUBo,IN,Movie/TV Trailer,2,43,1485245,17492
d8CXIELCR4E,IN,Movie/TV Trailer,2,35,110755,5493
d8uOJlO77GY,US,Other,1,3,0,0
dAjnvNp95xw,IN,Gaming,2,44,546306,17522
dBCNfgEAmxo,IN,Other,1,23,97487,611
dCY_QyPtGw0,GB,Music,2,28,488034,757
dCY_QyPtGw0,US,Music,1,25,503516,773
dCfYh10G1BA,US,Other,1,45,1180082,10443
dCwkQT7nCM0,GB,Gaming,1,26,390130,2046
dCwkQT7nCM0,US,Gaming,1,23,390160,2045
dDFSelpW_b4,GB,Other,1,18,254520,4061
dECZ1EFMvmA,GB,Gaming,1,44,129022,14221
dECZ1EFMvmA,US,Gaming,2,40,670718,39562
dEMz9X_oLBs,US,Other,1,31,169952,435
dGgJdk_zllg,IN,Movie/TV Trailer,5,5,3358637,320294
dGhP6JMDJT8,US,Other,1,28,415248,19315
dGlpEo_6jXU,IN,Movie/TV Trailer,2,8,276730,10146
dHHTr-1oz6k,IN,Music,2,19,414099,2362
dHIljR7_6_4,US,Gaming,1,27,133272,2777
dHaKuk45X9I,GB,Other,1,8,1052656,61806
dHaKuk45X9I,US,Other,2,5,1697295,86789
dI-ImqqUw0k,US,Other,1,12,0,0
dI9VEz-ryYU,IN,Gaming,1,35,230637,3378
dIofUndn9fQ,IN,Other,1,33,177752,1677
dItxs-3-Ojg,IN,Other,1,28,363863,2538
dIwsXvXDo20,US,Music,1,43,77257,8548
dJgl7VlOSu8,IN,Other,3,15,1016866,34966
dK-J7dBTyKc,GB,Movie/TV Trailer,1,2,97269,2873
dK-J7dBTyKc,US,Movie/TV Trailer,1,8,100308,2905
dKZm5ryaA3o,IN,Gaming,1,45,196883,2666
dMD6paLkXE8,IN,Gaming,1,45,173919,2703
dMFZNLaIk50,GB,Challenge/Stunt,1,48,226147,9572
dM_KqDZU4Ck,US,Other,1,25,207727,556
dN8CqyKovKM,GB,Reaction,1,26,50206,2731
dN8CqyKovKM,US,Reaction,1,23,51337,2764
dNSa7HO7jnE,IE,Movie/TV Trailer,6,10,255725,3965
dOtXc27sc8M,US,Gaming,1,17,210166,19769
dPM4UIz7K3g,US,Other,2,10,498990,2547
dPmEUcg1YfE,US,Sports,1,32,0,0
dQlAZ-6GtXE,GB,Other,2,9,748337,27767
dQlAZ-6GtXE,IE,Other,2,27,940176,31602
dQn0EyUXTnU,GB,Other,1,12,59322,1752
dR1HoN9sLqw,US,Sports,1,13,0,0
dR35SE5rkSA,US,Other,1,46,67843,1890
dRjlOOakTjQ,IN,Sports,1,38,142731,328
dRzKlvc-OS8,IN,Gaming,1,36,777299,4656
dSKNVCf3QSg,IN,Gaming,1,49,77561,216
dSKsgUu7qQw,GB,Other,1,36,349890,16172
dSKsgUu7qQw,US,Other,1,15,361402,16594
dST47kxBzHA,IN,Movie/TV Trailer,5,8,1342932,11726
dShPm_T39-U,GB,Sports,1,35,1235660,13433
dTdtgRUmXH8,US,Other,1,10,63332,7781
dTdtgRUmXH8,US,Other,1,43,130192,11151
dUIcdqXeAEo,GB,Gaming,1,48,27452,1328
dUTPM1LKf6g,GB,Movie/TV Trailer,1,14,103029,9106
dUTPM1LKf6g,US,Movie/TV Trailer,1,20,107350,9306
dVl1Rcbx7KI,GB,Gaming,3,9,549495,8589
dVl1Rcbx7KI,US,Gaming,3,38,551338,8607
dWVTyoKhq9c,US,Sports,1,3,0,0
dWePsu_Kd9c,GB,Movie/TV Trailer,1,31,50963,1533
dXi_nhziddY,GB,Other,2,10,319257,1376
dYEukrTOjEA,US,Other,1,20,261222,5141
dYd1TyhMK40,GB,Music,1,32,122582,11150
dYrDYVDhZq0,GB,Gaming,1,44,206383,3552
dZFHj99JgFc,IN,Other,1,47,310231,21930
dZkqh0WtRyk,GB,Other,1,41,263421,16136
dZkqh0WtRyk,US,Other,1,23,281241,16704
dZmw_1n5kio,GB,Gaming,1,45,158569,6438
dZr0srDQCgk,US,Sports,1,21,79469,1806
d_3Qrj0xmuE,GB,Other,1,13,114910,4225
d_DoF0hdoWM,GB,Other,1,42,11796,1451
d_JJZ9HTCJc,IN,Sports,2,15,875019,11711
damOODDa96s,GB,Movie/TV Trailer,1,13,33929,286
dcIA9Ng8wUg,GB,Other,1,31,2233,299
dcWrgiyfRuQ,US,Other,1,41,0,0
dfyBpw_x7RQ,US,Other,1,15,0,0
dg8NaLeOihk,GB,Movie/TV Trailer,1,20,160191,10498
dg8NaLeOihk,US,Movie/TV Trailer,1,23,164270,10642
dgWHvUjtDJE,IN,Movie/TV Trailer,3,20,1706032,7186
dgtuUt0H9cw,GB,Other,1,28,4177,421
dh8FNNW9dGY,IN,Gaming,1,35,504639,3735
dhCP-OkAWPE,US,Other,1,48,505617,1031
dhKQZiRqlt4,US,Other,1,48,209677,12724
dhPyrMvc_oo,IN,Music,3,36,545196,10782
diNRGA7n3QA,IN,Other,1,37,444331,3152
diOcFC_TYxo,GB,Music,1,10,156781,18762
diUR_nHbaM8,GB,Challenge/Stunt,1,49,360687,21875
dimCiC_hdoA,GB,Movie/TV Trailer,1,20,82410,3514
dimJoLEsX4I,IN,Movie/TV Trailer,2,37,64082,3357
dioUrjXqIvo,GB,Other,1,35,243932,3149
dj-INFIOJcI,GB,Reaction,2,3,880291,37751
dj-INFIOJcI,IE,Reaction,9,12,1184584,47404
dj5_aoEsaHg,GB,Other,1,41,268847,22149
dj5_aoEsaHg,US,Other,1,32,288987,23163
djeXGgADLyE,IE,Gaming,2,36,1122181,55856
dk4zjuEPLZ4,GB,Other,1,24,322869,11589
dk4zjuEPLZ4,US,Other,1,9,333419,11754
dk7LlVvogXE,IN,Other,3,24,2483166,67202
dkxzG6l2jMQ,GB,Music,2,41,315181,1062
dlDEm7j152o,US,Gaming,1,35,274381,8549
dln9VTOKBWQ,GB,Other,1,41,116878,6633
dm2Tn6Pc2AA,US,Other,1,38,18963,524
dmdx1a5KPiU,IN,Gaming,1,9,3070695,6334
dns-0KTPs1M,GB,Music,2,25,193293,742
doPnqhjtGFs,US,Music,1,15,82054,6647
doZpjDzmpPA,IN,Other,1,30,32572,467
dosF5efl6bg,GB,Other,1,25,73394,9704
dozrn3U4A04,GB,Other,1,36,236665,12139
dozrn3U4A04,US,Other,1,3,252645,12543
dpIS-7Hg6yc,US,Other,1,31,0,0
dp_yP5zoZsI,IN,Other,1,3,3616718,114142
dq-qlpSD2QM,IN,Movie/TV Trailer,4,4,509654,15435
dq5O31ahU4U,GB,Other,1,9,91355,2176
dqRCXa02ml8,GB,Movie/TV Trailer,2,11,374352,11114
dqRCXa02ml8,IE,Movie/TV Trailer,2,47,456035,12714
dqRCXa02ml8,US,Movie/TV Trailer,2,7,376715,11140
drCWYD7uf1w,IN,Gaming,1,15,631638,1158
drXfj4fv0RM,IN,Sports,1,27,912665,4443
dru4ovRlLaQ,GB,Other,1,19,291975,888
dsOnuV2HvTo,US,Other,1,45,90399,5446
dsoiHYPSdDA,US,Movie/TV Trailer,1,47,82764,1043
dtpjKHiPUlo,US,Other,1,37,301769,231
du53T1WtuJU,US,Other,1,29,250975,494
du9ivt0Oer0,IN,Gaming,1,26,568927,3272
duCuzVC_TeM,GB,Music,1,18,69885,161
duUyK2uLBig,GB,Movie/TV Trailer,1,16,42417,311
dv155ijmOLM,IN,Other,1,3,1628756,140111
dvWIl8JRrKY,IN,Movie/TV Trailer,2,25,96203,932
dvcimKk0E-Y,IN,Music,2,31,85784,290
dwhSHaP3Hwg,US,Other,1,50,120718,3496
dy1Pgbvmdfg,US,Gaming,1,23,302131,5120
dyHE2VMW4II,US,Other,1,33,174199,6538
dy_urGMFwH4,GB,Movie/TV Trailer,2,5,10250373,107843
dy_urGMFwH4,IN,Movie/TV Trailer,5,2,13107899,143958
dymEi4V8hdw,IN,Other,1,44,50938,517
dz2mv8DTp6U,US,Other,1,44,252189,7445
dzDwcI8raEw,IN,Music,1,25,291109,12304
e-0H7KmxYcs,GB,Gaming,1,29,867564,7156
e-7ev9utc3I,GB,Challenge/Stunt,1,24,248549,4633
e0btwOeezAM,IN,Gaming,1,38,1029589,7811
e1Q3D9sdF_8,US,Other,1,26,0,0
e2bGdrNS19Q,GB,Other,1,16,201881,380
e3-xsBaDjmc,GB,Other,1,22,478024,2739
e3-xsBaDjmc,IE,Other,35,1,10322023,49386
e3Cht9jCIkk,IN,Music,1,22,74650,333
e3_ggSj1Pdo,GB,Movie/TV Trailer,1,29,127222,3023
e3_ggSj1Pdo,US,Movie/TV Trailer,1,17,137511,3161
e4R4guZS0WU,GB,Movie/TV Trailer,1,2,840112,7608
e5QW457407U,GB,Movie/TV Trailer,2,8,826503,30200
e5QW457407U,IE,Movie/TV Trailer,3,32,1016795,33383
e5QW457407U,US,Movie/TV Trailer,1,17,536375,23908
e5s_X4lnp8E,GB,Other,1,6,438785,2174
e5s_X4lnp8E,IE,Other,1,39,438895,2174
e5s_X4lnp8E,US,Other,1,16,439705,2177
e6dwZGIrC8s,IN,Music,2,16,1800469,108060
e6dwZGIrC8s,IN,Music,1,7,1096018,93249
e6puGWDoA0M,GB,Movie/TV Trailer,2,5,119751,5632
e6puGWDoA0M,US,Movie/TV Trailer,2,11,120121,5648
e7GS23UNL4Q,IN,Movie/TV Trailer,2,32,28292,2001
e7c8xqyTkRk,GB,Sports,1,12,358111,5457
e7c8xqyTkRk,US,Sports,1,49,372715,5560
e7n3Ro8BgOs,GB,Music,2,15,29694,1150
e8UdIaODtlo,GB,Movie/TV Trailer,1,17,113237,1838
e8UdIaODtlo,IN,Movie/TV Trailer,1,36,113463,1849
e9V13EQSWOA,US,Other,1,10,758316,93548
eAEK5g_pzso,IE,Other,1,45,440431,16196
eAEK5g_pzso,IE,Other,3,23,424435,15850
eAbx3w8wqQs,US,Movie/TV Trailer,1,34,65359,4481
eAwcccht6_M,US,Gaming,1,45,61611,5861
eDTb3Fj0yb0,GB,Other,3,3,3540804,127955
eDTb3Fj0yb0,IE,Other,19,3,6123591,164439
eDTb3Fj0yb0,US,Other,2,16,2729012,110773
eDkO64tSf6I,US,Gaming,1,44,308301,12049
eEAQX_QR9cI,US,Music,1,44,37226,1850
eEXUN6T6P_4,GB,Music,1,37,97750,313
eEi3VncVMx4,US,Other,1,17,125985,1005
eEriAnL5X84,GB,Music,1,16,91599,159
eFDqZN49hBk,GB,Other,1,39,566355,41705
eFDqZN49hBk,IE,Other,1,27,569941,41833
eFDqZN49hBk,US,Other,1,26,587125,42494
eFFevU6jHes,IN,Gaming,1,38,415035,5511
eFKixXyAfuc,US,Other,1,13,389467,377
eFrJE2uECDA,US,Movie/TV Trailer,1,20,74056,2731
eIit0Xt-jU0,US,Sports,1,6,0,0
eIkoWfzdTCY,US,Other,1,24,250435,10886
eJM1SZbjM3I,GB,Other,1,9,319648,7494
eJar6QyBQN0,IN,Movie/TV Trailer,1,41,53595,938
eJd4ii5avNw,US,Other,1,42,78929,16002
eJn0Z8AYRQI,GB,Other,1,37,37169,3435
eK_obqDtP7o,GB,Movie/TV Trailer,1,26,42186,3034
eK_obqDtP7o,US,Movie/TV Trailer,1,32,42946,3060
eL0s8Bxgj0g,US,Gaming,1,37,127596,20544
eLanMe5e5WE,US,Other,1,31,111677,6259
eLb2K7QmIpA,IN,Movie/TV Trailer,2,38,229631,11646
eM1ikiMCSbM,GB,Music,1,22,107007,506
eMz5BcvPXBg,IN,Music,3,7,800369,62291
eN49TirtuKE,US,Other,1,48,0,0
eNIq4HURlJY,IN,Movie/TV Trailer,2,40,369481,4041
eO09I6vjpOA,IN,Other,1,36,173725,4533
eO3zsYsDnbI,GB,Music,2,1,594171,44990
eO3zsYsDnbI,IE,Music,5,4,1757492,58192
eO3zsYsDnbI,US,Music,2,1,602327,45222
eOrYATRHo4A,GB,Other,1,31,184579,9977
eOwM64UVaGM,GB,Other,1,9,279749,22190
eOwM64UVaGM,US,Other,1,31,290730,22686
eP0IjgOGdW4,US,Sports,1,46,207157,8700
ePZeyh5q9R8,GB,Other,2,3,2474958,121924
ePZeyh5q9R8,IE,Other,7,9,2912634,128774
ePZeyh5q9R8,US,Other,2,3,2478233,122000
ePi8tDdKuWw,IE,Movie/TV Trailer,1,47,384948,23712
ePi8tDdKuWw,US,Movie/TV Trailer,1,40,730447,30825
eQ67oapo-To,GB,Other,1,24,12224,2092
eQPKSFgallY,IN,Movie/TV Trailer,1,17,319670,13212
eQVupNVIK3U,IN,Gaming,1,38,118945,3540
eQoI2bPIkDY,IN,Other,1,34,145635,3848
eR6DHAg145Q,IN,Movie/TV Trailer,2,44,281242,6548
eS5u0-lePMg,IN,Sports,1,42,2798610,21969
eSajfHNOk40,US,Other,1,44,287241,19607
eTITGi5tYxo,US,Other,1,33,148319,12667
eTWS9cKoV2Q,IN,Movie/TV Trailer,1,46,96345,4384
eTi5vu8ybG8,GB,Gaming,1,32,104057,2496
eTl-FnVvGu0,IN,Other,2,10,918009,7219
eTlU2fKnIPQ,US,Other,1,35,0,0
eU2HrFJ_5D8,IN,Reaction,1,45,95232,5946
eUddskE8bfk,IN,Music,2,34,138135,1534
eUsQ-g_qpTQ,GB,Other,1,39,530391,22576
eUxyBS5y8rQ,IN,Other,2,15,795649,5458
eVq6qlu0_GU,GB,Other,1,18,506934,23445
eVq6qlu0_GU,IE,Other,1,36,506934,23448
eVsmWJbhvC0,US,Sports,1,24,0,0
eW3gWpnvE7Y,US,Other,1,45,337508,552
eWULkdcaR5o,GB,Movie/TV Trailer,2,14,408243,25982
eWULkdcaR5o,US,Movie/TV Trailer,2,8,410580,26076
eWgCJ0dtMA0,US,Other,1,49,118398,9906
eZNWWFKo-4w,IN,Movie/TV Trailer,1,29,161188,4746
e_MhpSg6Ljs,IN,Gaming,2,26,230877,3009
eaIenG44C-g,IN,Other,2,7,1580341,27125
eafmqwusfNw,IN,Gaming,1,9,805187,14966
ealWy6t7nQc,GB,Other,1,30,99508,3341
eaxbpV2zXtc,US,Other,1,21,0,0
eb1GbUEQhss,IN,Gaming,1,49,85215,246
ebAvkqpA9MU,GB,Music,1,49,22366,3203
ecJdOePNd5E,GB,Other,1,33,212868,6129
ecJdOePNd5E,US,Other,1,48,227560,6486
ed-jr9C5lmA,GB,Other,1,9,345352,10839
ed-jr9C5lmA,IE,Other,3,15,837990,19901
ed-jr9C5lmA,US,Other,1,16,363133,11117
edd_IqssAcE,GB,Gaming,1,33,325007,6305
edd_IqssAcE,US,Gaming,1,24,339044,6464
eejgbPD74RU,US,Other,1,36,0,0
efo4WeRzlc0,US,Other,1,30,0,0
ehBnNWS86d4,US,Gaming,1,35,216056,8849
eh_5uIWqh2M,IN,Music,3,19,1980999,23150
ehpcsRqox2Y,GB,Other,1,27,307316,5675
ehpcsRqox2Y,US,Other,1,32,336330,5754
ehuZR8Yj6bw,GB,Other,1,3,447220,8148
eiEynU-ZuF0,US,Sports,1,33,0,0
eimaJueXJJk,US,Other,1,44,144995,15398
ej8pjisr0Pc,GB,Movie/TV Trailer,2,8,8957971,15251
ej8pjisr0Pc,US,Movie/TV Trailer,2,8,8964632,15397
ekRVO7zZPIQ,GB,Gaming,1,33,621377,14977
ekUIHBzF__4,GB,Gaming,1,46,206518,3638
ekqmxS_IctY,GB,Other,1,18,70140,1679
el9gkB0rAxE,IN,Music,1,28,51736,6548
emBRqg0GdOY,IN,Movie/TV Trailer,5,8,1585535,9022
emCF66u7BHk,IN,Other,3,9,1708105,6760
emM-mnf_nFE,IN,Gaming,1,47,126526,1897
enE6YJoy-n0,GB,Movie/TV Trailer,2,2,205492,6876
enE6YJoy-n0,US,Movie/TV Trailer,1,50,93920,3908
enEwQqL5i1w,GB,Sports,1,44,447483,12350
enGM857RhNs,GB,Movie/TV Trailer,1,50,35035,1720
env-iuYFPPg,GB,Other,1,19,112052,1677
envVUolDvdM,GB,Other,1,11,339114,26617
eojLV6R_QpY,GB,Challenge/Stunt,1,42,114091,2782
epW1TYLoxmE,GB,Challenge/Stunt,1,24,68823,1690
eq1a7tiCHOE,US,Other,1,42,149964,7430
eqGuXU3IvYE,US,Music,1,33,38370,2904
eqM4JzlVn8Y,IN,Music,1,37,272405,5715
eqcvog_euQU,IN,Music,2,7,505740,35905
erCSb0NrpQU,GB,Gaming,1,23,246553,3245
erKHpH0EICo,GB,Movie/TV Trailer,1,23,65580,3267
erKHpH0EICo,US,Movie/TV Trailer,1,11,85287,3787
esWXsMEwLlw,US,Gaming,1,49,156815,3029
essnwDhQlvw,GB,Other,1,50,170989,16367
etJLQ-ccR0o,GB,Music,2,1,1733857,3638
etJLQ-ccR0o,IE,Music,13,1,7168333,12816
etJLQ-ccR0o,US,Music,1,12,704519,1653
etJ_ArjioAY,GB,Sports,1,27,234330,3210
etJ_ArjioAY,US,Sports,1,42,237232,3251
etYKsd6a2ak,IN,Other,1,35,107650,776
etlmPYPyYUE,IN,Movie/TV Trailer,1,25,170798,4451
euM8EKFrLL0,IN,Other,1,3,4134837,121737
ev7XIV3vLq4,US,Other,1,21,157747,7763
evkusNj7ZPU,GB,Music,1,18,339688,687
ewesyVqb1vU,IN,Other,3,4,1023050,3134
ex55eyU2Y1s,IN,Other,4,1,1288961,78964
eyqV7PRkAsg,GB,Challenge/Stunt,1,45,314384,19115
eyqV7PRkAsg,US,Challenge/Stunt,1,44,319813,19353
eywedU5cJcc,GB,Other,1,15,53200,5885
ezK-s3QOoRM,GB,Music,1,4,160793,269
ezNiuu2ZfeE,GB,Music,1,16,4934,493
ezrxA5yUnSw,IN,Gaming,2,25,273081,815
f-9eybwwuvg,GB,Other,1,6,171331,8606
f-ok5QZNGVc,IN,Movie/TV Trailer,3,32,1195982,21808
f-uc7Jur0y4,IN,Movie/TV Trailer,3,14,571281,14620
f-v4Zqph7qw,US,Other,1,24,35175,555
f-zSsXdZKwk,US,Other,1,7,125893,9471
f06L5l29XOo,US,Other,1,30,124647,5846
f07WC_faV8w,GB,Sports,2,31,49051,1314
f10HUlpiIis,IN,Gaming,1,15,1331851,4267
f2LtXlHgMgY,US,Music,1,10,40742,192
f2ia1QT7818,GB,Other,1,19,374224,1044
f3zv0-zOqak,GB,Other,2,10,552252,55697
f3zv0-zOqak,US,Other,1,16,303496,39066
f4I3AvQwkxg,GB,Reaction,1,32,22323,1144
f5PZ_6kqkvA,IN,Movie/TV Trailer,3,29,175110,8306
f5RV7zT71bg,IN,Other,1,41,335592,19029
f5VRS6AjkU8,GB,Music,1,16,263193,614
f5_0ZEaTvgg,GB,Other,1,36,63224,570
f5fZvVgCjOA,IN,Other,1,31,86567,361
f6ISWbRJjoM,US,Music,1,28,245445,380
f6ZDmAhaH_Q,GB,Music,1,9,293527,20394
f6ZDmAhaH_Q,US,Music,2,1,571554,27873
f6f3PhauXyg,GB,Gaming,1,17,1800836,102005
f6f3PhauXyg,US,Gaming,1,14,1854309,103963
f7mFVeWnVLw,GB,Movie/TV Trailer,1,38,1514624,19393
f7mFVeWnVLw,US,Movie/TV Trailer,4,20,5959743,30877
fAE5AwRMZ6A,GB,Other,1,38,321179,17249
fBn0UuPSkqY,GB,Other,1,12,128977,3291
fBr0Wt1JR3E,GB,Other,1,28,69043,3119
fBr0Wt1JR3E,IE,Other,1,46,143977,5133
fCNp5jX_LVM,US,Movie/TV Trailer,1,32,42782,3186
fD370j42EtI,GB,Music,1,50,221755,6846
fDVFp1PWPvA,US,Movie/TV Trailer,1,40,43081,1378
fEkFkFZyx5w,GB,Movie/TV Trailer,2,5,986056,48398
fEkFkFZyx5w,IE,Movie/TV Trailer,9,14,1195595,51849
fEkFkFZyx5w,US,Movie/TV Trailer,3,2,1054549,49553
fFVId5BvPeI,GB,Other,1,41,459006,6902
fFVId5BvPeI,IN,Other,2,7,1041323,10455
fFYeMobyXW8,IN,Movie/TV Trailer,2,20,52408,3428
fGkFTRGUncE,IN,Gaming,1,38,84500,6630
fGm2X5XkwpY,GB,Movie/TV Trailer,2,23,276193,24474
fGm2X5XkwpY,US,Movie/TV Trailer,1,8,110127,14691
fGmFQjMpU5A,IN,Gaming,1,27,183073,0
fH0QiFwGLPQ,GB,Gaming,1,29,176095,6894
fITE388ioQw,US,Gaming,1,47,0,0
fIXb8fn_oQo,IN,Other,1,36,126326,338
fJbIrnW6GiM,GB,Other,1,21,718364,64849
fJbIrnW6GiM,US,Other,1,37,753874,66600
fLGBMqPr3bM,US,Other,1,29,0,0
fLZQcsjsTzk,GB,Reaction,1,47,11223,670
fM-lFmXvJqY,IN,Gaming,1,20,2555362,15628
fMcFO3Zalpw,IN,Music,2,13,2792850,107064
fMtCb_KiGBs,IN,Music,2,12,990676,7698
fMyX17F4Lhk,IN,Other,1,37,437976,2723
fNYFmETBOu4,GB,Gaming,2,3,1077810,48020
fNYFmETBOu4,IE,Gaming,2,3,1078729,48060
fNlNXkplHog,IN,Movie/TV Trailer,2,22,112159,6090
fNo7Cq11El4,IN,Gaming,1,18,593005,2959
fOU3xo_50MI,IE,Sports,4,18,603922,22501
fOYOQjmZ_zY,GB,Movie/TV Trailer,1,32,36020,873
fPEWoGlir0o,US,Music,3,22,135777,11825
fPLvQsZwuu8,GB,Music,2,3,235869,21378
fPLvQsZwuu8,US,Music,1,18,120038,15286
fPQnODGFhhI,GB,Other,1,21,290644,11205
fPQnODGFhhI,IE,Other,4,30,750139,20842
fPQnODGFhhI,US,Other,1,12,306796,11454
fPZKB4fk770,US,Other,1,3,0,0
fPmrzygqO8U,GB,Other,1,3,1794033,108049
fPmrzygqO8U,IE,Other,17,3,5956847,207047
fPmrzygqO8U,US,Other,1,6,1869274,110009
fQ3hEKFsMgc,IN,Movie/TV Trailer,2,28,107036,5846
fQoP82eljYo,GB,Gaming,1,43,210283,7554
fRm6ydEQfsg,US,Other,1,43,0,0
fRtv43c8Q4s,GB,Other,1,39,139587,2479
fS6nft1SwQY,US,Music,1,46,271385,252
fT3cZWmF7uQ,US,Movie/TV Trailer,1,38,41531,3134
fTlYft_WraU,IN,Movie/TV Trailer,3,14,151882,8802
fU03uSHbTGo,GB,Gaming,1,45,317082,4630
fU03uSHbTGo,US,Gaming,1,42,328977,4742
fUf4FzhztPY,IN,Movie/TV Trailer,3,20,543130,34021
fVWVVEKMouo,IN,Other,3,3,3272586,109185
fVva4oMMwZc,IN,Other,1,15,689355,28261
fVxmjwaPEFU,GB,Movie/TV Trailer,1,35,569897,21854
fVz_LLeGK0w,GB,Other,2,7,547985,3052
fVz_LLeGK0w,US,Other,2,4,556512,3081
fWLIHSGU4kQ,GB,Other,1,44,168037,7742
fWLMriySWMc,US,Challenge/Stunt,1,46,204555,5309
fXiSXGFPdDg,GB,Movie/TV Trailer,1,14,73172,6317
fXiSXGFPdDg,US,Movie/TV Trailer,1,5,74137,6382
fZC1TkH3smk,GB,Other,1,19,5577,680
f_AUtQJapGg,GB,Sports,1,36,152455,2287
f_bKjZeJBBI,GB,Movie/TV Trailer,4,2,12493903,288475
f_bKjZeJBBI,IE,Movie/TV Trailer,23,2,23720312,323032
f_bKjZeJBBI,IN,Movie/TV Trailer,6,2,16929501,295883
f_bKjZeJBBI,US,Movie/TV Trailer,3,2,10156527,274781
f_mCvoMgoYs,GB,Movie/TV Trailer,1,5,854053,7800
faAMJkRMF4k,US,Other,1,14,0,0
facFWHA6l_4,GB,Other,1,39,1127793,40788
facFWHA6l_4,US,Other,1,28,1144108,41117
fanBFK3txvE,US,Reaction,1,43,30749,1998
fbN6cG6_iGk,GB,Other,1,22,562292,6362
fbPNZGlz0f0,GB,Other,1,46,21545,2860
fcf3RsDaqes,GB,Music,1,42,70955,7910
fcnDmrtj6Sk,GB,Music,3,1,20414525,1230641
fcnDmrtj6Sk,IE,Music,11,1,67553515,2176113
fcnDmrtj6Sk,IN,Music,3,16,20442531,1231833
fcnDmrtj6Sk,US,Music,3,1,20566495,1237950
fcnDmrtj6Sk,IE,Music,24,7,249431975,4098968
fcoMCxivzIo,US,Other,1,14,0,0
fdBr5KyUilU,GB,Movie/TV Trailer,1,17,210455,5581
fdBr5KyUilU,IE,Movie/TV Trailer,5,29,640997,11820
fdBr5KyUilU,US,Movie/TV Trailer,1,14,220216,5754
fdYvqMf9Ir0,US,Sports,1,9,0,0
feMza85zOtE,US,Other,1,24,196262,11000
fevn3Yrfxu8,GB,Movie/TV Trailer,1,11,70359,6644
fevn3Yrfxu8,US,Movie/TV Trailer,1,19,71847,6722
ffISwtNtUZw,US,Other,1,48,346433,399
ffqs6yIkVQs,GB,Other,1,21,32384,849
fgU6oDNL0ok,GB,Other,1,40,178940,10603
fgZy2-XUmXM,GB,Movie/TV Trailer,3,14,165222,4630
fgZy2-XUmXM,US,Movie/TV Trailer,3,26,165479,4633
fgmc595rao4,US,Music,1,18,24686,4521
fhGKdDuW_qE,US,Gaming,1,45,59625,4737
fiB28Dbo30I,IN,Gaming,1,21,1136795,3229
fia0byKhXro,IN,Movie/TV Trailer,2,26,124765,3417
fixi2ODMyzw,IN,Music,1,10,151747,0
fl-ZxYBlg0s,GB,Other,1,13,781780,5425
fl-ZxYBlg0s,IE,Other,17,1,9316953,45916
flco86_Llm8,GB,Challenge/Stunt,1,36,137798,3830
flco86_Llm8,GB,Challenge/Stunt,1,33,764104,12315
fm2ueAiBvec,IN,Gaming,1,30,616923,28672
fmSIIeUYEn0,IN,Movie/TV Trailer,2,44,61662,3642
fmkEvvLftSg,US,Other,2,12,325277,1000
fnw_niw9nzQ,GB,Movie/TV Trailer,2,11,240164,15798
fnw_niw9nzQ,US,Movie/TV Trailer,1,35,122710,10971
fo7MlimxqFQ,GB,Music,1,21,896149,24938
fp1PT8UNOEI,GB,Sports,1,33,293961,4509
fp1PT8UNOEI,US,Sports,1,38,302588,4565
fpaVsWg8KPg,US,Movie/TV Trailer,1,10,48641,1643
fpaVsWg8KPg,US,Movie/TV Trailer,1,46,125478,2852
fqBZtUuew_c,IN,Movie/TV Trailer,1,32,81189,3746
fqEjHDCOTRk,GB,Other,1,3,240203,13212
fqEjHDCOTRk,IE,Other,3,18,367003,17925
fqNn5y_OCbw,US,Music,3,6,255117,14759
fqhE1DJLYJw,IN,Gaming,1,35,558136,31679
fsDBAr42UUg,GB,Movie/TV Trailer,1,14,1367462,17181
fsDBAr42UUg,IN,Movie/TV Trailer,4,11,4835395,23918
fsSULRl5vOw,IN,Gaming,1,49,415250,5673
fslYYuHEcBA,US,Other,1,33,0,0
ftPygIE_VwU,GB,Music,2,13,220682,21610
ftPygIE_VwU,US,Music,1,10,106651,14100
fuVyK1bVbic,US,Other,1,14,369932,8128
fucyMSWcaFg,GB,Movie/TV Trailer,1,8,154363,4994
fucyMSWcaFg,US,Movie/TV Trailer,1,11,163576,5175
fundJ87kk1k,IN,Gaming,1,18,625409,1656
fusFF0wvHLM,GB,Other,1,20,267107,21223
fusFF0wvHLM,US,Other,1,26,279010,21827
fuwCjRfDUFI,IN,Movie/TV Trailer,4,5,2399978,16456
fuyL2k9_xvs,US,Other,2,16,109056,6522
fvW9FBH-uUY,US,Sports,1,12,0,0
fwCOKN5H0Ik,IN,Other,1,4,207829,998
fwLbTT9oWPc,IN,Movie/TV Trailer,1,28,76889,953
fx2BukBBKaw,IN,Other,1,35,171078,18086
fxA7rFlmmf4,GB,Other,2,33,1541362,31764
fywNBuzD2SU,GB,Movie/TV Trailer,1,49,50308,1218
fzBU_yCy6ic,US,Other,1,46,0,0
g-k7fX4NjrQ,IN,Other,2,21,244459,9878
g-lJnVohoZ0,GB,Other,1,39,263761,9912
g0JQLkd2wWA,IN,Movie/TV Trailer,5,10,826805,77605
g0nynVMRnhs,GB,Sports,1,40,114562,4118
g1GBE8eeNyM,GB,Music,1,40,108484,5343
g1RwdvpmFM8,US,Other,1,38,693936,62436
g1bG9ZZ8ct4,US,Other,1,32,0,0
g1fq327snPU,GB,Movie/TV Trailer,1,2,984208,42597
g1fq327snPU,IE,Movie/TV Trailer,11,8,2917497,80632
g1fq327snPU,IN,Movie/TV Trailer,3,20,2006609,64702
g1fq327snPU,US,Movie/TV Trailer,1,5,1008606,43264
g23pmazHwgE,IN,Music,2,7,1069947,16905
g2JXuQ3nKPU,GB,Movie/TV Trailer,1,47,3000896,10819
g2JXuQ3nKPU,US,Movie/TV Trailer,3,8,4556648,11885
g2Tu0S9-58A,GB,Sports,2,15,812319,19872
g2Tu0S9-58A,IE,Sports,2,33,813097,19878
g2Tu0S9-58A,US,Sports,3,21,816738,19932
g2v3Q9CAtHg,IN,Gaming,1,9,1662717,3772
g43wLCnEOpw,IN,Other,2,21,187511,734
g4R9UCu4gvg,IE,Other,4,28,1036476,99401
g4SwCL2vaYg,US,Other,1,48,0,0
g4mfRXPf-Aw,IN,Gaming,1,18,824038,3928
g66hVewqrMU,GB,Movie/TV Trailer,2,14,107575,354
g73Ys3Q8rMA,IN,Sports,2,18,537190,6121
g78IqKZkG1s,GB,Other,1,22,33428,2107
g79GPZSQHBk,GB,Movie/TV Trailer,1,5,407251,23441
g79GPZSQHBk,IE,Movie/TV Trailer,1,44,417403,23680
g79GPZSQHBk,US,Movie/TV Trailer,1,2,449011,25191
g7DaciiNt3g,US,Music,1,19,38880,3335
g7QIOwwgLOw,IN,Gaming,1,9,891806,6173
g7T4m13gTDI,IN,Other,1,41,395541,22897
g8MsaCcerXo,IN,Other,1,3,2676600,73232
g9eRVZDnX6c,GB,Music,1,46,83286,1646
gA_oDLHbh94,GB,Other,1,28,326753,1953
gAiMLGc8G-w,GB,Movie/TV Trailer,1,38,9722,541
gC3Y45DdhQQ,IN,Movie/TV Trailer,1,37,98896,2763
gCCTgS0iogs,IN,Movie/TV Trailer,1,47,83264,357
gDCrWQNGH0A,US,Music,1,30,43752,5492
gDvbGANDH4E,GB,Movie/TV Trailer,2,5,169500,7321
gDvbGANDH4E,US,Movie/TV Trailer,1,11,89206,5295
gE-rcACBTZU,US,Other,2,10,1492142,14691
gEVCXrjvaT4,GB,Gaming,1,49,289652,7015
gF0iaiTE_nE,IN,Other,1,37,97895,570
gGjMGjaNxIE,GB,Music,1,28,165438,9610
gHT60fNCHpg,IN,Other,1,42,99171,536
gIZMpwhxlmM,US,Other,1,15,93556,9424
gIhejm0k3dU,US,Other,1,31,76533,7315
gIn4ZoMgwp8,US,Other,1,41,105299,14237
gJ1J2AnZBT8,US,Sports,1,12,0,0
gJoKl1XS2Lo,IN,Music,2,19,719754,45385
gK0iaGa38-o,IN,Other,3,4,847769,20899
gKIqQ-ccIQM,US,Other,1,3,0,0
gKum7LqFi1s,GB,Movie/TV Trailer,2,38,424052,32683
gKum7LqFi1s,US,Movie/TV Trailer,2,35,427544,32889
gL_S6Wz9OHk,GB,Other,1,22,103811,6318
gLdsJ2NG_L8,US,Sports,1,39,0,0
gLmRUEKHaMY,US,Gaming,1,40,275824,16142
gM4LkaXwGuY,GB,Movie/TV Trailer,2,2,1322881,32666
gM4LkaXwGuY,IE,Movie/TV Trailer,7,2,1613831,39326
gM4LkaXwGuY,IN,Movie/TV Trailer,1,35,1003097,27602
gM4LkaXwGuY,US,Movie/TV Trailer,3,2,1459087,35887
gNS2vA2Gq2Y,IN,Gaming,2,25,204107,598
gNYtC0swvaw,IN,Movie/TV Trailer,1,47,138236,5452
gO2WyGXCpq0,GB,Other,1,47,28098,893
gO4nUzkCQBQ,GB,Movie/TV Trailer,1,37,47076,1035
gOwuus16DmY,IN,Other,2,10,453053,17441
gPDi3aUbxyY,GB,Gaming,1,21,430939,28312
gPDi3aUbxyY,IE,Gaming,5,11,1357276,56697
gPDi3aUbxyY,US,Gaming,1,9,466354,29437
gPcjfsd72Kk,GB,Other,1,21,205144,14560
gPcjfsd72Kk,IE,Other,1,45,206651,14622
gPvsYxTuRng,US,Other,1,42,65285,2440
gQXwFNw3gas,IN,Gaming,1,49,171161,1013
gRHkTCpXr3M,US,Other,1,33,259503,12691
gRW6tN1iulM,IN,Music,1,36,208308,2271
gRrOU9S19fk,IN,Movie/TV Trailer,2,43,53535,2846
gSgBTb3wmMI,GB,Movie/TV Trailer,2,5,517845,27130
gSgBTb3wmMI,IE,Movie/TV Trailer,7,17,738113,34510
gSgBTb3wmMI,US,Movie/TV Trailer,2,5,521222,27202
gT2ff0-2AbM,GB,Gaming,1,17,224687,10627
gT2ff0-2AbM,US,Gaming,1,31,238957,10908
gTUEC02AhBU,GB,Other,1,40,2688,257
gTn9yjXeCTU,GB,Other,1,16,30940,1164
gTn9yjXeCTU,IE,Other,1,7,345814,4313
gVCjCZe_HHA,US,Movie/TV Trailer,2,7,72845,4908
gW-vJh0jpOA,US,Movie/TV Trailer,1,41,160449,14487
gWK0HS5nAKc,GB,Movie/TV Trailer,1,37,36241,1809
gWK0HS5nAKc,US,Movie/TV Trailer,1,11,38584,1862
gWVN7IxL6FQ,GB,Other,1,40,64372,1372
gXxQrLQvKIg,GB,Music,1,45,129343,9623
gXyEz48WU9k,GB,Other,1,6,80106,2311
gY5O_XgwuFY,GB,Other,1,50,257319,15722
gY5O_XgwuFY,US,Other,1,35,266012,16091
gZLX4cgRedc,IN,Gaming,1,6,1383946,20498
gZM4-g_N-VA,GB,Movie/TV Trailer,2,11,720248,30215
gZM4-g_N-VA,IE,Movie/TV Trailer,9,20,999936,36367
gZM4-g_N-VA,IN,Movie/TV Trailer,1,37,541446,24142
gZWLEm4JLQk,IN,Other,3,1,6512718,98452
gZffCLyx5dU,US,Other,1,33,215230,15246
g_8rlxWluHY,IN,Movie/TV Trailer,1,49,77461,2140
g_dS0UoFQh0,GB,Sports,1,48,118416,4439
g_dS0UoFQh0,US,Sports,1,27,132257,4574
g_vz5MEqtpI,GB,Other,1,34,120319,3782
ga8bJyvnSYs,IE,Movie/TV Trailer,1,38,148721,2774
gaFfW9RYG4U,GB,Other,2,22,435671,11327
gaFfW9RYG4U,IN,Other,1,33,439038,11355
gaP58VaF3XE,IN,Sports,2,6,1429601,20885
gaRwj9DZMWw,US,Sports,1,30,0,0
gaYkmL0BszM,IN,Movie/TV Trailer,1,34,41929,1019
gagZJh9sZQs,IN,Gaming,1,33,771879,5622
gasTUvWtRYo,GB,Music,1,34,123642,1076
gb-0eamaRJU,IN,Movie/TV Trailer,3,23,222404,13608
gb-8-9_dhEw,GB,Other,1,41,95336,1407
gbNlm05lN7E,GB,Other,1,19,4462,262
gb_yU8_nkmU,IN,Gaming,2,15,1098845,60323
gcIFBk2V4HM,GB,Gaming,1,47,162474,4741
gcLqQCz9fbo,US,Other,1,45,247944,7064
gcNZfi8aFbM,GB,Other,1,49,110730,10242
gcXw7BMSfIQ,IN,Movie/TV Trailer,3,14,1651767,13578
gc_lZMajezw,IN,Gaming,1,12,264255,2812
gcwgrqbdq8o,GB,Other,1,6,57097,636
gcxoAyEnwKM,GB,Other,1,45,433277,35133
gcxoAyEnwKM,US,Other,1,18,460969,36428
gd4LsRHOSB8,IN,Sports,1,32,2042368,2399
geEbpF0DaAo,GB,Other,1,15,977678,17861
geEbpF0DaAo,US,Other,1,18,983869,18044
geqH_0zYexw,GB,Music,1,25,299976,31257
geyhIE8rmFg,IN,Gaming,1,26,1439115,4466
gfz-Ah_u3nE,IN,Gaming,1,21,256587,7152
ggPCtKH0JXw,GB,Music,1,43,4581,293
gjDi9EO-kOQ,GB,Other,1,6,580622,35820
gjDi9EO-kOQ,IE,Other,3,15,1205792,56011
gjDi9EO-kOQ,US,Other,1,3,617421,36859
gjNK4fGKE70,US,Movie/TV Trailer,1,19,35200,1115
gjQe_wQIts8,GB,Other,2,6,428317,24710
gjQe_wQIts8,IE,Other,5,15,675235,30998
gjQe_wQIts8,US,Other,1,38,235832,17998
gkSO4JmJ8L4,IN,Other,5,4,3456823,27765
glfN45VINs0,IN,Other,4,12,3980280,125490
glqkQynuP3Q,US,Other,2,15,317694,3148
glzxXFmcnOA,GB,Gaming,1,12,69969,383
gmP4gLcORt8,US,Movie/TV Trailer,1,17,165099,9531
gnjJiMKJNQ8,US,Other,1,25,174379,9047
gnmc33Y55YI,GB,Movie/TV Trailer,3,2,1144591,34440
gnmc33Y55YI,IE,Movie/TV Trailer,5,8,1538951,43894
gnmc33Y55YI,US,Movie/TV Trailer,2,2,878807,26873
goGEXbQZLbA,IN,Gaming,2,6,1005407,14962
goVicH1VkdM,US,Movie/TV Trailer,1,43,55132,2602
gpMeGateyio,IN,Reaction,1,37,54258,2556
gp_qj4asw-k,US,Other,1,31,356948,40151
gpdPu924lQU,GB,Movie/TV Trailer,1,19,42882,1059
gplb9CQy9lk,GB,Other,1,48,211049,8563
gppWTOxiVmI,US,Other,1,24,0,0
gq53un-AHv0,IN,Sports,2,24,785958,60456
gqUnmKpAe2M,IN,Movie/TV Trailer,2,5,800050,18678
gr3eX0vY5Uw,IN,Other,1,36,306610,1156
gsJk98La_jA,GB,Movie/TV Trailer,1,13,204817,14680
gsJk98La_jA,IE,Movie/TV Trailer,4,40,319478,18164
gsJk98La_jA,US,Movie/TV Trailer,2,16,266601,16758
gsRLocZ2QYg,GB,Other,1,33,288415,11780
gsRLocZ2QYg,IE,Other,2,36,418752,14914
gtZK6Ix24fY,US,Other,2,42,88654,2344
gtukqD_ygkI,GB,Music,1,26,88361,304
guhlLD4BgPU,US,Other,1,19,165582,8341
gvc3ObfOeMw,GB,Movie/TV Trailer,1,14,8554,863
gw5JtmwdZdM,IN,Gaming,1,29,443969,1763
gwGuYT3cfhs,IN,Movie/TV Trailer,1,38,172154,8630
gyCKlIHGFq8,GB,Gaming,1,15,357157,17477
gyCKlIHGFq8,IE,Gaming,1,42,360469,17539
gyCPKvruisI,GB,Music,2,13,254703,7823
gyg1msO62tQ,IN,Gaming,2,6,2079832,80229
gywX3_NPIeI,GB,Music,1,34,796978,16445
gywX3_NPIeI,IN,Music,3,19,1471937,26412
gzSUpXptRyo,IN,Other,1,21,1719177,59900
gzix2wmXpHM,GB,Other,1,42,270149,13275
gzix2wmXpHM,US,Other,1,12,298646,14022
gzwHmYzwjc8,IN,Movie/TV Trailer,2,41,264574,3208
h-CP7w7EgcQ,IN,Gaming,1,33,1258377,4743
h-I8brindNc,GB,Music,1,34,135683,11732
h1SJHJjtoK4,US,Music,1,48,90655,658
h1asUgwkfz4,US,Other,1,28,0,0
h1kihH0l8iQ,GB,Other,1,42,20898909,234052
h1kihH0l8iQ,IN,Other,6,1,33035295,303681
h22qiJZmMNo,US,Other,1,26,212404,8644
h27PjByLd4w,IN,Movie/TV Trailer,1,44,27372,1685
h3RZ5A1Dt6g,IN,Other,1,49,24461,366
h3zL7Ii-DOo,GB,Other,1,17,386720,16368
h3zL7Ii-DOo,US,Other,1,36,402364,16708
h4e40N3We-U,GB,Music,1,40,33414,5861
h6pitTa7x74,IN,Movie/TV Trailer,1,47,152132,7020
h70cp93rejQ,US,Sports,1,45,0,0
h7Dtbo1iUok,IN,Other,1,36,26705,344
h7HQsJ1LbrE,IN,Other,4,1,1570248,8535
h7cjx8svSL4,GB,Other,1,12,34895,455
h7nCkkPl8Vg,GB,Other,1,23,312843,20742
h7nCkkPl8Vg,IE,Other,2,35,472547,26438
h8-AnjI-Dbg,IN,Gaming,1,22,183185,6492
h8s1CLbFdBs,IN,Music,2,46,490186,1315
h9582f6R2aw,US,Other,1,41,0,0
h99lQg2zSl0,GB,Music,1,43,138955,19772
h99lQg2zSl0,US,Music,1,7,145688,20170
hAwFvNiDfJg,IN,Other,1,42,118957,342
hBBxEDWlAC0,GB,Reaction,1,50,55106,4132
hBBxEDWlAC0,US,Reaction,1,31,56879,4209
hCO_7sbZ3rE,GB,Other,1,24,155663,6193
hCO_7sbZ3rE,IE,Other,1,45,155756,6197
hCXfh1oB3oc,US,Movie/TV Trailer,1,25,1594449,10997
hCc2yUCyLl0,GB,Music,2,9,399450,21987
hCc2yUCyLl0,US,Music,2,12,401714,22033
hD-p7bmGSv8,GB,Other,1,18,173057,12036
hDU4GB1PTxc,GB,Other,1,4,1781076,124850
hDU4GB1PTxc,US,Other,2,7,2728784,149379
hELiB_9ELpU,US,Gaming,1,26,201293,9269
hErEXIBVS5s,US,Other,1,3,0,0
hEsmUiNJ4yw,GB,Other,1,47,448583,23068
hEsmUiNJ4yw,IE,Other,1,38,874653,36595
hEsmUiNJ4yw,US,Other,1,38,466129,23651
hEsuA_rqTxk,GB,Movie/TV Trailer,1,25,102066,3398
hFVg4T62b-M,US,Other,1,29,0,0
hFjcxS7YNRM,GB,Music,1,7,13361,1097
hFnbWgJYZ-c,US,Music,2,16,740740,1210
hGpJJ-TU-H4,GB,Gaming,1,21,650709,35531
hGpJJ-TU-H4,IE,Gaming,2,9,1231430,50844
hGpJJ-TU-H4,US,Gaming,1,45,677885,36507
hI55kcpj1PA,GB,Other,1,41,570281,28232
hI55kcpj1PA,US,Other,1,23,577540,28520
hIEVIdLiln0,GB,Other,1,37,238588,10050
hIZeIoD4L-E,GB,Other,1,22,107695,21840
hIssjBhUk3o,US,Other,1,24,279004,17827
hJ4ymkPTNOk,IN,Other,2,27,686485,16957
hJ4ymkPTNOk,IN,Other,1,18,254819,10465
hKuNPuR7Ysc,US,Sports,1,49,75370,3303
hLRz57Y4gYk,US,Other,1,36,243726,17348
hLSAQlpTCKE,GB,Movie/TV Trailer,2,8,1062625,31769
hLSAQlpTCKE,IE,Movie/TV Trailer,9,29,1511536,36339
hLSAQlpTCKE,IN,Movie/TV Trailer,4,8,1336995,34734
hLU8D67ik9g,GB,Other,1,12,406682,1993
hLU8D67ik9g,US,Other,1,21,407343,1995
hM2Ofso_w0c,GB,Other,1,18,390763,9570
hM694u6IwAY,GB,Sports,1,42,319441,0
hMlHf-YXVUM,GB,Movie/TV Trailer,1,16,68131,2285
hMs8HKJsd0o,IN,Sports,1,6,639449,3928
hNETbfqypzM,GB,Challenge/Stunt,1,45,75139,1710
hNkJwG0DSIg,GB,Gaming,1,9,243979,3597
hNkJwG0DSIg,IE,Gaming,1,42,245390,3604
hO2P-R8J_J4,GB,Challenge/Stunt,1,17,708370,19946
hO2P-R8J_J4,US,Challenge/Stunt,1,35,742676,20554
hO5ucqgUqE0,GB,Other,1,48,207531,1398
hOIY3OhvD94,GB,Other,2,1,2068973,360967
hOIY3OhvD94,IE,Other,5,40,2786307,400419
hOIY3OhvD94,US,Other,2,6,2083529,362258
hOrvqKLbZY4,GB,Music,1,13,693968,59889
hOrvqKLbZY4,IN,Music,3,1,2123200,103776
hOsaGlvVfho,GB,Other,1,42,13144,366
hPZKHfWnQrI,IN,Other,4,10,1892456,2871
hQUVIT8m-c0,GB,Movie/TV Trailer,2,5,1981528,369572
hQUVIT8m-c0,IE,Movie/TV Trailer,8,16,2766117,424476
hQUVIT8m-c0,US,Movie/TV Trailer,2,5,1989471,370332
hQiHQYuFnVE,US,Other,1,18,170250,314
hRLdDQMNLso,IN,Movie/TV Trailer,1,32,42205,3229
hRnS0Wf64Is,IE,Other,6,4,1346965,53598
hRnS0Wf64Is,GB,Music,2,1,517960,32624
hRnS0Wf64Is,IE,Music,6,4,1054457,48968
hRnS0Wf64Is,US,Music,1,12,253322,20793
hRnS0Wf64Is,IE,Music,1,4,1128041,50242
hSgtYvL0bXQ,US,Other,2,13,225803,519
hTFwDSqEUkU,US,Music,1,1,212684,28794
hUDrfmmDE0Q,IN,Music,1,22,257809,57955
hUZmMgBUSF4,US,Music,2,35,24011,1196
hV2SyMHtpvQ,IN,Music,4,1,1064217,47270
hV7Uiho508U,US,Other,1,23,284908,8482
hVErxC0o9pI,GB,Other,1,36,289008,5138
hVsb_snMRH8,GB,Other,1,6,460203,10178
hVsb_snMRH8,IE,Other,2,30,501936,10652
hW4qjCUicvc,IN,Gaming,1,3,1480960,75353
hWSE1Fj2B50,IN,Movie/TV Trailer,1,17,136641,6841
hW_et2F6Tcc,IN,Movie/TV Trailer,1,20,206996,11655
hWgOZQMqcvg,US,Music,1,9,89094,7216
hWrKLySiQyo,IE,Gaming,1,48,927171,14294
h_AaH655EO8,US,Movie/TV Trailer,1,31,45110,1177
h_z76i8qp-4,IN,Gaming,1,6,1716957,3144
haPvQ7U5l2M,GB,Other,1,31,284942,1857
haxCRwCmX18,US,Other,1,21,207392,7428
hbDcfEhaQBc,GB,Other,1,34,35275,4599
hbXybtsqOic,IN,Movie/TV Trailer,5,5,846737,6140
hbar9PwB344,IN,Gaming,1,6,980777,56437
hd0tjI3leSw,GB,Other,1,45,192312,11986
hd6LKwsqSx4,GB,Challenge/Stunt,1,30,72433,1625
hdOuvHxmvzU,US,Sports,1,42,0,0
heBDTYwDktY,IN,Other,2,6,3593574,77317
hfMQuEI4sO0,US,Other,1,36,154448,17806
hfmAliw7iuE,IN,Gaming,1,39,59818,0
hftFJt0YPEM,GB,Gaming,1,44,157407,10257
hgyjRALjBkA,US,Other,1,45,41275,1565
hhQzg7Him1g,IE,Other,1,30,812341,19592
hhQzg7Him1g,US,Other,1,9,437636,12201
hjGXYkYW2SA,GB,Movie/TV Trailer,1,41,72386,1163
hk-jjj2dk4Q,IN,Gaming,1,6,823686,15180
hkDGAYtIgQY,US,Music,1,27,131930,200
hkYYS2kmRpA,GB,Sports,1,12,63217,1679
hktwzLDLUcU,GB,Music,1,7,91949,126
hlBQrzQ6fpY,IN,Gaming,1,33,1331285,5970
hlC3tNuxtKo,US,Other,1,6,0,0
hlKFrRlP2P8,IN,Gaming,1,17,1657985,5499
hlMzEo1NLuw,GB,Other,1,40,262291,869
hlSuB6QiDB4,US,Other,1,31,0,0
hmWas1AoZkE,US,Gaming,1,47,220648,12144
hmcUpCZOJ9U,GB,Sports,1,44,229172,11135
hmcUpCZOJ9U,US,Sports,1,8,249940,11637
hmjfuuuRRYU,GB,Music,1,40,35884,3558
hmrmAUhhI4s,IN,Gaming,1,38,3472367,8483
hnEHH1yKpiU,GB,Sports,1,3,716364,8618
hnEHH1yKpiU,IE,Sports,5,24,751721,8972
hnEHH1yKpiU,US,Sports,1,17,718356,8637
hnzMih9HWEE,GB,Other,1,6,477426,48829
hnzMih9HWEE,US,Other,1,27,494696,49933
hoGziGZ2bjY,GB,Other,1,30,41581,1970
hp8KRWNsi7U,US,Other,1,32,0,0
hph-4wlbOxE,US,Other,2,11,1171166,14620
hqE6Lt4FI20,GB,Movie/TV Trailer,2,28,327938,13683
hqE6Lt4FI20,IE,Movie/TV Trailer,5,19,392992,15238
hqE6Lt4FI20,US,Movie/TV Trailer,2,28,329275,13707
hqimc05WLjM,GB,Movie/TV Trailer,1,23,25829,1021
hql_GF4Ttp8,IN,Movie/TV Trailer,1,29,90826,1323
hrBhzN5G8AA,IN,Movie/TV Trailer,2,29,132787,0
hrBqCC12MlM,GB,Gaming,1,24,489261,13853
hrBqCC12MlM,US,Gaming,1,30,519779,14340
hrMJsMqTd00,IN,Sports,2,17,921933,25650
hsYjl08DSfs,GB,Gaming,1,33,111429,5267
hshJR2eJvfQ,GB,Other,1,17,488439,23129
hshJR2eJvfQ,IE,Other,7,11,1567396,48489
hshJR2eJvfQ,US,Other,1,11,512271,23633
ht0HfTKa06o,IN,Other,1,42,45420,573
huV4Pk4g-SU,GB,Movie/TV Trailer,2,4,213097,4174
huV4Pk4g-SU,US,Movie/TV Trailer,2,2,214410,4188
hu_qjwqTUmg,GB,Other,1,43,1510582,42363
hu_qjwqTUmg,IN,Other,2,7,2953860,54859
huhyEc5WP9M,GB,Other,1,34,39800,3728
huhyEc5WP9M,US,Other,1,22,40319,3761
hvM4i57CC70,US,Sports,1,20,0,0
hvNzyEjk4zE,GB,Movie/TV Trailer,1,35,39360,326
hwz4Ms3ZNUE,GB,Other,1,27,60625,4622
hx3HXYRgIUY,US,Other,1,18,133842,1228
hxH14arHdFs,IN,Other,1,28,688524,71469
hxblYE6oHqA,US,Other,1,24,132470,19671
hxrsVwWuyqs,US,Sports,1,24,0,0
hzr-Y9tPtCw,GB,Sports,1,21,274219,4408
hzr-Y9tPtCw,US,Sports,1,49,284570,4502
hzvnoVLxfuw,GB,Sports,1,15,120564,2305
i-ZcLfw1n0M,US,Music,1,16,35495,3657
i00soPrZw08,IN,Gaming,2,14,1260399,18319
i05qVoR9YJs,GB,Other,1,32,34229,1579
i0RJTOFwcgk,GB,Music,3,7,2449334,84128
i0RJTOFwcgk,IN,Music,1,28,118177,22832
i0RJTOFwcgk,US,Music,2,13,1280713,67782
i0j94mF3otA,GB,Movie/TV Trailer,2,13,2920488,84985
i0j94mF3otA,IN,Movie/TV Trailer,6,2,3872626,96508
i0j94mF3otA,US,Movie/TV Trailer,2,19,2931809,85242
i1v2PNDQoOM,GB,Music,1,43,316460,2361
i3EGNP475mk,US,Music,1,4,63695,141
i4TY-9OemEQ,US,Other,1,38,62909,5679
i6xmXh8HcKc,IN,Music,1,31,234222,1168
i6yA75J8rvI,US,Sports,1,36,0,0
i9ZBe2jMj8E,GB,Music,2,28,609986,15983
iAqrbgG31cw,IN,Movie/TV Trailer,1,40,32603,1808
iB2jNM5dNVU,GB,Challenge/Stunt,1,24,90634,2002
iB2jNM5dNVU,IE,Challenge/Stunt,1,45,90981,2008
iBTgqjzESVk,GB,Other,1,28,25231,1333
iBTgqjzESVk,IE,Other,17,4,122209,2888
iBuJYJK4U3E,GB,Other,1,16,503370,5003
iCMZckFK1II,US,Other,1,30,215282,9598
iCUXrnn-OSs,IN,Gaming,1,26,786693,44128
iCVzRPCMCIE,GB,Music,1,39,586204,1624
iDxYkw4g14g,IN,Gaming,1,33,240932,9047
iE2fs8heBhM,IN,Movie/TV Trailer,1,44,28107,2246
iE8Xxm6F0Y0,GB,Movie/TV Trailer,2,17,37197,1533
iECbBH7ptCc,IN,Gaming,1,37,30006,96
iFi0kqucd-A,US,Other,1,9,377465,4370
iFud1cQaxqE,IN,Gaming,2,38,284082,3044
iGPm49TtsL8,IN,Sports,1,11,653192,10544
iGjtzKowPVg,IN,Music,1,48,242437,3097
iHJ5viz4zWs,IN,Other,1,13,146771,1431
iIU1xlDbbQk,GB,Movie/TV Trailer,1,38,90568,3508
iIU1xlDbbQk,US,Movie/TV Trailer,1,48,96894,3640
iImWkbMY2n8,US,Other,1,39,67881,3048
iInj-qsDimM,GB,Challenge/Stunt,1,33,248614,6244
iInj-qsDimM,US,Challenge/Stunt,1,37,262154,6484
iIuTxBbAKAA,IN,Other,1,36,55070,9155
iJlI6JjxPo0,US,Gaming,1,39,622413,12906
iK7urUcM98o,US,Other,1,38,131788,10499
iKSj6OhSV7s,IE,Movie/TV Trailer,2,35,998590,21624
iLOPnqzuiAs,GB,Movie/TV Trailer,1,8,164247,7877
iLOPnqzuiAs,US,Movie/TV Trailer,1,5,168287,7994
iLl2VJayVmc,IN,Other,1,44,49404,113
iMtTrL6ny8Q,GB,Other,1,30,148665,1951
iN1D7BrFN2c,GB,Movie/TV Trailer,2,7,1718175,85572
iN1D7BrFN2c,IE,Movie/TV Trailer,4,25,2765465,103063
iN1D7BrFN2c,US,Movie/TV Trailer,3,4,2279895,95890
iNFB69IvM8A,IN,Other,2,19,307434,17360
iNd5HvHXhsc,IN,Other,1,35,166982,1299
iOwfcmtPQTs,IN,Music,1,25,594119,46115
iP69nf3C0yI,IN,Sports,2,9,1170084,15480
iPR3G-fD8rY,GB,Movie/TV Trailer,1,43,69032,2045
iPkW7XJPYrA,US,Other,1,47,0,0
iQ7NFQVBLA4,US,Other,1,16,0,0
iQEZvdAso6A,IN,Other,2,33,217150,239
iQzBz-JV2zg,GB,Music,1,33,1439405,89345
iQzBz-JV2zg,US,Music,1,21,1469734,89644
iSWP2feb4rw,IE,Movie/TV Trailer,4,29,10375238,25606
iT1xrTanxjg,GB,Gaming,1,15,586126,19826
iT1xrTanxjg,US,Gaming,1,9,609291,20275
iTJSbJtS8MU,GB,Other,2,1,10635683,392393
iTJSbJtS8MU,IE,Other,6,34,13795596,478861
iTJSbJtS8MU,US,Other,2,1,10676937,393228
iTOIkY5OPVc,IN,Other,2,21,90037,244
iUa9e9eOSR0,IN,Movie/TV Trailer,1,26,36921,4801
iUcLO1qbTjE,GB,Movie/TV Trailer,1,2,406270,22514
iUcLO1qbTjE,IE,Movie/TV Trailer,3,35,495280,23905
iUcLO1qbTjE,US,Movie/TV Trailer,2,2,468614,23635
iVchPq_6MLQ,IN,Movie/TV Trailer,1,5,179602,10433
iW9hJLyZtMg,GB,Movie/TV Trailer,1,44,14756,323
iWL37KemulY,US,Music,1,19,97194,187
iWkM5kEH9PM,GB,Other,1,20,1375746,41756
iWkM5kEH9PM,IE,Other,5,15,2609270,69180
iWkM5kEH9PM,US,Other,1,26,1397243,42087
iX4CSSTwwxA,US,Other,1,21,0,0
iZ69nG3ev_c,IN,Movie/TV Trailer,3,17,260147,12534
iZE1NYmyyh0,GB,Music,2,10,2272233,99224
iZE1NYmyyh0,IN,Music,4,1,3429343,113278
iZE1NYmyyh0,US,Music,1,13,1375741,80763
iZHQWX71VUE,GB,Gaming,2,45,614133,19108
iZc3iPvaS4w,IN,Other,1,32,248466,0
iZz4rbF3Xto,GB,Other,1,41,345021,18906
iZz4rbF3Xto,US,Other,1,9,357781,19216
i_8ZKhJp2qc,GB,Other,1,43,313694,6341
ia-PCYo6enE,GB,Other,1,46,174386,380
ia3jWJi_Tk4,GB,Gaming,1,46,311995,8217
ia7OnjPtI7M,US,Gaming,1,48,131159,13807
iah41qqok_o,GB,Gaming,1,42,236578,3704
ibOKY8-mI2I,GB,Movie/TV Trailer,1,11,394811,29542
ibOKY8-mI2I,IN,Movie/TV Trailer,2,32,568088,37256
ibY5qR4CYU8,GB,Gaming,1,6,1887644,143955
ibY5qR4CYU8,IE,Gaming,5,24,3463275,193653
ibY5qR4CYU8,US,Gaming,2,9,2729394,173010
ibj2KtHlh0w,IN,Other,1,49,110438,1326
ibjpa8UiG08,US,Other,1,33,0,0
ic2A-IAGMcE,US,Other,3,4,4552569,420897
icAKnjfNxT4,GB,Other,1,26,519169,44208
icAKnjfNxT4,IE,Other,3,38,1374077,85818
icAKnjfNxT4,US,Other,1,14,540499,45169
icDuEHSxE-w,GB,Movie/TV Trailer,3,8,9089673,54770
icDuEHSxE-w,IE,Movie/TV Trailer,13,5,11556249,77416
icDuEHSxE-w,IN,Movie/TV Trailer,3,23,9106651,54806
icDuEHSxE-w,US,Movie/TV Trailer,3,8,9251340,55009
icF75cb2LBc,GB,Other,1,23,38016,2223
icbaNiaTjKo,IN,Music,3,10,407866,22655
icdHpEaqKMQ,GB,Other,1,23,432596,19081
icdHpEaqKMQ,IE,Other,1,48,434292,19130
icdHpEaqKMQ,US,Other,1,26,450202,19494
idEWfom4enY,US,Other,1,22,0,0
ie4Wfjet4KY,GB,Movie/TV Trailer,1,35,38738,384
ieERj8vnmSE,IN,Gaming,2,27,1090681,85197
ieRhAasAtq0,US,Music,1,21,30676,2385
ienVK4jVM_8,GB,Gaming,1,24,409624,23938
ienVK4jVM_8,IE,Gaming,3,21,912724,43167
ienVK4jVM_8,US,Gaming,1,43,417816,24317
ifDPViWxIZ0,US,Other,1,7,56597,7208
ifU3EXlf-ZA,IN,Movie/TV Trailer,2,20,141039,2227
ifhcXbgX8Yk,GB,Sports,1,49,96900,5553
ifzNTmVDTOo,IN,Gaming,1,25,25329,103
igIz984mAN0,GB,Gaming,2,3,379545,19406
igIz984mAN0,IE,Gaming,2,42,380180,19411
igO68BzduP4,GB,Gaming,1,48,107407,5016
igwszKqyvQw,IN,Other,2,24,974485,20773
ihvuwqlGHXs,GB,Other,2,15,1318746,180893
ihvuwqlGHXs,US,Other,2,6,1478591,181886
ihy3pmf-E2w,US,Other,1,15,914481,15493
iihexw2ov2E,GB,Gaming,1,47,389408,13870
ijo0rpHOWrM,GB,Other,1,46,120845,2409
ikVvc_IO6H0,US,Movie/TV Trailer,1,50,73144,734
ikqH8og9vVA,IN,Other,1,48,128502,1351
il8hAvuGFag,US,Movie/TV Trailer,1,38,56164,2145
ilqeDbu4E8Y,GB,Music,1,36,1118523,132549
ilqeDbu4E8Y,IE,Music,4,40,1502440,153470
im9d6cCEz1Q,US,Other,1,49,154843,3116
imjr894sSjA,US,Music,2,25,82782,3918
imrsaCM3zzs,IN,Other,1,48,406101,33886
inRjjvIqp3M,IN,Gaming,1,39,328411,19420
inkuorcf9MM,US,Other,1,11,0,0
inxzQt78lOk,GB,Other,2,13,2259702,273370
inxzQt78lOk,US,Other,1,13,1281289,203132
ioJBwMddzXY,IN,Other,2,41,839937,22333
ioPS3Ztdy6o,US,Other,1,29,139383,6469
ipDEXJHEfTI,GB,Other,1,23,75510,6595
ipDEXJHEfTI,US,Other,1,38,83656,6801
ipDEXJHEfTI,GB,Music,1,27,359865,11987
ipEi6kkTIlI,GB,Gaming,2,9,2595133,109222
ipEi6kkTIlI,IE,Gaming,7,9,3486640,122104
ipEi6kkTIlI,US,Gaming,1,9,1713755,91933
ipGVsKzeiBU,GB,Other,2,3,1301870,46679
ipdQ9TpkCHA,GB,Music,1,40,283823,6481
ipee0TpjGCI,GB,Gaming,1,38,136785,2774
iqws5cLv48Y,US,Other,1,46,0,0
irVNGjRFZGk,GB,Movie/TV Trailer,3,2,44725711,2323784
irVNGjRFZGk,IE,Movie/TV Trailer,6,2,49847117,2408985
irVNGjRFZGk,IN,Movie/TV Trailer,6,2,49847117,2408997
irVNGjRFZGk,US,Movie/TV Trailer,4,2,47008987,2363952
irkAsa39MJs,GB,Gaming,1,42,64054,2415
irkAsa39MJs,US,Gaming,1,38,71684,2501
is5hal59xwI,IN,Gaming,1,45,897272,3916
is9OUa0c5L0,IN,Other,2,18,983418,15017
isVVGW7MBas,US,Other,1,48,615874,26922
itOKEOHJTkw,US,Other,1,18,0,0
itRn0tnku_E,US,Music,2,16,44908,2551
itXwNjydrxQ,GB,Other,1,22,14889,2135
itiEBbxoj0I,US,Other,1,33,244087,14247
itxikUk4xC4,IN,Gaming,1,21,1108969,3060
iu10r3GYCuM,GB,Movie/TV Trailer,1,14,2754,118
iu2wswvMMJ0,IN,Gaming,2,14,1078528,32749
iujbkMaRwFY,GB,Other,1,50,49562,1744
ivONs9YCiPs,GB,Other,1,29,156303,16682
ivSUo1JJje0,IN,Movie/TV Trailer,3,29,245707,4858
ivn-AXlyXlo,US,Other,1,17,439550,7054
iwNfKNmnK0M,IN,Other,1,23,1029313,61078
iwngQX_GNIE,US,Other,1,37,0,0
ixK4saxAVOM,GB,Other,1,40,200781,19633
ixNd3gKlIQo,IN,Gaming,1,42,495090,9360
ix_arvBLepI,IN,Other,1,35,103154,5556
ixhpdO88-IY,GB,Sports,1,16,75336,7300
ixm_QPQQNs0,GB,Other,1,40,210577,6592
ixm_QPQQNs0,US,Other,1,30,216622,6709
iyWQo4w8ULo,GB,Movie/TV Trailer,2,17,296065,3497
iyWQo4w8ULo,IN,Movie/TV Trailer,1,34,296976,3505
iyWQo4w8ULo,US,Movie/TV Trailer,2,8,300890,3533
iyWgLrzUIDQ,US,Gaming,1,48,212587,4895
j-DBNmYSCrE,IN,Gaming,1,21,586997,9932
j-XIlS8uO9c,GB,Movie/TV Trailer,1,26,174500,3524
j151ek2rYs0,GB,Movie/TV Trailer,2,8,967932,65520
j151ek2rYs0,IE,Movie/TV Trailer,9,17,1119414,70942
j151ek2rYs0,US,Movie/TV Trailer,3,5,1031760,67666
j1X_5M76zTA,GB,Movie/TV Trailer,1,14,45123,832
j1YawnQl2ow,US,Gaming,1,35,451474,52666
j2TVXnZ7PfA,IN,Music,2,29,300106,959
j3PRtOCwoU8,IN,Gaming,1,21,810376,6271
j3Pp8R4-CQY,GB,Other,1,6,173901,9440
j4mKEsYsNQE,GB,Music,2,13,283681,703
j5Nl7Zt7xbA,IE,Other,2,30,2239738,20505
j5XvtsW4Gf0,IN,Gaming,2,15,644288,12832
j5zZicIRpSs,GB,Music,1,35,191203,826
j6C_m0elFfI,GB,Movie/TV Trailer,1,17,122917,32237
j6C_m0elFfI,US,Movie/TV Trailer,1,28,125087,32596
j6ogsc48G8k,US,Other,1,37,0,0
j7JddsoUH8A,GB,Gaming,2,3,1985554,98777
j7JddsoUH8A,IE,Gaming,7,9,2599201,111005
j7JddsoUH8A,US,Gaming,1,16,1348337,83130
j7OjgneruOM,GB,Music,2,7,78022,4575
j7Ud7yHN784,US,Other,3,16,209971,9359
j857YMcOhaQ,IN,Music,1,36,150247,0
j9FfMyuRAb8,IN,Music,2,10,589236,26043
j9UVh1HTWjE,GB,Other,1,24,327073,23789
j9UVh1HTWjE,US,Other,1,19,336720,24269
j9W5YnrtGlc,GB,Other,1,25,7713,721
j9W5YnrtGlc,IE,Other,33,4,280444,3344
jAPd5xDFL-I,US,Gaming,1,23,283868,5509
jAtUHz9NFuM,GB,Other,1,36,375045,16214
jB3-OhdtAro,IN,Movie/TV Trailer,3,14,550995,20530
jB4XwSCPBUU,GB,Other,1,41,236867,11710
jB4XwSCPBUU,US,Other,1,24,247768,11966
jB60M6HavCE,GB,Gaming,1,35,142439,3177
jC8pJl75X38,US,Other,1,15,173444,1312
jCAs_DVie9o,US,Other,1,44,0,0
jCZHljWMIFI,US,Gaming,1,18,418430,2742
jC_rYjeH2qY,IN,Sports,1,24,301441,2616
jCf5vZkmUK4,GB,Other,1,6,185872,13536
jE-1uYO80_Y,GB,Music,1,39,199518,1519
jE-1uYO80_Y,US,Music,1,33,202684,1529
jEhIwia_UOA,US,Other,1,49,0,0
jF60Ros8yHk,IN,Other,1,47,152412,6071
jF6pb_9_W9g,IN,Reaction,2,11,54267,1817
jFCTQ68gxoY,GB,Music,3,13,911064,65119
jFCTQ68gxoY,IE,Music,9,19,2173194,87415
jFCTQ68gxoY,US,Music,2,4,657634,57336
jFHrYOf46cM,US,Music,2,27,61834,252
jG_0H97Uv2s,IN,Gaming,1,41,319409,9171
jGioJOrydEM,US,Other,1,33,183012,8871
jHKioactkmQ,GB,Reaction,1,26,33005,1967
jHporTdn1bI,GB,Sports,1,20,551982,1644
jHqndYwIvgo,US,Other,1,37,362660,5775
jI2p_6N98fM,GB,Other,1,40,180915,11257
jJMv6in6Ga4,GB,Movie/TV Trailer,1,38,391503,15170
jJMv6in6Ga4,IN,Movie/TV Trailer,4,5,744876,20407
jJdMLw3ZWH4,US,Music,1,26,35714,2925
jLbst85USN8,GB,Movie/TV Trailer,2,2,27040065,177112
jLbst85USN8,IE,Movie/TV Trailer,19,2,31731939,230196
jLbst85USN8,IN,Movie/TV Trailer,1,41,11083848,148618
jLbst85USN8,US,Movie/TV Trailer,3,2,28367858,193725
jLfRHNVxz9Q,GB,Other,1,24,530206,6167
jLfRHNVxz9Q,US,Other,1,31,534743,6210
jLpaicqduyo,IN,Sports,1,33,380452,3995
jN8oDZ3XqwQ,US,Movie/TV Trailer,1,46,164742,10597
jNRQ0PR4a8U,GB,Movie/TV Trailer,1,32,409957,5172
jNRQ0PR4a8U,US,Movie/TV Trailer,2,25,1141740,8211
jNi3541CzCo,US,Other,1,20,251379,11701
jOZppKuwOhw,GB,Other,1,24,330687,5840
jP9PIrKpjh8,IN,Other,1,42,130697,1037
jPaHUxive30,GB,Movie/TV Trailer,1,10,101868,7355
jPg8I9NhpPA,US,Other,3,12,91217,2999
jPuEJHN5-Us,GB,Movie/TV Trailer,2,38,168283,1309
jQkmDHXqDew,US,Sports,1,48,0,0
jRGeK_-Sq28,GB,Music,1,27,69723,133
jSDZ7HK45IE,IN,Gaming,1,18,1837489,6250
jSXHXAKs4dM,US,Music,2,33,615584,619
jSds4Oi83Eg,GB,Movie/TV Trailer,1,29,156864,3397
jSds4Oi83Eg,US,Movie/TV Trailer,2,22,278242,5247
jSmKiA1C1GM,GB,Music,2,24,137729,574
jT3Ak9p_HJA,GB,Other,1,41,442910,13797
jT3Ak9p_HJA,US,Other,1,33,462496,14182
jU5ysw_fWnk,GB,Sports,1,21,169263,2754
jUFhrKscCQ4,IN,Other,1,32,83224,763
jUnOz3mVMiI,US,Other,1,47,23945,707
jV6Lto_xn9E,IN,Other,3,10,157236,1457
jV9Fj9cjdRU,GB,Gaming,1,23,406421,5596
jV9Fj9cjdRU,US,Gaming,1,20,420422,5715
jVNXtdFOsDk,US,Other,1,32,184897,11944
jW-vv6bdgKA,GB,Other,1,14,129436,3274
jWBNOxp_sOY,IN,Other,1,1,1195838,1142
jWh-7JGuxTo,GB,Other,1,48,5972321,42236
jX6UJY3oXAc,GB,Movie/TV Trailer,1,8,6805858,41710
jX6UJY3oXAc,IN,Movie/TV Trailer,2,11,15626001,57091
jXPuHuxYfZo,GB,Movie/TV Trailer,1,23,40407,235
jXtG_lcR9P4,GB,Movie/TV Trailer,1,37,665797,42509
jXtG_lcR9P4,US,Movie/TV Trailer,1,25,673155,42958
jZ2eADMCRpk,US,Other,1,36,0,0
jZHlb42joMM,IN,Gaming,1,44,349578,14803
jZsn1G_7JjI,US,Sports,1,9,0,0
j_7dzR6pSPE,IN,Music,1,40,261841,22396
j_Wwkt6b9GU,GB,Sports,1,36,1312862,13053
j_Wwkt6b9GU,IE,Sports,1,45,1313113,13060
j_asCJyvyI0,GB,Movie/TV Trailer,1,29,53513,1648
ja9LkLNGRxg,GB,Other,1,30,551587,18165
ja9LkLNGRxg,US,Other,1,12,559556,18338
jaOPl0bIEkM,GB,Other,1,39,314323,4862
jauhveLhdHI,US,Other,1,15,260116,561
jbZT-bwZD3c,GB,Other,1,25,344259,46299
jbZT-bwZD3c,US,Other,3,9,467570,51210
jcro-0i4o1Q,US,Sports,1,17,0,0
jdHHH5W0oDE,IN,Other,1,17,382870,17530
jdZNH1-EMJo,GB,Gaming,1,41,756333,39215
jdlCOIaWwTQ,GB,Music,2,7,961614,77863
jdlCOIaWwTQ,US,Music,3,4,1394875,95685
jdscbyS1cE0,IN,Gaming,1,18,1377653,5696
jeQ2Pq5YqEY,IN,Gaming,3,3,2456941,56757
jf4F7B8AZbg,GB,Movie/TV Trailer,1,23,5264,72
jgMvfC8TDr8,GB,Gaming,3,24,1080255,11272
jgMvfC8TDr8,US,Gaming,3,24,1087045,11304
jggWAAShHjs,GB,Movie/TV Trailer,1,29,117959,5629
jggWAAShHjs,US,Movie/TV Trailer,3,20,302883,10062
jhYQWT0gEhk,IN,Other,1,22,434404,18115
jheqayjE7iE,GB,Other,1,24,3761,367
jhhw9HoDwS4,US,Other,1,26,0,0
jivqHx3gmco,US,Sports,1,29,0,0
jjZEyYnkqH4,US,Gaming,1,31,223446,4899
jj_vHDaUJuQ,GB,Sports,1,18,200040,13268
jjeGHttaeNQ,GB,Music,1,27,22693,61
jk71LEuAXtU,IN,Other,2,13,491118,1501
jkuneHfCQv0,GB,Other,1,39,80589,6047
jo0JywBC1yI,GB,Gaming,1,27,349035,14647
jo0JywBC1yI,US,Gaming,1,36,377405,15140
joiSLE116t8,GB,Challenge/Stunt,1,49,102136,5556
jomlxrxOThY,US,Other,1,48,45507,438
jp0MlhMJvhM,GB,Other,1,6,792552,19192
jp0MlhMJvhM,IE,Other,1,27,794961,19235
jp0MlhMJvhM,US,Other,1,6,802950,19467
jpcWD7I1u7c,IN,Movie/TV Trailer,1,40,320424,17143
jq3jGFYV02A,GB,Gaming,1,30,240871,14420
jqOPoDC_zD0,US,Other,1,42,267366,6709
jqP9I1D5nD0,IN,Gaming,1,36,268976,5930
jr3LDmlxNMw,IN,Gaming,1,39,254169,1213
jrSldONO0Xo,US,Other,1,12,270066,10465
jryUBYG73ng,GB,Gaming,1,30,184649,10367
jsdLO6DkkmQ,GB,Other,1,45,73184,1503
jsmkwWo2ol8,IN,Gaming,1,48,170709,3883
jsnnMVWGGNw,GB,Gaming,1,27,215871,8796
jtPdyL45MHY,GB,Other,1,18,910911,62277
jtgM5HMNX94,US,Sports,1,6,0,0
jtkOYkqCsLk,GB,Sports,1,27,298070,4396
jtrLC2b9CzU,GB,Other,1,42,249004,5330
juQmCTwwpv4,IN,Movie/TV Trailer,1,23,30442,385
juU5RXtEjyA,US,Other,1,33,0,0
juYr3N1dGRo,IE,Gaming,3,18,627980,1695
juc4Ljuiq4A,GB,Movie/TV Trailer,2,38,152163,1113
juwlhYHWHTM,US,Music,1,41,66172,18716
jvFf08JC7y8,GB,Other,1,12,334545,21770
jvFf08JC7y8,IE,Other,5,9,1234959,52386
jvFf08JC7y8,US,Other,1,23,354384,22394
jvdxpJV-58I,GB,Gaming,1,23,671376,20123
jvdxpJV-58I,US,Gaming,1,44,693892,20682
jws_sYQ9zwc,US,Other,1,44,109314,6769
jxmmvya5NnQ,GB,Other,1,39,205423,7710
jxmmvya5NnQ,US,Other,1,47,214975,7927
jxvFx6BNoVQ,IN,Gaming,3,18,228903,1130
jy44GW557DE,GB,Other,1,20,91370,4177
jy44GW557DE,US,Other,1,38,93542,4229
jz7alAaaqw4,GB,Music,1,34,187474,7481
jz7alAaaqw4,US,Music,1,31,193224,7578
jzB82utzq14,GB,Sports,1,24,194379,9853
k-358jALXlA,GB,Movie/TV Trailer,2,14,220080,6635
k-358jALXlA,IE,Movie/TV Trailer,7,26,382951,10135
k-cxKZ6EGpI,US,Other,1,49,0,0
k-dMPpFmYU0,US,Music,1,16,17566,2688
k0_dHoOPwyc,IN,Movie/TV Trailer,3,19,676618,16505
k16tYoFDx84,US,Other,1,17,0,0
k1MVnzd2aVc,GB,Movie/TV Trailer,2,8,899492,23414
k1MVnzd2aVc,IE,Movie/TV Trailer,8,11,5171206,33945
k1MVnzd2aVc,US,Movie/TV Trailer,2,8,911037,23543
k1hzk8clzic,IN,Other,1,17,504100,46903
k2YZEx4x3-o,GB,Movie/TV Trailer,1,50,180188,4414
k2YZEx4x3-o,IN,Movie/TV Trailer,1,46,180836,4418
k3-xXD8o0wo,GB,Other,1,12,178224,13719
k3DXU2Fq_so,US,Other,1,38,0,0
k3VwwLeorsU,GB,Other,3,1,3828172,150230
k3VwwLeorsU,IE,Other,11,22,7906966,201770
k3VwwLeorsU,US,Other,3,1,3852256,150596
k3m4jkCcx08,US,Sports,1,27,0,0
k3yK7udoJ54,GB,Other,1,14,571275,29611
k3yK7udoJ54,IE,Other,4,20,1011593,41749
k3yK7udoJ54,US,Other,1,14,586061,29996
k4Tv_TNXDWA,US,Other,1,9,0,0
k5r9cf-6tLE,GB,Other,1,48,322379,5037
k6JkiPdUn00,US,Movie/TV Trailer,1,17,24942,711
k6cjKNZBQ1M,GB,Movie/TV Trailer,1,17,156274,1560
k6hHBfPniN4,GB,Other,1,41,250783,5365
k77vSLbwhjA,GB,Music,1,31,1216324,13452
k7SvODEJelU,GB,Other,1,27,212385,4528
k7W7tUBrBWs,GB,Movie/TV Trailer,1,25,35777,1301
k7W7tUBrBWs,US,Movie/TV Trailer,1,16,37030,1324
k8_gmKLaQ-c,IN,Other,1,27,135768,470
k8bPO0tSUZI,IN,Other,1,25,35389,197
k9EeHcX-VwY,IN,Other,2,7,848652,1310
k9bviqqIsEs,GB,Movie/TV Trailer,1,8,177139,4219
k9bviqqIsEs,IE,Movie/TV Trailer,1,47,178473,4228
k9bviqqIsEs,US,Movie/TV Trailer,1,8,183333,4290
kA-ePuVYO_I,GB,Movie/TV Trailer,1,32,18255,1618
kBO8CP6xA6I,US,Gaming,1,49,180612,7828
kCaQSTaqqgI,IN,Movie/TV Trailer,2,32,568240,3693
kCo_InV7PlU,US,Other,1,15,0,0
kCxKrPeTaE8,US,Other,1,48,234035,6070
kD3jJyMok1E,IN,Sports,1,36,1145991,1643
kDQPhDI6qSg,GB,Gaming,1,3,59449,1893
kE0R1pHwFyg,GB,Movie/TV Trailer,1,40,42038,790
kEGttayX3R4,GB,Gaming,2,24,618390,15400
kE_Zfya8Zsg,GB,Gaming,1,45,134283,5565
kF4MVeWFiDs,US,Music,1,12,933474,55956
kFWnY1Xb40Q,US,Other,1,17,0,0
kFqmwW-XwWc,US,Other,1,30,403062,20806
kG2p2CVkiYk,US,Other,1,24,111491,1184
kHmgytlgngY,US,Other,1,47,0,0
kIyg0l2cDDI,IN,Other,1,33,141478,689
kJ04Npj6MpE,GB,Other,1,15,606558,44051
kJ04Npj6MpE,IE,Other,2,36,1627444,86554
kJ04Npj6MpE,US,Other,2,3,1384925,77658
kJSwhJInkHE,US,Other,1,46,55090,3376
kKIqF2oyj1Q,GB,Movie/TV Trailer,1,16,644938,12103
kKIqF2oyj1Q,IN,Movie/TV Trailer,4,5,1745773,16657
kKIqF2oyj1Q,US,Movie/TV Trailer,1,22,664930,12399
kKUl_wbUob8,IN,Music,2,33,1076286,60080
kKeMD4PEyB0,GB,Movie/TV Trailer,1,44,17601,589
kLa7Fc63xEY,US,Other,1,33,241260,1222
kMqtFsHzDGM,US,Other,1,4,48911,1860
kMsiD1Nky5I,GB,Movie/TV Trailer,1,23,620700,43273
kMsiD1Nky5I,IE,Movie/TV Trailer,3,29,1906050,78519
kMsiD1Nky5I,US,Movie/TV Trailer,2,20,1455855,69321
kNuXyviXXRw,IN,Music,1,38,240461,633
kPHm_Rb7JYc,US,Other,2,15,270410,2619
kPt3iIbnrdk,US,Other,1,11,0,0
kRA1bPVqlxs,GB,Reaction,1,26,43176,3427
kRA1bPVqlxs,US,Reaction,1,32,44274,3473
kRJ6rxbplTA,US,Other,1,33,0,0
kRpaqR5sbf0,GB,Other,1,4,2268630,392122
kRpaqR5sbf0,IE,Other,10,19,5027325,511862
kRpaqR5sbf0,US,Other,1,4,2308549,394518
kT4HsghU3Pc,GB,Other,1,48,92063,1824
kTLcg8WAcew,GB,Other,1,9,491524,7277
kTLcg8WAcew,IE,Other,1,42,492446,7287
kTLcg8WAcew,US,Other,1,45,495401,7327
kU2lxgsRis0,IN,Movie/TV Trailer,2,23,123700,6437
kU32D3l7u9E,US,Gaming,1,27,284938,10417
kVPhx7UOjA0,GB,Other,1,29,134526,5082
kVPhx7UOjA0,US,Other,2,23,212886,7167
kVthH6xStLo,US,News,1,18,0,0
kX4T2_Hzc2s,GB,Music,1,31,105358,294
kXKhNI4DLHM,GB,Music,2,16,3252024,190565
kXKhNI4DLHM,IE,Music,5,40,6966089,238844
kXSwwQQsJGk,GB,Other,1,3,443905,6133
kXSwwQQsJGk,IE,Other,2,24,708022,8069
kXSwwQQsJGk,US,Other,1,9,459065,6251
kZXhh1aY3nA,GB,Other,1,45,66663,4767
k_FZQOlJb0I,GB,Other,1,35,25577,1985
k_VxCjEGALc,GB,Gaming,1,33,296517,6978
k_p_WngTN9A,IN,Movie/TV Trailer,1,46,115041,7264
kaPte6eDU1Y,IN,Gaming,1,32,373595,5476
kaaSMIweI5Q,US,Other,1,4,899033,73561
karsZV38FSc,GB,Gaming,1,21,173779,6458
kauDQbnmjvk,US,Other,1,14,254293,13695
kbTz6iQbL1I,IN,Movie/TV Trailer,1,14,406824,16404
kbZPyrvAvqA,IN,Other,1,31,318009,1974
kchopi72JBs,GB,Other,1,5,180306,4412
kchopi72JBs,US,Other,1,5,186552,4500
kdjON6AmwFY,US,Other,1,45,0,0
keAmOjLl4zE,GB,Other,1,42,322840,8250
kee0VjiLBtc,US,Music,1,10,32261,3109
kep8e-F0jJc,GB,Other,1,33,418223,9578
kep8e-F0jJc,IE,Other,1,39,418321,9578
keueZ7t2RVM,US,Other,1,38,0,0
kf59BanvQS4,US,Other,1,45,75151,2850
kf8EAuAkSRA,IN,Gaming,1,30,1493044,5183
kfLZwMN9Y80,US,Movie/TV Trailer,1,23,160776,9778
kf_aMS-Au74,GB,Movie/TV Trailer,1,40,20907,237
kg862Lq6v3Y,GB,Movie/TV Trailer,1,26,95604,4953
kg862Lq6v3Y,US,Movie/TV Trailer,1,14,99890,5068
kgGDhsYMo-w,IN,Reaction,2,17,40734,3055
kgVXcV6Hhts,GB,Other,1,19,7912,1130
kggd-22wbPM,GB,Other,2,25,285916,3504
kh3GL1mM0D0,GB,Music,2,4,38202,359
khXv1RvAZF0,IE,Other,1,4,73514,6084
khXv1RvAZF0,IE,Other,3,4,115357,7609
khXv1RvAZF0,GB,Other,1,4,45200,4586
khXv1RvAZF0,IE,Other,1,4,45361,4601
kiS9GMjwFWU,GB,Music,1,10,1005516,37054
kiS9GMjwFWU,IN,Music,3,7,2315384,68122
kiZn6QfAqsc,GB,Movie/TV Trailer,1,29,4969,38
kj3omguLUjI,IN,Gaming,3,3,3242411,144034
kjGhoUXNBrU,US,Other,1,41,0,0
kjJER_L_wEI,IE,Other,3,26,1926081,84438
kjkTmTmC1iA,GB,Movie/TV Trailer,1,29,73701,1531
kjkTmTmC1iA,US,Movie/TV Trailer,1,40,75187,1551
klGGBMLqnEQ,GB,Gaming,1,22,86009,2283
klGGBMLqnEQ,US,Gaming,1,44,99759,2389
klZWCXIUr4o,US,Other,1,3,0,0
km9r4HAdqYU,US,Other,1,32,190475,8613
kmjh8kiG-uY,GB,Other,1,35,245864,16979
kmjh8kiG-uY,US,Other,1,32,254970,17217
kmvNzqM0S2I,GB,Other,1,26,44959,1308
knz9QSRE1ME,US,Other,1,33,142498,1372
koQBdVxqXxw,IN,Gaming,1,8,472468,7660
koX-dqKdDy0,GB,Other,1,29,199497,4597
koZcaQHNBPI,GB,Challenge/Stunt,1,30,369677,19108
kofuSo_dmvs,GB,Music,3,4,2622533,258449
kofuSo_dmvs,IE,Music,7,37,5076994,347596
kofuSo_dmvs,US,Music,3,1,2642372,259460
kowA6LMoVI0,GB,Music,1,34,31592,95
kp7UPaBkwNo,GB,Sports,1,33,257790,4193
kpMICAzS66Y,IN,Other,1,25,357524,2014
krLTxD-h-S8,GB,Other,1,43,1200124,45608
krLTxD-h-S8,IN,Other,2,4,6895249,63873
ksHkEoXlPTs,US,Sports,1,23,0,0
ktAEhadv9Yg,IN,Movie/TV Trailer,1,46,125728,9307
ktijLtu1URw,GB,Movie/TV Trailer,1,32,229967,23194
ktijLtu1URw,US,Movie/TV Trailer,1,32,235877,23514
ktjmlzx5Sng,IN,Sports,1,41,269461,2231
ku3lrFPIeCU,GB,Other,1,21,969497,16173
kuQUvz69X_8,GB,Other,1,30,113340,3243
kuVNutQeBBA,GB,Other,1,34,549922,86527
kuVNutQeBBA,US,Other,1,26,564673,87648
kvDHQOGNoxI,GB,Movie/TV Trailer,1,29,150089,4937
kvNJuYC_m7o,GB,Gaming,1,42,82263,4691
kvXgaEN6VXw,IN,Movie/TV Trailer,1,46,65800,7170
kvY23Rh6X-g,GB,Music,1,31,70139,8441
kvY4xSJyj9U,IN,Other,2,12,1099331,39590
kvYmBKslZ3M,US,Other,3,32,55576,2021
kvpRDkO9Huc,US,Other,1,46,230528,7134
kwH8GnL4WWk,GB,Other,1,18,52897,1571
kwZyPux7rkQ,IN,Movie/TV Trailer,1,48,161949,1065
kwp7hUR76H4,GB,Gaming,1,3,465976,86648
kwp7hUR76H4,IE,Gaming,5,30,1309639,165168
kwp7hUR76H4,US,Gaming,1,20,484292,88999
kwxRLGf4WVY,IN,Movie/TV Trailer,2,5,1805670,57679
kwyPG2CtvEw,IN,Other,1,16,362180,2281
kx70uGf1T4s,GB,Gaming,1,30,268582,5069
kyCD_AyW6AQ,GB,Music,1,13,172581,8366
kynPAivzjoY,GB,Movie/TV Trailer,1,38,39277,2233
l-21jTvvyic,IN,Sports,1,23,297001,1872
l-8vCw1EviI,GB,Other,2,28,254961,10450
l-MN5r-4hkM,GB,Gaming,1,21,64841,1909
l-XvOfDlUMs,GB,Movie/TV Trailer,1,25,211321,10104
l-XvOfDlUMs,US,Movie/TV Trailer,1,25,214444,10184
l-cyT28MFyk,GB,Gaming,1,6,773071,16795
l-cyT28MFyk,IE,Gaming,1,45,773629,16803
l-cyT28MFyk,US,Gaming,1,3,778093,16883
l0hD3KBwoiA,GB,Movie/TV Trailer,3,2,3076757,181096
l0hD3KBwoiA,IE,Movie/TV Trailer,17,2,4502671,216026
l0hD3KBwoiA,US,Movie/TV Trailer,2,2,2385354,159453
l1HyLlgbygE,GB,Other,1,36,352296,14629
l1HyLlgbygE,US,Other,1,6,378478,15139
l1babnF0hfE,IN,Gaming,1,49,360352,31110
l2tO00LXo6o,US,Other,1,37,223745,3832
l3QksZ68hYw,GB,Music,3,1,1650633,4728
l3QksZ68hYw,IE,Music,13,4,3621055,9843
l3QksZ68hYw,US,Music,3,1,1659329,4765
l4C8UqbxGL0,US,Other,1,33,0,0
l591WRTDe3M,US,Other,1,26,176396,6790
l5ZTFlhvy4E,GB,Other,1,12,592201,42008
l5ZTFlhvy4E,US,Other,1,18,609616,42677
l5aOkU7ljTQ,IN,Other,1,43,350957,2874
l6fBLJGFP88,GB,Sports,1,18,316170,4520
l7DlbkZOfVM,US,Other,1,18,661533,27875
l89S3V-pocU,IN,Movie/TV Trailer,1,17,294714,17234
l8Q0nQYX1CI,IN,Gaming,1,33,379398,831
l8SlIEh-Je8,US,Music,3,13,358144,26446
l8USB90IPH0,IN,Other,1,46,141466,1693
l8erugGpn5c,US,Other,1,39,185088,9328
l8hrM4aeJRA,IE,Gaming,1,36,615348,1242
l8w8UhK9GpU,GB,Music,1,19,57725,197
l9NPooDfxvY,US,Other,1,14,206336,6620
lACB3DVSPVE,IN,Gaming,1,34,63567,186
lAdtiX8fiB0,GB,Music,1,45,89176,619
lBFzD8wXCKY,IN,Movie/TV Trailer,1,35,4231751,1566
lC1M4bSxak8,IN,Gaming,2,31,272188,1024
lCChrhhIUWo,GB,Other,1,43,96115,505
lCChrhhIUWo,US,Other,1,31,113500,531
lDRQTXITeiQ,IN,Movie/TV Trailer,2,37,116018,5354
lDrJtgNztiQ,IN,Movie/TV Trailer,2,26,174796,8675
lEYqE15H_8w,US,Other,1,14,166272,6719
lEpWZIOoKDw,GB,Other,1,21,272559,4733
lFReQilrJ0w,IN,Music,1,45,171896,539
lFlK7t1INjA,GB,Other,1,49,1446198,7943
lGaJA2lMaOA,GB,Other,1,27,268176,28439
lGaJA2lMaOA,US,Other,1,32,283695,29505
lGi9HLhNGyA,US,Other,1,23,0,0
lGpBaRaEzpY,IN,Other,1,41,63974,651
lHStEY0CefA,IN,Gaming,1,3,2165265,6671
lIDfAxkwzGI,GB,Other,1,34,392416,44703
lIb9WHP5qNo,GB,Music,1,16,103652,174
lIbanVWUPrE,GB,Reaction,1,37,20418,829
lJ3IzZRb6yk,GB,Gaming,1,27,190529,13499
lJEBNUzpP34,GB,Other,1,11,441991,37453
lJEBNUzpP34,US,Other,1,26,453514,38052
lJKJl-7dNtA,GB,Movie/TV Trailer,1,29,44292,2604
lJZ8wWCnwow,GB,Music,3,1,11000578,1349500
lJZ8wWCnwow,IE,Music,1,46,4339833,876924
lJZ8wWCnwow,IN,Music,5,1,15367294,1492964
lJZ8wWCnwow,US,Music,2,4,8433341,1216017
lKJajBU6uuk,GB,Gaming,1,30,304431,3939
lKMl8qWVf1A,IE,Other,4,21,1083006,30110
lKT5QiGPHOQ,IN,Music,1,34,253408,21619
lL4Dms12H38,GB,Movie/TV Trailer,1,41,53362,939
lLaFR89_cFY,GB,Other,1,16,252997,35463
lMjChmxpYuA,GB,Challenge/Stunt,1,15,263328,4143
lN3PdqWbbI4,GB,Gaming,1,49,205696,8445
lNUvmotHwac,IN,Sports,1,39,246508,510
lNW7pyyLpZs,GB,Gaming,1,9,442563,8836
lNW7pyyLpZs,US,Gaming,1,41,465098,9057
lNnniorMWWA,IN,Gaming,1,47,195173,3775
lPBKCnIPZoI,GB,Other,1,37,795091,11180
lQg1F4hKHqg,IN,Other,1,3,2282164,63182
lR5aQMAl36k,IN,Other,1,26,648267,26449
lS2VTDajAL8,IN,Gaming,1,34,468908,29898
lTYQ74xfQo4,IN,Music,2,22,176291,1616
lTh0d9hxBXk,GB,Other,1,47,148217,1689
lTh0d9hxBXk,US,Other,1,39,149826,1702
lUB3HZziEZI,IN,Movie/TV Trailer,1,32,62460,4919
lWRkD9TYTGc,IN,Movie/TV Trailer,2,23,228238,9493
lWcpMzHHwIw,US,Sports,1,23,0,0
lX1iXfsLfoo,IN,Gaming,1,33,108355,7499
lXTU664qsyo,GB,Other,2,13,729990,45507
lXTU664qsyo,US,Other,3,19,742445,45966
lXWBRLZoyEI,US,Gaming,1,12,469719,3365
lXviwqEctFI,IN,Other,1,45,294276,2159
lY7708X2Rek,GB,Movie/TV Trailer,1,29,70220,1667
lY7708X2Rek,US,Movie/TV Trailer,1,46,71256,1674
lYNVznF520o,US,Other,1,31,0,0
lYOgvInxHdc,US,Other,1,28,70249,791
lYRnbOD3GcQ,IN,Other,1,42,59856,1853
lZBYF9VzqlE,IN,Music,1,44,176606,9616
lZPHTfLI9pI,IN,Other,2,19,215246,433
l_IjTbQLlMI,US,Music,1,49,9099,1458
l_hSYCBfHSM,GB,Other,1,15,364793,28648
l_hSYCBfHSM,IE,Other,1,33,371020,28777
l_hSYCBfHSM,US,Other,1,15,389525,29692
laMgsOPqbkc,GB,Challenge/Stunt,1,37,231561,9248
laMgsOPqbkc,US,Challenge/Stunt,1,34,242323,9463
lbDOegHVPP8,GB,Movie/TV Trailer,2,5,910814,19357
lbDOegHVPP8,IE,Movie/TV Trailer,13,8,1433040,25378
lbDOegHVPP8,US,Movie/TV Trailer,3,2,915133,19397
lbhKxqYrg6A,IN,Reaction,3,29,268649,17768
lbq4CvgGIAY,IN,Gaming,1,48,175586,2683
lbr8yc1_ljQ,GB,Movie/TV Trailer,1,11,101504,3582
lbr8yc1_ljQ,US,Movie/TV Trailer,1,8,106609,3645
lc--p7eVBHY,US,Other,1,43,217084,10393
lc_tzhXDLbc,IN,Music,2,19,184759,13726
lcoT787pnJI,US,Other,1,33,258764,1369
ldtLfMzAT0I,GB,Other,1,31,245790,41469
ldtLfMzAT0I,US,Other,1,44,249699,41888
leFc5Bqsndg,IN,Gaming,1,9,748155,11676
leKls3uR_So,GB,Reaction,1,45,38466,3199
leKls3uR_So,US,Reaction,1,40,39701,3257
le_fKo1i7_8,GB,Other,1,42,50202,2090
lfqd3Ih-oec,IN,Sports,1,44,1301141,3007
lhNPpBeVpYk,GB,Movie/TV Trailer,1,50,336472,8324
lhNPpBeVpYk,IN,Movie/TV Trailer,4,11,524364,9849
lhTQGjcS-LI,GB,Sports,1,27,127683,2684
li2UNhOXbz0,IN,Gaming,1,30,441365,30332
liM_Ann3anU,US,Other,1,32,70312,3824
liflOQby9qo,US,Other,1,17,52398,3164
ljJksrheWVw,US,Other,1,26,0,0
ljakgN0ifuY,GB,Other,2,21,1308994,59613
ljakgN0ifuY,IE,Other,5,27,2844819,99145
ljakgN0ifuY,US,Other,2,3,1335632,60322
ljppGDO4HlU,GB,Gaming,2,9,1936309,105939
ljppGDO4HlU,IE,Gaming,1,18,1940494,105998
ljppGDO4HlU,US,Gaming,1,18,410750,44902
ljppGDO4HlU,IE,Gaming,4,27,2621273,120661
llsb8gau1f0,IN,Other,1,38,544251,49008
lm49J1s5MtY,US,Movie/TV Trailer,1,37,32900,1002
lnC1Trd23so,US,Other,2,31,82184,4096
lnqtEJhAAXs,IN,Sports,3,12,1662613,49060
lo4SGEt3wRg,IN,Movie/TV Trailer,4,29,322643,10568
locuQ-skySE,GB,Movie/TV Trailer,2,5,519732,44014
locuQ-skySE,IE,Movie/TV Trailer,2,8,520590,44034
locuQ-skySE,US,Movie/TV Trailer,1,8,387722,36973
lohETY38sts,GB,Movie/TV Trailer,1,28,14874,163
lp39qUPGTEY,GB,Other,1,15,79629,5702
lphL0yu5_fA,US,Music,2,4,280117,15255
lr1gApNmFog,US,Other,1,37,1668164,75308
lrVwEyNuCAw,IN,Movie/TV Trailer,1,46,22921,347
lrYL6ihlCT0,GB,Other,1,34,237335,4251
lsYHXMf5KwU,GB,Music,1,19,195924,1162
ltRoBfchQXI,US,Other,1,43,66193,3416
lug0whXqtpA,IE,Other,2,27,1038784,46501
lug0whXqtpA,US,Other,1,27,225310,18515
lugn0XwRrXw,US,Other,1,32,0,0
luxUT0HbCRg,IN,Other,1,33,372224,1599
lv0Y92iym2Y,GB,Gaming,1,48,252647,5179
lvIxkHssqVc,US,Other,1,24,380145,12557
lw8d5utzmKE,US,Reaction,1,22,9347,663
lwZQgbeZVk4,US,Other,1,40,0,0
lwtUOs8s9hk,US,Other,1,12,349101,17416
lx5k7yHTbbM,IN,Other,2,16,1468137,28130
lx6y0Y7dS1U,GB,Gaming,1,50,279831,4261
lxf0HSrXQGg,IN,Gaming,1,45,418541,6586
ly3ynL3F6yg,US,Music,1,34,124730,8096
lzL1K2TrhZk,GB,Other,1,12,956382,57530
lzL1K2TrhZk,IE,Other,2,45,1571606,82795
lzL1K2TrhZk,US,Other,1,28,994217,58834
m-7-AGov4zY,GB,Other,1,43,266412,9300
m-7-AGov4zY,US,Other,1,37,275612,9442
m-b64UPm5pc,GB,Other,1,39,82429,3820
m0T9rfnPYSM,US,Music,2,18,125916,6199
m0W0VTX3d4c,IN,Gaming,1,21,559038,39546
m0vNfYI5sow,IN,Music,1,49,333896,4568
m1qlPvpADdU,GB,Other,1,49,833979,54481
m1qlPvpADdU,US,Other,4,7,1426820,69386
m1ycj51af1E,GB,Movie/TV Trailer,1,47,469966,23774
m1ycj51af1E,IN,Movie/TV Trailer,3,20,595670,27013
m21p7kYObOg,US,Other,1,47,0,0
m2biJmYJqDg,US,Other,1,39,0,0
m4FcoAOu73s,US,Other,1,27,0,0
m5JTj1lY35g,GB,Other,1,45,107337,7319
m5WfhTvfNLU,IN,Gaming,2,15,305343,3643
m6E05EEBdH4,GB,Other,1,43,153872,1381
m6tW8Mcp1yc,IN,Gaming,1,18,487415,16960
m6ucCFhSY5k,GB,Other,1,36,242207,10169
m6ucCFhSY5k,US,Other,1,11,253491,10419
m6yNWBt5xMw,GB,Gaming,1,50,103574,6476
m7irTCODoAM,GB,Other,1,37,353706,6788
m7irTCODoAM,US,Other,1,29,366968,6949
m7u3pyibbLA,US,Other,1,28,261103,564
m8mz40-kzR0,IN,Movie/TV Trailer,4,20,1469989,37566
mAUfp7tP2bg,GB,Gaming,2,17,507353,43734
mAUfp7tP2bg,US,Gaming,1,29,282698,30170
mAo-wNKh55k,IN,Gaming,1,30,529124,1774
mAp9n2Od8cg,GB,Other,1,3,522493,36098
mAp9n2Od8cg,US,Other,1,15,537953,36556
mBZAMxDx154,GB,Other,1,9,1515290,35644
mBZAMxDx154,IE,Other,4,18,2280962,44811
mBZAMxDx154,US,Other,1,3,1535407,36065
mDMfkp2H-dc,US,Music,1,46,45128,5587
mE6udTnM-2U,GB,Other,1,18,80588,4618
mEO6Epcs_sI,IN,Other,2,10,1085298,29082
mEOSt2v0FEE,IN,Reaction,3,23,424086,17381
mES2iPGVaiA,US,Gaming,1,29,511009,7989
mEhVbx8C4wM,GB,Other,1,39,435957,28162
mEhVbx8C4wM,US,Other,1,33,452384,28639
mG0hRe9Hs8o,GB,Other,1,15,949116,12815
mG0hRe9Hs8o,IE,Other,1,45,960105,12826
mG0hRe9Hs8o,US,Other,1,9,977692,12876
mGNrn7MnuHc,IN,Other,1,21,1296801,8771
mI-Ds7Attgc,GB,Gaming,1,29,246201,3657
mI-Ds7Attgc,US,Gaming,1,43,259522,3777
mIr0VRxrLmY,US,Other,1,27,340300,10834
mIriLi61g3o,GB,Gaming,1,41,1432046,29693
mIriLi61g3o,US,Gaming,1,38,1445932,29836
mIzM6rugeEU,IN,Music,3,28,2080642,30438
mJOHagSHkU4,US,Other,1,44,95041,3994
mJXmWHVRVow,IN,Music,1,45,158863,289
mJtuYWRQrEE,IN,Movie/TV Trailer,3,21,1108411,36386
mK2oZJU1CxI,GB,Other,1,9,9113759,59694
mK2oZJU1CxI,IN,Other,3,7,11483242,74668
mKZiZBNXJWc,GB,Music,1,34,141021,6984
mKoisjcPU7A,IN,Reaction,1,50,26898,2260
mKvXd46fHz4,US,Sports,1,27,0,0
mL4Y-ubzAbo,GB,Movie/TV Trailer,1,20,27722,3021
mLXQaKNpVho,GB,Music,1,21,51462,195
mM2HFFDTBoQ,GB,Movie/TV Trailer,2,5,387050,5145
mM2HFFDTBoQ,US,Movie/TV Trailer,2,8,393102,5180
mMkIMuXFjww,IN,Movie/TV Trailer,1,43,32663,2796
mNKfate_upU,IN,Other,1,48,662176,60482
mNPvPRTnO_U,GB,Other,1,45,24141,2045
mNd1gb19A-c,GB,Movie/TV Trailer,2,5,6087639,308828
mNd1gb19A-c,IE,Movie/TV Trailer,3,11,6711602,326466
mNd1gb19A-c,IN,Movie/TV Trailer,2,14,6098509,309004
mNd1gb19A-c,US,Movie/TV Trailer,3,5,6720652,326820
mNkJt3tMoUU,US,Music,1,28,59652,6726
mNwsgRMEX6I,US,Other,2,36,456048,596
mObRUsA7dPY,GB,Movie/TV Trailer,1,11,197104,3658
mObRUsA7dPY,US,Movie/TV Trailer,1,17,204468,3722
mQLrvzNaHCw,IN,Movie/TV Trailer,1,35,17470,290
mQTta36Th0Q,US,Sports,1,23,0,0
mQjAeKbFa3A,IN,Other,1,32,117565,355
mR5MMmeRqqU,IN,Gaming,1,3,10875443,29851
mRX7MneMM0g,GB,Other,1,44,255771,3262
mScmLY7LzMY,IN,Other,1,36,87937,460
mSlpFhEPkgc,US,Other,3,1,2381203,174546
mSnVJBQpqdY,GB,Movie/TV Trailer,1,17,289408,9337
mSnVJBQpqdY,IN,Movie/TV Trailer,4,8,343982,9542
mSphNsDkKQI,IN,Movie/TV Trailer,1,25,455409,4921
mT1Hw2xJPpY,IN,Movie/TV Trailer,3,25,150229,1321
mTN5DTJEFEs,US,Other,18,1,146121,3920
mTxZc-G0hjw,IN,Other,1,42,74331,1400
mUDBxgSwKbM,US,Other,1,31,503369,30976
mUWxUeQ5K9w,US,Other,1,49,0,0
mV7451mcw-E,GB,Movie/TV Trailer,2,5,3103733,318260
mV7451mcw-E,IE,Movie/TV Trailer,14,8,5254630,415684
mV7451mcw-E,US,Movie/TV Trailer,2,7,3124539,319799
mVCGOBd_h1g,US,Other,1,45,0,0
mVISuXwK-Ao,IN,Gaming,1,3,5842247,0
mVKmygSFfc4,IN,Other,2,31,1311905,7782
mW-kZupAtGg,GB,Other,1,9,611671,15055
mW-kZupAtGg,US,Other,1,31,620637,15189
mWFli3TcZ2c,IN,Other,2,4,170526,886
mWGZLruStu0,US,Sports,1,15,0,0
mWQ34vb5Nm8,IN,Other,1,30,117635,476
mWdjtecQtUs,GB,Other,1,37,51346,5817
mX8F1zDoMS4,GB,Other,1,5,109876,2878
mXCmJkKxJuo,IN,Movie/TV Trailer,1,34,928570,2349
mXyMMV5BQYA,US,Sports,1,43,0,0
mZ9n1qyzcDM,IN,Music,1,31,128263,353
mZTAjVrL0LE,GB,Other,1,32,979691,50908
mZTAjVrL0LE,IE,Other,2,15,1277242,58617
mZTAjVrL0LE,US,Other,1,21,995873,51232
mZnFxmc86dk,IN,Gaming,2,41,172928,2978
maFnBkQNkV0,GB,Other,1,18,190025,4486
maFnBkQNkV0,IE,Other,1,41,190848,4509
maHhTb3QVE0,GB,Gaming,1,20,640897,15158
maHhTb3QVE0,US,Gaming,1,23,655514,15407
maImQrCNp7g,US,Movie/TV Trailer,1,49,125322,4298
maWibnz5Sdw,IN,Gaming,2,26,336281,1039
mahKifMsaTk,US,Movie/TV Trailer,2,16,723669,13952
mbxeiNnLICQ,IN,Other,1,45,265594,21743
mc7cOOqQClw,GB,Movie/TV Trailer,1,14,149173,7673
mc7cOOqQClw,US,Movie/TV Trailer,1,5,155228,7870
mcrwcvad84U,IE,Movie/TV Trailer,2,8,7590268,17636
md5rZb2nEaM,GB,Movie/TV Trailer,2,8,1652495,126561
md5rZb2nEaM,IE,Movie/TV Trailer,7,7,2644760,157893
md5rZb2nEaM,US,Movie/TV Trailer,2,8,1662116,126938
mdJaqO5_J1M,GB,Other,1,30,290767,19634
mdJaqO5_J1M,US,Other,1,27,25841,5275
mdQ_S1L3dQg,US,Movie/TV Trailer,1,32,34303,9844
mecy6K90C0s,GB,Music,3,7,258768,10209
mfLwZMdfECM,GB,Other,1,19,520867,27889
mfLwZMdfECM,US,Other,2,32,529887,28116
mfUtseK27pc,GB,Movie/TV Trailer,2,5,2786348,132830
mfUtseK27pc,IE,Movie/TV Trailer,11,2,3212487,142487
mfUtseK27pc,IN,Movie/TV Trailer,1,46,2037603,121143
mfUtseK27pc,US,Movie/TV Trailer,3,2,2929873,136378
mh4MoahmZTI,US,Other,1,26,282199,9945
mhSpdlCXU7M,GB,Other,1,22,291255,30315
mhm3tWv2HVc,GB,Other,1,27,884437,11282
mhm3tWv2HVc,US,Other,1,44,916373,11562
mi2dJHeCAh0,GB,Movie/TV Trailer,1,8,597205,29446
mi2dJHeCAh0,IE,Movie/TV Trailer,4,41,1031317,40297
mihQ8lMtq-0,IN,Music,2,42,903333,12426
mipyk3cChmU,GB,Other,1,1,75152,648
mjInkf-sz9Q,IN,Other,1,3,2028790,72368
mk8HsER63HM,GB,Other,1,40,443474,47932
ml11zsjUACc,US,Gaming,1,50,209649,7707
mlVVipha-D4,IN,Other,1,49,196745,260
mlfTIl19b-8,US,Other,1,24,188066,8766
mm2eYM-KPO4,US,Gaming,1,41,227797,1816
mmHAWfRw7BY,GB,Sports,1,50,266345,15877
mmHAWfRw7BY,US,Sports,1,31,271609,16075
mnbJTL0EGC8,GB,Music,1,30,109185,165
moVoEcXL4kU,IN,Music,1,42,36738,248
mp-HWukUDSE,GB,Music,1,4,179472,14047
mp-HWukUDSE,US,Music,1,1,181475,14175
mpNZqAfEoco,US,Other,1,40,0,0
mqkENy2nPww,IN,Gaming,1,15,987463,47893
mqq29914r-0,IN,Movie/TV Trailer,2,22,444572,8674
mrVNMgXCBYc,US,Other,1,45,0,0
ms5IcR3bQUU,GB,Reaction,1,33,79575,3422
msUbIWjHi7g,US,Gaming,1,11,355566,16557
msibtTyqfbY,GB,Other,2,16,97018,1051
msibtTyqfbY,IE,Other,6,1,3626819,27254
msjS2zdObCs,GB,Other,1,43,223821,8230
msjS2zdObCs,US,Other,3,27,126784,5452
mtC4sjABZNw,GB,Movie/TV Trailer,2,8,1895595,35395
mtC4sjABZNw,IE,Movie/TV Trailer,10,14,2406785,44673
mtC4sjABZNw,US,Movie/TV Trailer,2,5,1904752,35605
mtM1tsYO0v4,IN,Sports,1,26,2497410,47347
mtoFVuj1NQs,GB,Other,1,28,115748,9481
muGu6ObWM14,IN,Other,2,16,551152,11953
muHqsy4qx1A,US,Other,1,39,118353,9115
mug94frgDxY,IN,Sports,1,27,496085,3005
mvM5mFbE6kA,IN,Other,1,11,110034,461
mx7G9-wZZZE,GB,Sports,1,37,6118,1052
mxxVwro6YsE,GB,Other,1,47,182002,6919
mxxVwro6YsE,US,Other,1,30,194434,7124
mz5utXLZArY,US,Reaction,1,35,27684,2001
mzdeclh37gE,US,Other,1,47,0,0
n-JCtITMukQ,GB,Music,1,40,582066,2768
n-JCtITMukQ,US,Music,1,42,237098,1268
n-NDYWPXpKg,IE,Movie/TV Trailer,1,44,4069483,169372
n03b1qXirco,US,Gaming,1,32,440003,7992
n0iac6ox8lA,IN,Music,3,4,658300,38793
n0zLST2LQyU,US,Other,2,18,639029,1030
n27Mc6ebjR4,GB,Movie/TV Trailer,1,25,162861,14266
n27Mc6ebjR4,IE,Movie/TV Trailer,2,49,265334,17696
n27Mc6ebjR4,US,Movie/TV Trailer,1,19,164148,14333
n2bzA-ksXZI,GB,Other,1,7,484803,109160
n2bzA-ksXZI,US,Other,1,27,499505,111057
n2mOPls6EOw,GB,Music,1,42,97260,322
n2p64a8PDEg,GB,Gaming,1,44,339099,4876
n31SdUpxGKk,IN,Other,1,47,285885,678
n37EdoQ19Ig,US,Other,1,47,0,0
n3Rewig7DV0,GB,Other,1,44,223016,9367
n4RhxQuFvzc,US,Challenge/Stunt,1,30,309921,2858
n4czuaEsukQ,IN,Music,2,37,296475,6451
n52Lt1yigkA,IN,Other,2,10,261604,1451
n5a1c1mf4GE,GB,Reaction,1,43,33479,2915
n5a1c1mf4GE,US,Reaction,1,31,39518,3187
n5yHBc03po4,IN,Gaming,1,12,413198,7256
n7XRFzHtjNI,GB,Other,1,6,89742,2892
n7XRFzHtjNI,IE,Other,1,33,220240,5440
n7guVY6LclY,US,Music,2,39,247468,21316
n7q_z7y2QHg,GB,Challenge/Stunt,1,49,190283,9167
n9Ft7nBsSQs,IN,Other,3,10,259964,2948
n9dtMVGMXjY,US,Other,1,24,102113,2310
n9xOeOOFxFk,GB,Music,1,37,76740,212
nA-A1lR0IrE,IN,Gaming,1,30,729070,2350
nB9-er1KwCw,US,Other,1,15,0,0
nBfaui463t8,IN,Music,1,37,61061,284
nBt4dSwftXc,IN,Other,1,40,159385,1979
nCElUD0jvgo,GB,Other,1,4,1790407,329186
nCElUD0jvgo,US,Other,1,7,1843163,332796
nCrYFRGLPcQ,GB,Movie/TV Trailer,1,44,64118,415
nDAsNlfm_CM,GB,Music,1,36,5567,477
nDKGZXsdhwc,GB,Sports,1,22,3300643,16802
nDKGZXsdhwc,IN,Sports,1,9,3300804,16802
nEanKCsdOFU,GB,Movie/TV Trailer,1,47,49696,575
nFDsUUyF66w,GB,Music,2,7,454551,33620
nFDsUUyF66w,US,Music,2,10,458928,33797
nFnO533SodE,GB,Movie/TV Trailer,1,38,53658,2510
nFnO533SodE,US,Movie/TV Trailer,1,24,56745,2578
nH9R0Jpqeqc,GB,Sports,1,32,5454831,183834
nH9R0Jpqeqc,US,Sports,1,32,5701580,189555
nHkqk6As6kE,US,Other,1,11,394827,12424
nHwwucUpGWw,GB,Other,1,28,150050,548
nI4r0eOxLmU,GB,Other,1,44,388857,43646
nIEv1DGPxlA,GB,Movie/TV Trailer,1,47,21110,386
nK9GhdwZcTo,IN,Other,2,34,69123,2830
nMU2Lie7Gt0,GB,Gaming,2,6,441249,22310
nMU2Lie7Gt0,IE,Gaming,5,12,645780,27318
nMoe1mM0kjE,IN,Gaming,1,6,11732251,28673
nMozMETeCyw,GB,Music,2,4,4293452,167612
nMozMETeCyw,IN,Music,3,4,5448518,191792
nNdJqUhyEGY,GB,Other,1,34,64835,10431
nNjF-_6cAio,US,Movie/TV Trailer,1,32,32886,432
nPW3H2hpYEI,IN,Movie/TV Trailer,4,11,920300,48346
nPmlPTaBT78,US,Other,1,40,746596,786
nQOu_F5CflY,GB,Other,1,9,367738,6196
nQOu_F5CflY,US,Other,1,32,372137,6252
nQcEz8Z5s7k,IN,Movie/TV Trailer,3,17,312039,21082
nSTdFQEsnWk,US,Other,1,3,0,0
nU5bXmCuOrw,GB,Other,1,21,536792,30906
nU5bXmCuOrw,US,Other,1,45,549393,31303
nUEnQWYR4sM,US,Sports,1,49,168580,14976
nUrkxes2eZQ,GB,Gaming,1,3,341885,26996
nUrkxes2eZQ,US,Gaming,1,45,356821,27708
nUsrYVxrDwI,IE,Music,8,31,25079910,373915
nUwYosgP6B0,US,Sports,1,32,0,0
nVMUxM-yptc,IN,Gaming,1,30,773369,5670
nVPd_Ma6AcY,GB,Sports,1,24,289952,4345
nVfMpEmRpPY,GB,Gaming,1,21,23696,662
nViZh4txjyQ,US,Sports,1,9,0,0
nWEsEDL6kC4,GB,Other,1,35,45394,4370
nWEsEDL6kC4,US,Other,1,44,47570,4533
nWVHxJK9gCg,GB,Other,1,48,0,592
nX6EwtzCPrk,GB,Sports,1,9,256131,4352
nXEljY89Gak,US,Other,1,43,494220,20573
nXkrM9Vs0UA,IN,Movie/TV Trailer,2,17,105193,6728
nY3KX4nYujU,US,Other,1,50,266322,35298
nYYjR9diizE,GB,Movie/TV Trailer,1,11,1117698,35976
nYYjR9diizE,IN,Movie/TV Trailer,4,5,2149250,52554
nYYjR9diizE,US,Movie/TV Trailer,1,17,1153480,36577
nYbGutKQd9s,IN,Music,1,47,91012,403
nZLjtTpvJxM,US,Other,1,6,0,0
nZqobgDsOBE,GB,Other,1,6,355103,5290
nZqobgDsOBE,US,Other,1,48,369215,5439
n_GEq0L-krs,GB,Movie/TV Trailer,2,17,384173,19314
n_SUA30VQUM,GB,Other,1,46,162311,10743
n_Sy_jjPN8U,IE,Movie/TV Trailer,1,46,378528,22463
n_Sy_jjPN8U,US,Movie/TV Trailer,1,31,173467,12973
n_VrRuNkbrE,IN,Music,1,13,1392609,26535
n_fO86p4eIM,GB,Sports,1,12,126245,3935
n_fO86p4eIM,IE,Sports,2,15,193092,5099
n_pEJjq-9xQ,GB,Movie/TV Trailer,2,14,1455592,50470
n_pEJjq-9xQ,IE,Movie/TV Trailer,6,11,2284716,63359
n_pEJjq-9xQ,IN,Movie/TV Trailer,2,23,1457446,50533
n_pEJjq-9xQ,US,Movie/TV Trailer,1,34,925496,40017
n_zhtygOBq0,IN,Music,4,16,1326033,2361
na4drDIOxsg,GB,Other,2,16,63848,6063
nacF93pUcY0,GB,Other,2,8,267131,10825
nacF93pUcY0,IE,Other,3,29,296544,11695
nacF93pUcY0,US,Other,1,11,205008,8697
naoGk-Zjc1s,GB,Other,2,1,17819197,782652
naoGk-Zjc1s,IE,Other,12,22,56503388,965956
naoGk-Zjc1s,IN,Other,2,27,17835799,782965
naoGk-Zjc1s,US,Other,2,4,17940711,784337
nbOfMoyAaHE,GB,Other,2,4,75908,2484
ndOVJbCjC6Q,GB,Reaction,1,47,30569,2301
neQmCtDJzkw,GB,Other,1,15,377044,29532
neQmCtDJzkw,IE,Other,4,15,989189,58238
neQmCtDJzkw,US,Other,1,34,386962,29987
nelkiuezJxg,GB,Movie/TV Trailer,1,25,1046945,1994
nelkiuezJxg,US,Movie/TV Trailer,1,40,1122114,2020
nfJ4s7meng4,IN,Gaming,2,6,1446470,12504
ngaiAeR44cc,US,Other,2,15,272222,1460
ngqMuBaQV3k,IN,Gaming,2,9,1254482,16198
nh03QAgrsL0,US,Other,1,49,229899,23983
ni2ogUKxn_w,GB,Other,1,31,40700,2968
niNDQO-Ie4g,GB,Music,2,16,282836,8997
njPVm1xuMDc,IN,Sports,1,35,537606,1983
njhJAEqjf2I,GB,Other,2,15,1614247,32269
nkTU3MPySR0,US,Other,1,38,298157,26301
nkyzqcdJmRg,GB,Other,1,27,496030,33249
nkyzqcdJmRg,IE,Other,2,39,805641,44916
nkyzqcdJmRg,US,Other,1,43,512812,33845
nl7-A0x4vik,GB,Other,1,19,32320,2147
nlBDxLLv3ns,IN,Other,1,35,459655,52686
nm1r62RILto,GB,Gaming,1,6,229937,8511
nm1r62RILto,IE,Gaming,3,18,452470,12980
nm7sk4s4e-A,US,Music,2,4,200521,12247
nmI2a-Ivu88,GB,Movie/TV Trailer,1,5,175389,5009
nmI2a-Ivu88,US,Movie/TV Trailer,1,2,180410,5105
nmZxcX5OwOg,IN,Music,2,31,485868,35836
nmt06_JLxt8,IN,Other,2,30,1273817,66424
nnc8WQWScFs,GB,Gaming,1,33,202245,7290
nne_DfedjP0,US,Other,1,40,0,0
noKWHhLR9Mc,US,Music,2,4,126757,8051
noZWRH3Y_RU,US,Other,1,13,0,0
np_shXsxWmk,IN,Gaming,1,24,1112965,2988
nqVCQ9hI3MU,GB,Gaming,1,30,926245,15028
ns0R8ux6nUs,IN,Other,2,27,306782,1567
nskLgd15Zg8,IN,Other,2,9,1178704,15030
ntMXyuYIiY0,GB,Music,1,10,53405,3796
ntTaVXXJi10,US,Other,1,30,280812,26319
ntuKM_ujZA8,GB,Movie/TV Trailer,1,14,74865,1969
nuUt8A49Vbk,GB,Movie/TV Trailer,1,41,145960,17377
nv6kuiH_RzU,IN,Music,3,22,1223458,76917
nvTp3Gcbxtk,GB,Music,3,1,156592,6975
nvTp3Gcbxtk,IE,Music,17,9,492415,10488
nw0SuwMqlTM,US,Music,1,13,154618,12443
nxNCmwFItW8,GB,Other,1,37,36337,2984
ny8zeqDaLlI,GB,Movie/TV Trailer,2,17,160614,624
ny8zeqDaLlI,US,Movie/TV Trailer,2,14,162553,631
nySyxYk_raQ,GB,Other,1,27,343746,8987
nySyxYk_raQ,IE,Other,3,21,681608,13767
nySyxYk_raQ,US,Other,1,12,362550,9177
nyblWo7qOHY,IN,Movie/TV Trailer,2,14,186864,8067
nzy0md0tpOE,GB,Other,1,24,423098,25839
nzy0md0tpOE,IE,Other,1,48,423766,25876
nzy0md0tpOE,US,Other,1,29,428985,26078
o-t1hiELDXY,GB,Gaming,1,34,354411,6820
o0OxU4A0kdY,US,Other,1,28,0,0
o26ocEjLmuE,GB,Other,1,40,269499,1274
o2GaT2vsnds,US,News,1,6,0,0
o3AtVh--WB4,IN,Movie/TV Trailer,3,19,119146,9573
o4HL-y0PfQA,IN,Gaming,1,30,583217,15291
o4gYLWn97XQ,GB,Other,1,7,127699,4973
o5Cx6Js1_gc,GB,Movie/TV Trailer,1,17,20889,4272
o5tqQSIAz4o,GB,Other,1,9,1328127,47134
o5tqQSIAz4o,IE,Other,1,45,1332192,47166
o5tqQSIAz4o,US,Other,1,18,1346263,47384
o6Tbay5TLag,GB,Other,1,44,37023,538
o6UzHQ-i76U,IN,Music,1,24,203350,820
o76gSfVV_RA,US,Music,1,37,45773,5321
o7WecXSAsKk,GB,Music,1,36,275400,2084
o9NZzYt5bew,US,Other,1,45,144835,14810
oAD-ctZpbpA,IN,Gaming,1,47,730852,7379
oAIa_yw7ufE,GB,Challenge/Stunt,1,25,77039,12421
oAhZ0X7kxZI,GB,Other,1,32,99513,1644
oB2s9ghOWiE,US,Other,1,28,444178,12782
oBnMjcchiTY,GB,Other,1,11,62887,1935
oC4aeD66-Og,GB,Other,1,9,66829,1976
oC4aeD66-Og,IE,Other,2,20,112593,2763
oCEFZYCyyvc,GB,Music,2,4,32319,1401
oCd_rUWPP4Q,US,Other,1,42,99484,574
oEb1Ji6P1p0,GB,Movie/TV Trailer,1,20,71204,2232
oFZPpkyVh50,GB,Other,1,38,180676,8573
oFZU8glTHOs,IN,Movie/TV Trailer,1,40,29712,2584
oGD9zAXcTaE,IN,Other,1,21,99005,389
oGLEWwKEIBo,US,Movie/TV Trailer,1,10,0,0
oGTzddkcAV8,GB,Movie/TV Trailer,1,16,356831,11965
oGTzddkcAV8,IE,Movie/TV Trailer,6,16,522177,15430
oGTzddkcAV8,US,Movie/TV Trailer,1,10,362406,12064
oGprD5EgLD8,IN,Other,1,17,506443,28238
oHYiMHNuUUA,US,Other,1,40,295375,60267
oHp-hG9CO9o,IN,Movie/TV Trailer,2,17,626197,15265
oIQEo_P-jy0,US,Movie/TV Trailer,1,46,10719,757
oIaA9dpcF48,GB,Other,1,19,84466,5926
oIl7Yaeg2cs,IN,Movie/TV Trailer,3,13,117306,1261
oJNUDJbdxTk,US,Other,1,47,0,0
oK4eDrPQlQc,GB,Other,1,39,66863,1815
oKlXC0BYGx0,IN,Gaming,3,3,2140371,49431
oLy3IrtvG9s,US,Other,2,3,0,0
oMAQ-GuHKS4,GB,Other,1,12,168941,4309
oMb_4F9rqsI,US,Other,1,25,245196,12217
oMiv_wJqtLc,GB,Other,1,37,75392,4093
oNSYgAgEC5E,US,Other,1,43,129733,4762
oNrE_RiEGw8,GB,Gaming,1,15,348761,5868
oNrE_RiEGw8,IE,Gaming,3,27,738263,9679
oO1z4yTmKmk,GB,Challenge/Stunt,1,35,228492,23731
oOcaBd12Dv8,GB,Music,1,25,382679,12782
oPG9642roTI,IN,Other,1,22,198256,733
oPTeJsOKW_E,US,Music,1,49,267722,1252
oQSGKDOayAg,US,Other,1,20,792782,36356
oQcnjEH9ptk,GB,Other,1,38,272225,4556
oRIQmGJ_DHU,GB,Gaming,1,24,272454,32965
oRIQmGJ_DHU,IE,Gaming,2,36,478120,45982
oRIQmGJ_DHU,US,Gaming,1,36,286633,33820
oT2AFXPBtu0,IN,Other,1,35,838332,41748
oT5LwwEHgnc,GB,Music,2,16,443294,21332
oT5LwwEHgnc,US,Music,1,18,247589,14767
oTJSHLRYBhE,GB,Other,1,15,362777,16250
oTJSHLRYBhE,IE,Other,5,9,1156309,34379
oTJSHLRYBhE,US,Other,1,23,385472,16931
oTZ1UcF9XkE,US,Other,1,47,194232,14366
oU9Guk8tRDA,GB,Other,1,3,364698,31776
oU9Guk8tRDA,IE,Other,2,24,736449,50420
oU9Guk8tRDA,US,Other,1,32,378580,32817
oUfNx0qW2DA,IN,Gaming,2,23,904404,12862
oVrxMdkffNM,IN,Gaming,1,30,1118332,0
oWaavrhaH0I,GB,Other,1,22,154378,1068
oX9pLw1BeBk,US,Other,1,49,0,0
oY0F84RRMLI,GB,Music,1,40,152419,15750
oY0F84RRMLI,US,Music,3,13,401964,27330
oY4qlsP2FxY,GB,Other,1,49,92704,6559
oY4qlsP2FxY,US,Other,1,31,714221,25200
oYhaW-Vr4wg,GB,Movie/TV Trailer,2,2,985254,68822
oYhaW-Vr4wg,IE,Movie/TV Trailer,2,38,986013,68848
oYhaW-Vr4wg,US,Movie/TV Trailer,1,2,639648,55024
oYrq6DDKy4w,GB,Music,1,39,4631,524
oYxaTrKWqSE,IN,Sports,1,21,203196,491
oZ9lyWF_68Y,GB,Gaming,1,26,725602,17488
oZ9lyWF_68Y,US,Gaming,1,18,756555,18134
oZJIUYWFrNg,US,Music,2,9,124092,11677
oZYt90nPqkQ,US,Other,1,38,155684,5738
oZZVE9GAKY0,US,Other,1,47,421884,1427
oa4xE_MvL48,IN,Movie/TV Trailer,4,14,515787,10681
ob1Bmmnrh4c,US,Other,3,26,27316,1469
obRoSqnH1GI,IN,Gaming,1,21,775771,2660
obzFt8k0ieM,GB,Gaming,1,48,245186,4503
obzFt8k0ieM,US,Gaming,1,37,251631,4593
ocYLzGLgpoY,GB,Other,1,47,318416,20661
ocYLzGLgpoY,US,Other,1,18,341033,21396
ocnAUf9pagk,GB,Other,1,16,73224,8355
ocnAUf9pagk,US,Other,1,43,508783,16989
odt9deqLmng,GB,Other,2,7,64648,3841
oe-bhvLJNjc,GB,Music,2,10,776040,10246
oe-bhvLJNjc,US,Music,2,22,787452,10347
oeBlyRGfEHM,US,Other,1,31,262239,414
oewvCLqyWS0,IN,Gaming,1,24,875796,11508
of5bTzaYCLk,GB,Other,1,7,27545,1196
ofI7CPSvk60,GB,Other,2,1,802181,32172
ofI7CPSvk60,US,Other,2,4,810676,32321
ofimERMb1yY,US,Other,1,48,50022,1758
ofywN3NgGqY,IE,Music,20,19,9113904,123411
ofywN3NgGqY,US,Music,1,27,1315868,67177
og-HBHiAw5o,IN,Movie/TV Trailer,5,2,2548914,19915
ogSuGKEBQJc,GB,Other,1,48,281269,9762
ogSuGKEBQJc,US,Other,1,36,290580,9929
ohENF8wlWno,GB,Other,1,14,989415,64572
ohENF8wlWno,IE,Other,5,17,2713283,127074
ohENF8wlWno,US,Other,2,5,1772559,95478
ojVwnI6g1OE,GB,Music,2,31,297945,1104
ojjCvICC86c,GB,Movie/TV Trailer,1,20,891108,5936
ojjCvICC86c,IE,Movie/TV Trailer,10,5,9532984,15983
ojjCvICC86c,US,Movie/TV Trailer,1,16,912536,6030
okGWra33t4U,GB,Gaming,1,45,80665,3731
okPU7-ervOw,IN,Movie/TV Trailer,2,23,470442,5201
olH_K2cJolY,US,Other,1,35,199199,9870
olSAwDRx1F0,GB,Reaction,1,40,108427,5024
olXz8KC7TSA,GB,Other,2,3,1561351,58046
olXz8KC7TSA,IE,Other,4,3,2424860,75655
olXz8KC7TSA,US,Other,1,29,916233,41019
olcS3mal3Xs,IN,Other,1,13,625552,25979
omL2MOdC56w,IN,Other,3,24,420092,788
oo6n3hcJvNo,GB,Other,1,30,151074,3548
opUqP703oPw,US,Other,1,27,188738,4507
opgvDYmCb8k,US,Movie/TV Trailer,1,35,41711,2149
oqXk-CBbJD4,GB,Other,1,48,8187,1031
oqbKv4HomFA,GB,Movie/TV Trailer,1,23,53046,3967
oqnLLzWFteQ,GB,Other,1,37,18976,819
orFUF3JODsU,GB,Music,1,35,34812,1833
orPcvRdkaLk,GB,Other,1,35,32899,1931
orTzjjPGdAU,GB,Sports,1,31,11329,591
orU7rjk8ieY,GB,Movie/TV Trailer,1,32,58781,3621
orU7rjk8ieY,US,Movie/TV Trailer,1,32,60772,3674
orhVz-dIuZ8,GB,Other,1,15,180596,13550
osBcSyiHK8k,US,Other,1,36,371637,11024
osG6-S7n-TM,GB,Other,1,6,682932,51059
osG6-S7n-TM,US,Other,1,16,714882,52419
osPITgNaDLI,IE,Other,2,43,411993,5813
osPITgNaDLI,GB,Other,2,4,104759,1925
osZi2KsG7mQ,IN,Other,2,10,264497,1059
osqIpkef2lY,GB,Reaction,1,35,26194,1839
owDRqb9_2oE,US,Reaction,1,47,49400,3070
owUTk1jwCPw,GB,Gaming,1,21,48460,977
ox1Eemj8FDo,GB,Music,3,4,1409259,59428
ox1Eemj8FDo,IE,Music,15,10,7673892,79797
ox1Eemj8FDo,US,Music,2,7,880074,51749
oxJtijVjwhQ,IN,Challenge/Stunt,1,30,455260,7105
oxQlHeguDNA,IE,Challenge/Stunt,7,12,2315612,120232
oxcgVKrJey4,GB,Music,2,40,1259546,46325
oxcgVKrJey4,IN,Music,2,21,1265579,46393
oxvqOtFt-W4,IN,Movie/TV Trailer,2,25,120145,1921
oyD1ZsJbxL8,IN,Movie/TV Trailer,2,20,90661,6301
oyb6ZjpRPAI,GB,Movie/TV Trailer,1,46,10728,665
oytYBnWu5DA,GB,Other,1,39,509017,19504
oytYBnWu5DA,US,Other,1,36,528492,19876
ozkBuqpN4ik,GB,Challenge/Stunt,1,12,342770,5530
ozkBuqpN4ik,US,Challenge/Stunt,1,33,354230,5635
p--xk9n1eIM,GB,Music,1,22,156207,11779
p-EJ49OX7fw,US,Other,1,24,225490,11364
p-GZ5kb5M78,GB,Other,1,16,9815,733
p-dSzDYunL8,GB,Other,1,37,643614,27291
p-pIvEaQbJI,IN,Other,2,7,1536764,77407
p0ktK7TYD88,US,Movie/TV Trailer,1,25,74313,2363
p0o679-N9DI,GB,Other,1,15,730815,56940
p0o679-N9DI,IE,Other,2,21,1820589,105471
p0o679-N9DI,US,Other,2,6,1515229,94113
p16OVuM2tXs,US,Other,1,35,114361,9900
p2Cku-b-cyk,US,Other,1,3,0,0
p2EvneFEobo,US,Other,1,27,161788,11800
p39pdi5reYA,US,Music,1,11,53012,3996
p3uTrVanvvc,US,Other,1,25,25350,82
p4ahGSFTY-c,GB,Movie/TV Trailer,1,7,758412,94207
p4ahGSFTY-c,US,Movie/TV Trailer,1,14,786656,96191
p5d7y1cbWIk,GB,Movie/TV Trailer,2,5,323811,6516
p5d7y1cbWIk,US,Movie/TV Trailer,1,5,175830,4254
p6SPfKZy6tA,GB,Other,1,34,13666,310
p6mkClC4k_s,US,Gaming,1,33,114257,5025
p6o9n48KrPY,US,Other,1,40,0,0
p7-R9dL6bBU,GB,Movie/TV Trailer,1,26,17389,1086
p754runREoA,US,Other,1,47,0,0
p7zj_VDtmqw,GB,Other,1,43,73212,4693
p84WQBfb1L4,GB,Music,1,13,90121,94
p8uphvL9oiA,GB,Movie/TV Trailer,1,35,90536,2293
p9u3P2O2Y_U,GB,Other,1,41,20101,290
pA-ui8LGYrk,GB,Movie/TV Trailer,1,23,27377,1172
pAGTm1r3rMk,GB,Gaming,1,39,780066,13906
pAGTm1r3rMk,US,Gaming,1,34,795330,14074
pAin_LLsRHA,GB,Gaming,1,36,563864,20860
pB3W-k0kQ8U,GB,Other,1,39,798188,0
pBBzHlW8_lU,US,Other,1,45,0,0
pBJ5oV-0lmc,US,Other,1,9,416602,22700
pBZtXDs_ij8,GB,Gaming,1,28,212050,2175
pBZtXDs_ij8,US,Gaming,1,41,212099,2175
pBcPpXJUJpw,IN,Other,2,13,305527,608
pBpr9TnhhkE,GB,Other,1,1,2482494,100769
pBpr9TnhhkE,US,Other,1,9,2544679,101646
pBvd9k1MSNU,IN,Music,1,27,620303,7758
pCSSOxBbRTc,GB,Movie/TV Trailer,1,20,55317,4672
pCTetDIS72c,US,Gaming,1,41,139704,11620
pCrW_hYbHaw,GB,Gaming,1,6,259937,3870
pDg0xYtPkcs,US,Other,1,40,171983,4362
pERhXgUsyZ8,GB,Other,1,9,616616,39772
pERhXgUsyZ8,US,Other,2,9,1120739,59281
pFL3HxQVXeU,GB,Movie/TV Trailer,2,8,229193,12729
pFL3HxQVXeU,US,Movie/TV Trailer,1,19,231701,12775
pFdy_TbtsAE,GB,Other,1,34,21530,1628
pGlhwT00KMA,IN,Sports,2,33,261927,17318
pHb5jkLUSSg,GB,Music,1,6,7449,632
pI9D6RfnS1I,IN,Other,2,4,70888,659
pIYT1k6mf-Y,US,Other,1,42,113227,192
pJ-EvfaWAqo,US,Gaming,1,44,164577,6932
pJ0StErUAU8,US,Other,1,13,0,0
pJBcpFKSUGQ,GB,Other,1,32,25065,461
pJmbYhaInAM,IE,Music,6,22,1002493,2799
pKeSTE8kXMk,GB,Challenge/Stunt,1,12,1020208,60952
pKeSTE8kXMk,IE,Challenge/Stunt,1,33,1028838,61231
pKeSTE8kXMk,US,Challenge/Stunt,1,18,1066932,62765
pLQQBqsSsDs,US,Other,1,36,0,0
pMDVrprUe4s,GB,Other,1,19,6134,685
pN-CxwDQ9BM,IN,Gaming,1,17,561531,5763
pNhijtUqyeg,GB,Movie/TV Trailer,3,8,479982,25690
pNhijtUqyeg,IE,Movie/TV Trailer,7,26,541328,28221
pNhijtUqyeg,US,Movie/TV Trailer,3,11,481028,25705
pOX3aI3BAnI,GB,Gaming,1,17,439108,13919
pOX3aI3BAnI,US,Gaming,1,20,450695,14208
pPdT9Kl1fvY,IN,Gaming,1,46,341398,5701
pPw5oO-g5lM,US,Reaction,1,40,48055,1885
pPy4qcgjdmY,US,Other,4,7,498071,26305
pQ65pizgD9I,GB,Other,2,10,130432,12701
pQ65pizgD9I,US,Other,2,39,133029,12805
pR9J50iZQ84,GB,Other,1,45,35213,1676
pRDjwfZMBDY,IN,Other,1,39,240051,11004
pSFR4YHxvYE,IE,Music,7,16,10813,292
pSev1SOSZA0,GB,Other,1,32,310164,7137
pSpiob9D_7I,GB,Other,2,3,3355715,108465
pSpiob9D_7I,IE,Other,13,3,5248051,135222
pSpiob9D_7I,US,Other,1,50,2611644,94056
pStG0lAYRys,GB,Music,2,19,1026990,4353
pSzeG9EZTFw,IN,Other,1,6,2626213,77232
pTGHFFWOdbc,GB,Other,1,30,223298,1181
pTSlF4wosaQ,GB,Other,1,49,248165,9926
pTSlF4wosaQ,US,Other,1,48,263002,10306
pTXPY3viAJU,GB,Other,1,26,345753,10498
pTXPY3viAJU,IE,Other,3,27,639697,15059
pTXPY3viAJU,US,Other,1,20,362027,10698
pT_E91REZrU,GB,Other,1,36,29825,1068
pTgTCmW63qg,IN,Movie/TV Trailer,3,22,922505,724
pUrueVYIbX4,US,Gaming,1,25,348773,2360
pUx4V5Iflwk,GB,Music,2,4,146452,346
pVCSn4d32Cc,GB,Sports,1,35,5231407,0
pVUb72cfrWM,US,Other,1,14,171470,8111
pVkXGlzm44M,IE,Other,1,44,467503,15209
pXPHezTuI8E,US,Other,1,33,184343,15329
pXQ-rZg7P-4,GB,Gaming,1,23,274271,29459
pXQ-rZg7P-4,IE,Gaming,2,23,416300,38163
pXQ-rZg7P-4,US,Gaming,1,49,281153,29787
pXT1jGF-ljo,US,Movie/TV Trailer,2,19,133785,8196
pXqSRj-JEkA,GB,Movie/TV Trailer,1,23,279725,18354
pXqSRj-JEkA,IN,Movie/TV Trailer,1,32,280630,18367
pYpHQA261Fo,US,Other,1,40,0,0
pZ-4sAdRcOQ,GB,Other,1,30,779331,9719
pZ-4sAdRcOQ,US,Other,1,32,795993,9876
pZ4MUov1rUg,IN,Reaction,1,46,22689,1004
pZVsb-abK8I,US,Other,1,33,449182,14634
p_sZQG6VjdQ,GB,Movie/TV Trailer,1,32,42113,2962
pa23Ow8MD3Q,US,Other,1,29,158791,7136
paGe9cfIdTY,GB,Movie/TV Trailer,1,14,165242,5329
paGe9cfIdTY,IE,Movie/TV Trailer,5,40,258875,6678
paGe9cfIdTY,US,Movie/TV Trailer,1,14,167486,5364
pb3Nb7Q5nig,GB,Gaming,1,44,360640,17888
pbIJcjbwWb4,GB,Other,1,25,28248,1426
pbTb62YUGFE,GB,Other,1,4,60939,705
pbTb62YUGFE,IE,Other,4,37,228429,2118
pbZyimyljvk,GB,Other,1,30,119391,12202
pbaA1jjMtSE,GB,Other,1,12,367643,17819
pbaA1jjMtSE,IE,Other,1,42,368920,17868
pbaA1jjMtSE,US,Other,1,48,378184,18157
pcC_vcmB3U4,GB,Other,2,37,96956,10214
pdBBKaZG48I,GB,Movie/TV Trailer,1,22,72230,2481
pdBBKaZG48I,US,Movie/TV Trailer,1,34,76859,2611
pdMYHINx5q4,GB,Music,1,13,98661,4714
pdkDFYyuRKU,IN,Other,3,13,467641,2642
pdmRvcltCt8,IN,Music,2,28,435913,1875
pf0BSAbAsls,IN,Other,3,10,1145726,3961
pfrIlbYiSaU,GB,Other,1,18,387744,37006
pfwB35QdNMU,IN,Movie/TV Trailer,2,38,115209,1898
pgGThZitPis,GB,Gaming,2,3,6798564,248915
pgGThZitPis,IE,Gaming,10,9,9570187,276045
pgGThZitPis,US,Gaming,2,3,6819662,249287
pgMw3AtFM8Q,IN,Gaming,1,41,326467,24706
phgMC5rig_Y,US,Music,1,45,278208,16979
piZvyD0Ilv4,GB,Gaming,1,42,214534,3719
pjYD_WNQWlo,US,Other,1,42,254400,3703
pmg8YSQVmJU,US,Gaming,1,18,291088,2438
pmsCDLSxb28,GB,Gaming,1,27,222163,2908
pnxvcaBhXzU,US,Other,1,13,80694,3654
poo7bc1Y9tU,IN,Other,1,43,47830,183
pou7ntVv0os,IN,Music,1,39,224689,3865
povZx9J8oec,GB,Music,1,7,477907,30994
povZx9J8oec,IN,Music,4,7,1327858,56313
ppPWhnKonhQ,US,Challenge/Stunt,1,15,419049,14724
ppSKZBdA6Og,GB,Movie/TV Trailer,1,43,122279,2229
ppzv0ptIoO8,IN,Gaming,2,12,394311,4913
pqhwOWXt63Q,IN,Gaming,2,12,1095618,15665
prG-8h_TUlU,GB,Music,1,35,55589,2771
prdjv5IWPWY,IN,Movie/TV Trailer,2,17,188195,3175
prgi9DELhjc,GB,Movie/TV Trailer,1,14,367429,26891
prgi9DELhjc,US,Movie/TV Trailer,1,8,369909,26970
prjA72qZU8U,IN,Gaming,1,24,892157,2306
psmNR1gjf5M,GB,Sports,1,30,63692,2479
ptMs9swuXgQ,US,Other,1,42,222558,8642
ptYQRYYw27s,US,Other,1,21,101004,1957
ptlsli-QXXc,GB,Music,1,44,1545190,56532
ptlsli-QXXc,IE,Music,18,22,4369222,96205
ptlsli-QXXc,US,Music,2,18,1869773,63622
pu2ObP74Rvk,GB,Gaming,1,21,310026,10071
pu2ObP74Rvk,IE,Gaming,3,27,541719,13985
pu2ObP74Rvk,US,Gaming,1,12,325398,10274
pu7u12ng2z0,GB,Gaming,1,45,81734,4717
pw1xJqfoSJA,GB,Sports,1,18,127078,3015
pwJRJ40bzBA,IN,Gaming,4,3,4207793,79283
pwLdpAhGpvE,IN,Gaming,1,17,864787,2132
px9AwXq2_lA,IN,Gaming,4,3,5793728,211809
px9YlP7n-N4,IN,Movie/TV Trailer,1,37,36450,2796
pxbEWUjh6E4,GB,Movie/TV Trailer,2,35,678855,33525
pxbEWUjh6E4,US,Movie/TV Trailer,1,20,380255,23444
pxmHb8uL2Rw,IN,Gaming,1,47,296019,1089
pxtQ1oKmhds,GB,Movie/TV Trailer,1,43,33301,969
pymiBl59Kow,GB,Movie/TV Trailer,1,11,114072,3883
pymiBl59Kow,US,Movie/TV Trailer,1,2,122732,4025
pzWE9xOXrbA,IN,Gaming,1,24,1511133,5490
q-0sS4Ql1jI,US,Other,1,43,0,0
q-TngZqHF_I,GB,Movie/TV Trailer,1,2,51234,1933
q-TngZqHF_I,US,Movie/TV Trailer,2,2,76074,2468
q-ZnUPGiljA,IN,Other,1,42,520037,4040
q0HgBvR_G4E,IN,Gaming,1,36,1562371,4878
q13K2ah2B1A,US,Other,1,26,0,0
q1KQN_pZ2zc,GB,Other,1,15,481135,3522
q1KQN_pZ2zc,US,Other,1,15,483954,3545
q1OZDpk-GBs,IN,Other,2,6,2002307,54224
q1TaMnMA4gg,GB,Other,1,33,182421,7756
q1WAxN14tv0,IN,Gaming,1,28,1030374,3824
q21jZaUOa4Q,GB,Movie/TV Trailer,2,26,658958,49477
q2wGtZc9Gf4,GB,Music,1,24,240721,25963
q2wGtZc9Gf4,US,Music,2,12,369949,30362
q2xzq-qRkTs,US,Other,3,27,299968,9548
q3F9dcorlsY,GB,Other,1,23,148434,16336
q3F9dcorlsY,US,Other,1,8,150916,16463
q3RgqVoPJwY,GB,Other,1,40,43368,8899
q3RgqVoPJwY,IN,Other,2,25,668118,31309
q471Cv_o6-4,GB,Other,1,45,178846,5243
q4A1X_hzfVE,GB,Other,1,48,270246,1626
q4LFIDqWddU,US,Other,1,40,296089,11074
q4N6Qm7cJ9c,GB,Other,1,40,191112,110
q4OOAXNwZhM,IN,Gaming,1,25,412507,14432
q4lU1N3oqYQ,GB,Music,2,31,346750,34898
q4lU1N3oqYQ,US,Music,2,16,349890,35071
q5HK8lXE_aE,GB,Music,1,13,1554763,20766
q5HK8lXE_aE,IN,Music,3,4,3710913,58065
q5nsBKvCTPU,US,Music,1,15,35389,1726
q6P2Bbic4mo,US,Other,1,25,6677,1608
q6m3yYe7QSo,IE,Other,1,36,890705,43605
q6m3yYe7QSo,US,Other,1,21,352126,21903
q7E6QEN9Bck,GB,Music,1,49,57559,221
q7MK5ghgl1w,GB,Movie/TV Trailer,1,20,70143,15430
q7MK5ghgl1w,US,Movie/TV Trailer,2,19,305797,31609
q7eCLUxm5b0,US,Other,1,12,191102,9033
q7oEVbldR3s,US,Other,1,14,348585,16156
q7yPiZSikF4,US,Other,2,3,420797,11213
q8QnRcTleS0,US,Sports,1,49,476425,21216
q913ZrsJeug,GB,Reaction,1,26,27235,2299
q913ZrsJeug,US,Reaction,1,26,28817,2358
q99K96INBu8,GB,Music,1,18,230582,942
q9H_Dr9Hxb0,GB,Other,1,45,26871,1421
qBJiqPstD0o,IN,Reaction,1,11,198584,17726
qBYXTjzqutw,GB,Other,1,27,310318,4674
qBYXTjzqutw,US,Other,1,48,316165,4745
qBbWGtnutoY,GB,Movie/TV Trailer,2,5,49020,718
qBfumFLB_Rw,US,Other,2,13,135118,7284
qC7r91fV5Yo,US,Other,1,30,359101,17181
qCCnZbRJKtw,GB,Other,1,47,11703,659
qCfxsJa830I,US,Other,1,29,0,0
qCvsWZAzfxw,GB,Gaming,1,45,161175,4017
qDKDqTAzEKs,IN,Movie/TV Trailer,1,35,3028104,433712
qEJRt7IZWVM,GB,Gaming,1,36,290160,10299
qENUMQ3lKpM,GB,Challenge/Stunt,1,24,241828,7134
qENUMQ3lKpM,IE,Challenge/Stunt,1,42,243265,7154
qENUMQ3lKpM,US,Challenge/Stunt,1,6,252546,7295
qFAGf8Y_xFU,US,Other,1,3,0,0
qFaECwbvF44,GB,Music,1,42,8783,2027
qFvQt_gTjvY,US,Gaming,1,48,172539,9022
qGmgQX9NCAU,GB,Other,1,34,79364,380
qHXzvE_HFv8,US,Sports,1,16,0,0
qI-fxJM8rSM,GB,Movie/TV Trailer,1,32,210569,13931
qI-fxJM8rSM,US,Movie/TV Trailer,1,31,216073,14097
qIPQVdscfac,US,Music,1,29,131221,8356
qIU6nQzu0zo,IN,Other,1,22,105278,575
qIVHRY3IIRk,US,Other,2,36,370273,3011
qJ2XLckOpZo,US,Music,2,21,590834,640
qJBm1n8JUZ8,GB,Music,2,7,198894,21204
qJBm1n8JUZ8,US,Music,2,27,202129,21358
qJl64bIfp34,GB,Other,1,42,203656,3919
qKUW51BOJy8,GB,Other,1,25,178576,27580
qKUW51BOJy8,US,Other,1,19,60406,14970
qKsNKW0FB2g,US,Other,2,1,94165,8929
qLNq-kri44A,IN,Other,1,46,114425,534
qLalJpil7y0,GB,Other,1,24,153585,6267
qMbT7j4mGXM,IN,Sports,1,30,535676,1808
qNJ03-ky1Qg,IN,Gaming,1,44,355809,2215
qNzhiMqtdDU,US,Other,1,46,97391,5894
qORTe1wW3Wg,GB,Movie/TV Trailer,3,2,3676805,96671
qORTe1wW3Wg,IE,Movie/TV Trailer,12,2,4427275,106308
qORTe1wW3Wg,IN,Movie/TV Trailer,3,10,3678714,96686
qORTe1wW3Wg,US,Movie/TV Trailer,3,2,3685972,96796
qPCjT23Ya2s,IN,Music,1,36,282152,15765
qPbrCMDtqaI,GB,Music,1,45,41055,1828
qPl13Un5Ygw,GB,Other,1,21,238169,11219
qPl13Un5Ygw,US,Other,1,40,256546,11744
qQ6bFLZqOFg,GB,Other,1,10,42308,3736
qQDW3L4V3Ko,US,Other,1,30,0,0
qQM4tOKiUAc,GB,Other,1,15,202667,13618
qQM4tOKiUAc,IE,Other,2,30,306342,17636
qRAJowgHqxA,GB,Music,3,1,2145768,192038
qRAJowgHqxA,IE,Music,15,13,7170875,323502
qRAJowgHqxA,US,Music,2,7,1555351,160993
qRNXrz_MyFw,GB,Music,2,16,1111310,82804
qRNXrz_MyFw,US,Music,2,1,1118208,83092
qRWesy9fWfM,IN,Other,1,38,667628,63608
qSGgcw3Yo6U,GB,Music,1,19,163255,18039
qSGgcw3Yo6U,US,Music,1,23,168233,18324
qSinkXC6GBY,IN,Movie/TV Trailer,4,2,1213851,27381
qSjq0JSbz14,GB,Movie/TV Trailer,1,2,996385,55641
qSjq0JSbz14,IE,Movie/TV Trailer,8,8,1308210,61981
qTZbaWh-oZw,US,Other,1,45,103605,12474
qTnoTzy_uoU,IN,Movie/TV Trailer,1,17,264734,9806
qUdaE3clNjw,GB,Gaming,1,37,323551,4819
qUvrghHQsuE,IN,Other,2,21,344492,3232
qVMQxfOaRsc,IN,Other,1,13,103633,461
qVk-tcCqcjY,GB,Movie/TV Trailer,1,11,426709,19710
qVk-tcCqcjY,IE,Movie/TV Trailer,5,41,1090485,34484
qVk-tcCqcjY,IN,Movie/TV Trailer,3,23,919508,32435
qVk-tcCqcjY,US,Movie/TV Trailer,1,11,449454,20469
qWAuh2zvdsI,IN,Other,2,16,732035,2776
qWSGdwHeKD4,GB,Movie/TV Trailer,1,35,312457,13958
qWSGdwHeKD4,IN,Movie/TV Trailer,3,5,527187,19917
qWkP6ouQn1g,GB,Music,1,30,3096,389
qXa5KYwa1zk,IN,Other,1,45,104940,293
qYd6A8jZCIU,IN,Other,2,16,81352,587
qYh2rgxbTME,IN,Gaming,2,5,1327172,17786
qZtonlwL5kQ,US,Other,1,10,29981,5193
q_B0fTQwmqs,GB,Other,3,7,62085,2409
q_GmLZD5RWE,GB,Other,1,36,90566,2023
q_kdO12nVis,GB,Gaming,1,30,354285,9274
q_kdO12nVis,US,Gaming,1,32,382441,9351
qaWfSCTwbDA,IN,Reaction,1,47,18219,1484
qb00PDb7eqM,GB,Movie/TV Trailer,2,5,905962,30804
qb00PDb7eqM,IE,Movie/TV Trailer,7,29,1186231,33963
qb00PDb7eqM,US,Movie/TV Trailer,2,5,910871,30871
qblIlzfitKY,IN,Gaming,3,9,2550273,218223
qblVj_HD6Kk,IN,Movie/TV Trailer,1,43,88601,5907
qbuSZDkhto8,US,Gaming,1,38,172288,2975
qcDVIDL7BMo,IN,Other,2,23,205487,6804
qcWLfmu8V0c,IN,Other,2,48,216689,846
qd-4YeR-gTI,US,Gaming,1,28,202912,8642
qdCGwbkqpoU,IN,Music,1,33,160283,538
qdHGDsSYiQE,GB,Movie/TV Trailer,1,29,162706,17730
qddI2vN5YkQ,US,Other,1,49,0,0
qeDkljwxD1I,US,Other,1,23,223791,21130
qfBHKrQE3vI,GB,Other,1,21,584334,42757
qfBHKrQE3vI,IE,Other,1,42,591737,42971
qfBHKrQE3vI,US,Other,1,17,618906,44102
qfNuJlD-3Bc,US,Other,1,3,0,0
qfclX9fSA2c,IN,Movie/TV Trailer,4,14,239388,8261
qfnUiAxUE9s,IN,Movie/TV Trailer,4,5,1758480,22086
qh-fXqRcUQ8,GB,Reaction,1,11,73587,2776
qhfOAm5Q-o8,GB,Movie/TV Trailer,1,34,119655,977
qhmWM3uXPAU,US,Other,1,13,64478,4093
qhoczFmqo6I,IN,Other,4,4,720379,31206
qiS6TWj4nV0,US,Movie/TV Trailer,1,43,109822,2419
qieS1ayJIwU,IN,Challenge/Stunt,2,9,730112,10156
qk0HtzvqWCo,US,Other,1,25,0,0
qk6nZI4bLgA,GB,Other,1,44,206504,4109
qkH90JFOHno,GB,Gaming,1,45,234278,8539
qkH90JFOHno,US,Gaming,1,35,250048,8829
qki8O42Ct1w,GB,Music,2,4,419755,26582
qki8O42Ct1w,US,Music,1,24,157747,12579
ql7NJC1vThg,IN,Gaming,1,24,150916,3591
qm-PtXQOL-E,GB,Music,2,19,224517,15230
qm-PtXQOL-E,US,Music,2,18,227140,15262
qmpT-mH1NLs,IN,Gaming,1,15,1869472,5185
qn2n_fvYZ6Q,GB,Music,1,25,174411,415
qnYZhOKYxmc,US,Other,1,30,0,0
qoOsiMKf2_Q,US,Other,1,19,154538,414
qob9pNUF8Tk,IN,Movie/TV Trailer,1,49,33041,2735
qom64jcGd08,IE,Gaming,4,14,1693806,4063
qoyWfmOwnzk,GB,Other,1,47,335224,11428
qpcz3-iDUP8,GB,Other,1,19,471552,71313
qpps4cX-YKI,GB,Gaming,1,24,162787,2778
qpqvJfmoQwk,GB,Other,1,42,24384,256
qqYPe6NUrcQ,IN,Other,1,41,660177,29047
qqsF4djTa6k,GB,Other,1,41,223271,5197
qresYv8AuzI,GB,Movie/TV Trailer,1,44,75535,5454
qriWSK376U0,GB,Movie/TV Trailer,1,32,80394,1258
qrijYo_b8AU,GB,Other,1,18,441207,25844
qrijYo_b8AU,IE,Other,1,42,443162,25951
qrijYo_b8AU,US,Other,1,24,461377,26626
qsKSfCCxrnk,US,Other,2,16,179814,10085
qsr167LomYg,IN,Gaming,2,18,1098315,20951
qtURkKZinls,US,Gaming,1,21,201597,16777
quwvnivimx8,GB,Movie/TV Trailer,1,44,44135,886
qv2XEkC3oTU,IN,Movie/TV Trailer,2,29,31658,2244
qv3Kq_a9h-c,IN,Gaming,1,41,699503,41644
qxsTh69MmcU,IN,Other,2,22,463894,2029
qyrrocK2JcA,US,Other,1,47,114680,7661
qzUeIVmX4-0,US,Music,1,19,159131,298
r-7HT1hbLWk,US,Other,1,44,0,0
r-lkiPk47O0,US,Other,1,34,282886,9278
r-ywkdqDCNw,IE,Gaming,1,24,796878,1307
r0QIuf8WsXw,GB,Other,1,45,432003,24998
r0QIuf8WsXw,US,Other,1,12,442254,25277
r0VaMY0oZBM,US,Movie/TV Trailer,2,14,219022,4186
r0w5GCfFsTU,US,Other,3,18,294545,16423
r1GaJcyLUw4,IN,Other,3,15,1218728,9061
r1TR3bbUdIk,IN,Music,1,45,34289,10967
r2LL_3Ng1oM,IN,Gaming,1,44,291573,6872
r2_9tKih1GM,IE,Other,1,47,183887,16300
r2u5Y5lrLB8,GB,Movie/TV Trailer,1,23,142177,13746
r2u5Y5lrLB8,US,Movie/TV Trailer,1,32,146615,13968
r3DkokUi3ek,US,Sports,1,45,0,0
r4auxPbAmP4,GB,Other,3,3,2803197,94998
r4auxPbAmP4,IE,Other,14,3,4265686,118002
r4auxPbAmP4,US,Other,1,23,1025971,50498
r4raE18fb3k,IN,Gaming,1,12,820992,2201
r5szlmd7wbw,IN,Other,1,45,95812,534
r70AWJ-zJS4,GB,Movie/TV Trailer,2,17,127921,7538
r70AWJ-zJS4,US,Movie/TV Trailer,2,11,130117,7592
r72HP2M_ki8,GB,Movie/TV Trailer,1,47,32654,287
r7tBA5pgwyE,GB,Other,1,18,553995,39653
r7tBA5pgwyE,US,Other,1,23,574588,40585
r8JlPxr5AwY,GB,Reaction,1,47,42775,1752
r8lVDl85qyE,GB,Music,2,13,2340402,48592
r8lVDl85qyE,IN,Music,5,1,4871521,71748
r9HVAbzHLVQ,GB,Sports,1,9,366524,4459
r9HVAbzHLVQ,IE,Sports,2,39,605290,6002
r9HVAbzHLVQ,US,Sports,1,18,377984,4520
r9SHWA9bF0w,US,Music,1,16,156016,9949
r9Yd-kVP1hA,IN,Other,1,25,489284,1725
rA6moFBEBI0,IN,Movie/TV Trailer,2,5,339991,7081
rAE2y9Y3EV8,GB,Other,1,28,596429,61268
rALHdHIhK1U,IN,Movie/TV Trailer,1,11,378948,13659
rAbGmzp1kUM,IN,Music,2,10,920890,53337
rAosVzF0e9o,US,Other,1,34,59528,2381
rBfOsFA3EKk,IN,Other,2,3,1710924,45588
rDD6z-12wdI,GB,Gaming,1,39,207407,3930
rDKIpWGSzVI,GB,Other,1,21,260538,4910
rEaN_XuLp2I,GB,Movie/TV Trailer,1,5,56023,12896
rEaN_XuLp2I,US,Movie/TV Trailer,1,2,69697,13906
rF06qNw40kA,GB,Other,1,3,98167,7381
rF7rOYp2j2U,GB,Reaction,1,37,132157,13336
rF7rOYp2j2U,US,Reaction,2,22,208024,17522
rFOdIv1jwhc,GB,Movie/TV Trailer,2,8,11468789,83620
rFOdIv1jwhc,IN,Movie/TV Trailer,6,2,15270992,109304
rFW1aK3eZdw,IN,Movie/TV Trailer,2,43,55528,0
rGHdj237mXs,GB,Movie/TV Trailer,1,44,64621,2346
rGHdj237mXs,US,Movie/TV Trailer,1,49,65711,2368
rHo-7CuHWxU,GB,Sports,1,20,244204,6953
rHo-7CuHWxU,US,Sports,1,26,257362,7160
rIBhV-B4Ihk,IN,Movie/TV Trailer,3,8,137688,8584
rID2DunIvA0,IE,Challenge/Stunt,4,24,1108465,9126
rIEQhjruQ_Y,IN,Gaming,2,41,388716,1958
rIFdakLVMJQ,GB,Movie/TV Trailer,2,8,337266,7916
rIFdakLVMJQ,IE,Movie/TV Trailer,4,47,411636,8837
rIFdakLVMJQ,US,Movie/TV Trailer,2,10,339106,7928
rJSmz-zhDxE,GB,Movie/TV Trailer,2,5,4565583,18940
rJSmz-zhDxE,IE,Movie/TV Trailer,11,23,6887859,29807
rJSmz-zhDxE,US,Movie/TV Trailer,1,2,2095666,13308
rJrqHyojaa4,GB,Movie/TV Trailer,3,2,904457,54785
rJrqHyojaa4,IE,Movie/TV Trailer,5,19,1044238,57857
rJrqHyojaa4,US,Movie/TV Trailer,3,2,908838,54868
rMcyZwUsn34,GB,Movie/TV Trailer,1,43,128367,2572
rMcyZwUsn34,US,Movie/TV Trailer,1,34,137678,2655
rN9viJlnir4,GB,Movie/TV Trailer,2,5,1277684,99705
rN9viJlnir4,IE,Movie/TV Trailer,2,38,1280242,99763
rN9viJlnir4,US,Movie/TV Trailer,3,2,1478187,109139
rNDwpO1toCQ,GB,Music,1,16,187758,21268
rNDwpO1toCQ,US,Music,1,13,191230,21424
rNEaRGDsmGg,US,Other,1,45,49335,566
rNRqTn5zkjw,IN,Gaming,1,48,612427,11209
rOOvRI7ZwwU,US,Other,1,26,557146,22571
rOP5J3WZ9aw,US,Other,1,27,361847,9618
rPZw29Zh6Oo,IN,Movie/TV Trailer,3,8,8612839,77025
rQ4teuASwqE,IN,Gaming,1,47,358514,23679
rQFllQutBkw,IN,Movie/TV Trailer,2,40,154786,3624
rQVIx8om-_0,IN,Other,2,9,1204953,55016
rQmLoiXRU9k,GB,Music,1,21,91519,377
rQmLoiXRU9k,US,Music,2,6,92383,381
rR5aqirX9Js,GB,Other,1,40,262974,8553
rR5aqirX9Js,US,Other,1,35,275702,8757
rRQ8oKCoYrQ,GB,Movie/TV Trailer,1,14,7094815,50280
rRQ8oKCoYrQ,IN,Movie/TV Trailer,5,5,12150783,92924
rRfzYsvNKgc,GB,Other,1,48,154355,15542
rRkAjxAagTg,GB,Challenge/Stunt,1,45,593023,18263
rSkzBLfji_o,US,Movie/TV Trailer,2,16,140694,2091
rTCPTRuloa8,IN,Other,1,45,86497,4343
rThs80jODmo,GB,Music,1,28,1775153,14292
rThs80jODmo,IN,Music,1,39,1778969,14322
rTornXh-228,US,Other,1,46,0,0
rUCHjY5pLx0,IN,Sports,2,15,358737,3756
rUN-t_tfPws,GB,Gaming,1,38,1047570,7311
rUR0LESyCbo,GB,Other,1,49,132803,1641
rUm8C5R7QKE,IN,Movie/TV Trailer,1,23,60265,1095
rVD-zV6ctoM,GB,Music,1,1,656203,33796
rVD-zV6ctoM,US,Music,2,4,1535019,55012
rVDpzupn3mc,IN,Gaming,2,9,1212451,66176
rVlX14WV3uA,IN,Sports,2,29,241863,501
rW9gqjRafas,IN,Gaming,1,38,355929,9111
rWi8H-18ACA,GB,Other,1,11,229479,6174
rXW-tsUThO8,GB,Music,1,22,5705,525
rYjTYtz0PLE,GB,Other,1,43,23630,2063
rZdIfi7LShk,GB,Other,1,27,198181,10428
rZdIfi7LShk,US,Other,1,6,225391,11009
rZpNdry9N7c,GB,Other,1,19,89386,4378
r_DsF5a7cqo,GB,Other,1,47,157414,6159
r_FOF0UTAlM,GB,Music,1,37,205288,2866
r_gZrgUqHsk,US,Gaming,1,18,279261,15483
racfhiO2XWc,GB,Music,1,25,11504,769
ranFLVt6LTc,IN,Movie/TV Trailer,1,35,143083,3444
rbBAhgj24NM,US,Other,1,24,447216,22660
rbCzinBjQ-k,IN,Other,3,10,1757383,9177
rbS5lAMCLbk,GB,Gaming,1,46,368278,231
rc0o0ooaxDc,GB,Other,1,49,379365,18445
rc0o0ooaxDc,US,Other,1,49,388031,18673
rcp-j0StBR0,GB,Movie/TV Trailer,2,8,233256,7818
rd5cZGwHk08,GB,Movie/TV Trailer,2,14,127375,409
rdtZQ0RBOk0,IE,Other,2,32,8840,0
re9K6NIWEco,GB,Other,1,6,197312,10248
rf9mD2pa_4M,IN,Gaming,1,32,317819,3166
rfza9kCybEs,GB,Other,1,4,1493957,53075
rfza9kCybEs,IE,Other,1,25,1508337,53245
rfza9kCybEs,IN,Other,1,4,1519079,53266
rgqGzLXTMcU,GB,Gaming,1,14,1233160,42288
rgqGzLXTMcU,US,Gaming,1,20,1264168,42861
rhQ2Mw2PcxQ,IN,Movie/TV Trailer,1,44,107607,7486
rhXgGIrLefU,IN,Other,1,31,297820,2434
rhpKtgc0k0E,IN,Movie/TV Trailer,2,26,118644,6539
rifWI6ImZys,IN,Other,1,39,128994,636
rlYYMxco2Xw,IN,Sports,1,44,146230,237
rmYlAgjPv74,IN,Gaming,1,17,496199,6415
rmx7CYtSr1c,GB,Movie/TV Trailer,2,13,192001,1729
rmx7CYtSr1c,US,Movie/TV Trailer,2,20,196133,1756
rn31TpwpEE4,GB,Music,1,31,172141,2084
rnLplCc4IhY,GB,Other,1,30,235235,14563
rnjGx5jZ0X0,GB,Other,1,15,479804,3830
rnjGx5jZ0X0,IE,Other,3,39,487700,3886
rnjGx5jZ0X0,US,Other,1,34,480367,3832
roeqduFcn68,IN,Other,2,12,566820,4765
rp8uWQqv7ZY,IN,Music,3,10,759124,4346
rr31PEHNPuo,GB,Other,1,45,235722,12165
rr31PEHNPuo,US,Other,1,21,251362,12602
rr3aJSpOS2o,US,Reaction,1,29,123636,4890
rs2GJSPKilg,IN,Gaming,2,13,275798,861
rs4MwK6iGKU,GB,Other,1,47,449256,31767
rs4MwK6iGKU,IE,Other,2,33,1274478,61838
rs4MwK6iGKU,US,Other,1,17,499537,32806
rs6ML6pg4xA,GB,Gaming,1,27,351822,2789
rsk5I9rDVFY,US,Sports,3,1,594574,45185
ruKKAgN-lAU,GB,Other,1,24,141478,8007
rveGfI6PjUQ,GB,Movie/TV Trailer,1,17,33856,818
rvhz6wNo8vw,US,Other,1,3,0,0
rw6uJU6JxE0,US,Other,1,3,2850282,51308
rw7PqrBzn90,IN,Other,3,1,1214773,23040
rwFrwguzR50,US,Other,1,41,103470,6727
rwI4wCkg91U,US,Other,1,47,0,0
rwa_R6MnLLY,GB,Gaming,1,43,1544855,40512
rwa_R6MnLLY,IE,Gaming,4,21,3124972,67613
rxZFvD28Ub0,GB,Sports,2,39,1089214,7348
rxyNUVQQOz8,US,Music,4,22,58195,2955
ryB_HNqTEco,US,Other,1,10,114039,21767
ryOIwJYA5Kc,IN,Other,2,19,371343,9821
rydp5C5QsPQ,US,Movie/TV Trailer,1,49,75090,2008
rz6JvjDwZo4,IN,Other,1,24,588333,53718
s-3BlDFbmrQ,GB,Other,1,34,46033,6451
s-SElNC5ECc,US,Other,1,42,0,0
s0AARGag3YU,IN,Movie/TV Trailer,4,2,1046757,21622
s0MBvJov74I,IN,Movie/TV Trailer,2,11,306247,3120
s0SLT1_1opY,GB,Movie/TV Trailer,1,11,19841,553
s12PGqJte4I,GB,Other,1,34,345166,7047
s1ANpMtNKks,IN,Gaming,1,39,1217320,2473
s1H7_GhkdWI,IN,Music,3,7,1116426,40604
s1OV3oE5dsM,IN,Movie/TV Trailer,1,31,12976,209
s1d-912Ox6w,GB,Reaction,2,23,108352,3815
s1d-912Ox6w,US,Reaction,2,14,108905,3824
s1n_B-IJ2W8,GB,Other,1,9,17284,1377
s1rQmw1Ltmw,GB,Other,1,21,188065,4889
s1rQmw1Ltmw,IE,Other,4,23,381676,7191
s246XIkScRg,GB,Sports,1,12,509919,5886
s246XIkScRg,US,Sports,1,17,513681,5917
s287UgGYugM,GB,Music,1,7,123550,6443
s2IF-o2_YzY,IN,Other,3,12,1116864,34612
s2a1G_ATh4Y,GB,Movie/TV Trailer,1,47,35722,2000
s3ASUV9awbI,GB,Movie/TV Trailer,1,35,41261,2509
s3_5y904z_c,US,Other,1,11,226061,14777
s3giv3r7DKE,IN,Other,2,25,1025252,5761
s46HUUTBbyo,IN,Other,3,10,1163995,5357
s4EzzSRIDPg,IN,Other,1,33,59420,270
s4jlsvUWFO8,US,Other,2,33,54010,968
s4nIxLvW1Zo,IN,Other,3,1,4067982,182602
s4zBA1kRQb8,IN,Gaming,1,46,948858,4323
s55s9cx07T8,GB,Movie/TV Trailer,1,29,285241,14534
s5VG3K05pn8,US,Other,1,24,99450,13013
s5oYEZJ0CAM,US,Other,1,32,0,0
s6AsIlNWVVs,IN,Movie/TV Trailer,1,38,90020,1098
s6DFwZuZDCM,US,Gaming,1,37,0,0
s6n_7-d--VE,GB,Other,1,18,1007252,65422
s6n_7-d--VE,IE,Other,1,41,1011057,65622
s6n_7-d--VE,US,Other,1,23,1043689,66819
s7FXmJXr-Jc,US,Other,1,22,297407,15104
s8Bpqsh3t5o,GB,Music,1,40,233214,746
s8O4ibiUD6o,IN,Other,1,48,517510,34801
s8cP1Vt5US8,GB,Movie/TV Trailer,2,2,4166566,323375
s8cP1Vt5US8,IE,Movie/TV Trailer,16,11,6871563,410696
s8cP1Vt5US8,IN,Movie/TV Trailer,1,50,2951037,268517
s8cP1Vt5US8,US,Movie/TV Trailer,3,2,5019575,354975
s9MUhorOZaE,US,Other,1,27,0,0
s9h9L1kUiDs,GB,Sports,1,9,321718,11690
s9h9L1kUiDs,US,Sports,1,25,333175,11915
s9mt9HFU9bY,US,Other,1,39,627478,41723
sAS6YerPP-8,GB,Other,1,43,476069,52864
sAS6YerPP-8,US,Other,3,7,1269158,84075
sCGBG3Qbs6E,IN,Other,2,18,1585354,54760
sCRie0bKvtE,GB,Movie/TV Trailer,1,17,146712,5939
sCRie0bKvtE,US,Movie/TV Trailer,1,14,149430,5993
sCaP7nh7yWk,GB,Gaming,1,9,492774,10122
sCaP7nh7yWk,US,Gaming,1,19,512053,10363
sDrigUXaWR4,GB,Other,1,3,573738,56052
sDrigUXaWR4,IE,Other,2,30,852803,71796
sDrigUXaWR4,US,Other,1,17,587094,56734
sEAr-gxEE4s,GB,Other,3,1,138449,5697
sEyIbbxmbW8,US,Other,1,29,377034,19134
sF2dj7ycZvA,GB,Movie/TV Trailer,2,8,38123987,472360
sF2dj7ycZvA,IE,Movie/TV Trailer,16,2,41763035,505024
sF2dj7ycZvA,IN,Movie/TV Trailer,8,2,40666786,496334
sF2dj7ycZvA,US,Movie/TV Trailer,2,5,38166946,473035
sF5HFoT0bhw,IN,Movie/TV Trailer,2,32,72951,4654
sFL6I7G2Uv4,IN,Other,2,19,467216,947
sFP2Lnp4xB4,IN,Movie/TV Trailer,3,14,314598,15337
sGrw9n4-u7w,IN,Other,1,35,672315,48234
sHJseJwlkNM,US,Movie/TV Trailer,1,34,28692,1085
sHmnnNxu6Ww,GB,Music,1,19,232309,31884
sHmnnNxu6Ww,US,Music,1,13,241871,32542
sI2Nefd20fI,US,Other,1,36,245463,4828
sI6Hr79VQAA,IN,Gaming,1,33,720886,49309
sIYpKTr5b68,GB,Other,1,40,360422,6829
sIhg8O3NS8Q,GB,Music,2,15,118072,369
sIl-TZzs90o,GB,Music,1,13,83215,367
sIxazU_nUDc,GB,Other,1,26,499143,35692
sIxazU_nUDc,US,Other,2,9,970457,55429
sK5nM3v0wsQ,GB,Other,1,36,213216,21261
sKwySOOuvw4,IN,Gaming,1,44,284923,4354
sL5MV12Uaf4,GB,Gaming,1,15,313107,7962
sL5MV12Uaf4,US,Gaming,1,31,334772,8201
sL7Hm5_PzVI,GB,Gaming,1,49,102402,5416
sL7V1INn6io,GB,Movie/TV Trailer,1,31,462270,7750
sL7V1INn6io,IN,Movie/TV Trailer,3,34,858249,11240
sLT6GHPKf24,IN,Movie/TV Trailer,1,23,318893,9977
sLZtRgk3fVU,IN,Other,3,3,2375646,67405
sLueqNhgB3E,GB,Music,1,37,576978,6881
sLueqNhgB3E,IN,Music,2,40,973138,10521
sMw9WVVzM60,IN,Movie/TV Trailer,5,5,602532,8679
sMzswxhSpgw,GB,Movie/TV Trailer,1,19,129192,8674
sMzswxhSpgw,US,Movie/TV Trailer,1,13,131520,8754
sNXthsI99IE,IN,Other,2,3,1695611,42740
sNgLcatCxGQ,US,Sports,1,19,0,0
sNwzFhGwA94,GB,Movie/TV Trailer,3,5,5503649,96906
sNwzFhGwA94,IE,Movie/TV Trailer,15,8,6440709,113989
sNwzFhGwA94,US,Movie/TV Trailer,2,2,5218814,90030
sOuXq86Gzdc,IN,Other,1,12,1143231,119391
sQeBtWz3-FI,IN,Other,1,28,35447,234
sQj9MLVbpog,GB,Movie/TV Trailer,2,7,227771,10903
sQj9MLVbpog,IE,Movie/TV Trailer,5,31,295973,13130
sQj9MLVbpog,US,Movie/TV Trailer,2,13,229424,10982
sRe3hoczssU,IN,Music,2,40,416979,802
sSMlsMj677E,US,Other,1,39,127868,16456
sSNkSLc-3JE,IN,Gaming,2,15,991929,11980
sTKprISDMqo,GB,Other,1,32,63980,2336
sTLo5mpHQ48,US,Other,1,30,503579,9138
sTQZ33qNgoo,IN,Gaming,2,18,799622,17188
sUE7P2B42jM,GB,Music,2,13,50236,2759
sUMHHA2b8WA,GB,Movie/TV Trailer,1,44,104687,424
sUU12YXrNmg,IN,Other,1,42,58243,328
sVCrTJdNtSs,GB,Movie/TV Trailer,1,8,1049548,12930
sVCrTJdNtSs,IE,Movie/TV Trailer,2,23,1928588,20781
sVCrTJdNtSs,US,Movie/TV Trailer,1,10,1068537,13195
sXj2OIEOFq0,GB,Movie/TV Trailer,1,17,16404,305
sYHXqJs4oao,US,Other,1,31,243109,1876
sZ92YLUwSYQ,IN,Music,3,16,563827,29893
sZLDj2FiT7g,GB,Movie/TV Trailer,1,14,30511,923
s_yDoH760sc,GB,Other,1,26,205730,8375
s_yDoH760sc,US,Other,1,49,215793,8632
sbLybLkuxLA,GB,Movie/TV Trailer,1,40,43876,2749
scE8bWiQttE,IN,Other,1,3,1398517,9957
scv5p8rG4I8,US,Other,1,34,88695,516
scywbD81O7k,GB,Other,1,35,258145,16436
scywbD81O7k,IE,Other,3,24,374388,19567
sdYe9bsAmws,GB,Other,2,7,405586,6395
sdiqA9ratuw,US,Other,1,27,0,0
seSpPPKnpmY,IN,Other,1,9,1478300,87198
se_k3f6EXQQ,GB,Movie/TV Trailer,1,22,30775,357
sg7zbi0N-Q8,US,Other,1,39,0,0
sgRVTX4sVO0,IN,Movie/TV Trailer,2,13,439349,34203
shNf0QBXYjw,IN,Gaming,1,33,1171927,2501
shkhWL9eLek,GB,Sports,1,9,633141,38253
shkhWL9eLek,US,Sports,2,12,1210684,58189
shlFrEGeGwI,GB,Sports,1,14,2478754,132574
shlFrEGeGwI,IE,Sports,12,3,5318424,203396
shlFrEGeGwI,US,Sports,1,11,2511149,133418
siqwas_t1yc,IN,Other,3,15,1673776,50163
siu57Nwf6Yo,IN,Other,2,36,187157,533
sj-4JSfjkvM,IN,Other,1,40,415251,21847
sjbg-LalSXg,GB,Movie/TV Trailer,1,47,33989,2938
sjbxAmVYJb0,GB,Other,1,47,119959,5885
sjbxAmVYJb0,US,Other,1,23,127556,6063
skQgaugcKVQ,GB,Gaming,1,15,721520,50555
skQgaugcKVQ,IE,Gaming,3,21,1066190,62632
skYIjFY_jUQ,IN,Music,1,35,108675,1703
smHQJlXfZt8,IN,Gaming,3,9,5084924,8149
smfHL8sgBEU,GB,Movie/TV Trailer,1,47,1865639,16468
smfHL8sgBEU,IN,Movie/TV Trailer,1,8,1872457,16520
smh9xNiAgro,US,Other,1,44,122620,6428
snJhAkDuEHs,US,Other,2,48,549868,3774
spUNY4kcr_4,GB,Other,1,32,759720,24947
spUNY4kcr_4,US,Other,1,29,797788,25774
spmg52jNesA,GB,Other,1,20,412709,9257
sq7rCGuHGwc,GB,Other,1,17,281532,4630
sq7rCGuHGwc,US,Other,1,41,291931,4768
sqAsEf1lAig,GB,Music,1,36,289175,1215
sqWUDQloQm8,GB,Other,1,32,33022,1686
sqWUDQloQm8,US,Other,1,26,42023,1772
sqc-ZgRPtEA,US,Other,1,41,218981,4766
sqrXF-2cfyM,GB,Other,1,48,418889,23688
sqrXF-2cfyM,US,Other,1,23,436992,24425
srIxA3Ig24k,US,Other,1,43,134245,6299
stzDlbcn5Qc,US,Other,1,25,0,0
suKMNT8-yew,GB,Other,1,15,530050,16236
suKMNT8-yew,IE,Other,1,33,530301,16242
suKMNT8-yew,US,Other,1,46,532463,16275
sv6LFf4eANw,GB,Other,2,9,2883764,81241
sv6LFf4eANw,US,Other,3,9,2910078,81540
svP7TGp9AMY,GB,Other,1,39,214241,2249
svP7TGp9AMY,IN,Other,1,45,215299,2252
svQ3qHD9Kvw,GB,Other,1,15,25786,979
svd46qvaWds,GB,Music,1,33,34181,85
sw1YLrdaUnA,GB,Other,1,37,481090,136433
sw1YLrdaUnA,US,Other,1,39,488848,137943
swIRnfGvlwE,IN,Movie/TV Trailer,1,46,22095,1042
sxIxOZnkPoc,US,Movie/TV Trailer,1,38,198059,16945
sxhUs4UTS2Y,GB,Other,1,7,71181,4869
syBtRf69q6s,GB,Movie/TV Trailer,2,20,1542920,49685
syBtRf69q6s,IE,Movie/TV Trailer,11,23,2519677,60953
syBtRf69q6s,IN,Movie/TV Trailer,5,5,2155204,57568
syGj73gnM9A,US,Other,1,36,217537,7720
syg8WESASEw,IN,Sports,1,35,1009092,1490
t-1Z5hoWMp0,US,Music,3,7,282790,18043
t-Q60OfC27A,IN,Sports,1,32,914974,1605
t01IDTOBCJk,US,Other,1,38,0,0
t0pDHlW0PUM,GB,Other,1,43,20469,605
t0uuQOvOFFA,IN,Other,4,13,1559996,7621
t186xZeakj0,IN,Gaming,2,6,1150083,15608
t1TuBntVQdg,GB,Music,2,10,439841,1231
t1TuBntVQdg,US,Music,2,1,1019646,2194
t2DkunISJx4,IN,Other,3,7,577022,14946
t2MURAWdTWg,GB,Other,1,10,40990,2751
t3gRf_t_DZ8,US,Other,1,47,0,0
t3wTtfen5vo,US,Other,1,44,0,0
t3x8Fiapwsw,GB,Reaction,1,17,58726,3718
t3x8Fiapwsw,US,Reaction,1,20,60087,3757
t4rCfjmgV-M,GB,Sports,1,12,208647,4027
t5PX-kYyz3g,US,Other,1,24,0,0
t5iUn3t5v7g,IN,Other,2,30,139473,335
t5pZ-BYxLcU,GB,Reaction,1,47,109782,3898
t5pZ-BYxLcU,US,Reaction,1,50,113915,4041
t6StVXWM6p0,IN,Music,3,16,507871,21709
t6qG7G1rpzA,IN,Gaming,1,3,1982781,121831
t704cGN3tiA,US,Movie/TV Trailer,1,49,71612,2249
t7sjizadpLs,IN,Movie/TV Trailer,2,41,738815,4804
t8FXlgQZV2E,US,Gaming,1,29,305544,18477
t8eXP3Apfac,GB,Movie/TV Trailer,2,8,313532,15503
t8eXP3Apfac,IE,Movie/TV Trailer,5,32,444289,19807
t8eXP3Apfac,US,Movie/TV Trailer,1,5,199219,10422
t9Ae5hF3VzY,GB,Other,1,42,249208,14015
t9Ae5hF3VzY,US,Other,1,15,266263,14370
t9Ayd0TgxFw,GB,Music,1,4,1911863,119010
tAfn6RV5rxY,US,Music,1,30,19098,2432
tB93gfKocK4,GB,Music,2,7,2019527,119810
tBmzzEst31o,GB,Music,1,28,112102,14261
tBwmnHmZ8yY,US,Other,1,34,0,0
tClfXBIZzoM,IN,Movie/TV Trailer,1,44,45335,467
tD1HclUsKdM,IN,Other,1,3,3999637,96289
tD9FPjs5Sko,US,Other,1,35,0,0
tE6JdwtCZ2o,GB,Other,2,16,1148112,34714
tEAB0rFPUHU,IN,Gaming,2,29,298020,5535
tEiN7rkGztA,GB,Other,1,22,93566,11764
tEiN7rkGztA,US,Other,1,19,101632,12224
tEkEYDcWpLY,IN,Gaming,1,15,354118,20646
tFaGAeS_Ov4,GB,Music,1,4,267840,1014
tFsurQyCb5I,GB,Movie/TV Trailer,1,20,40435,1489
tFvfmT7hkKU,US,Other,3,10,197134,22787
tHOjI4hZwrU,GB,Other,1,35,84793,2828
tHPWWjHGCLo,US,Music,1,47,135232,17038
tHqKqQgtVVw,US,Other,1,44,128676,7212
tIDG9FwVXMo,US,Gaming,1,48,137371,6647
tIII7dLs_aA,GB,Music,1,3,6359,526
tIiSJGv28LY,GB,Other,1,33,79349,1605
tIrSixXFPPg,IN,Movie/TV Trailer,2,39,64092,606
tJKgA2JTBV0,GB,Sports,1,33,164016,2561
tJSiJRPTPnM,IN,Movie/TV Trailer,3,26,534908,19366
tJaVu6rD2VU,US,Other,1,3,0,0
tKSqYPOTgcE,US,Reaction,1,42,187986,9167
tKd_lEBxY1Y,GB,Music,1,28,401575,2674
tKd_lEBxY1Y,US,Music,1,24,417832,2760
tL2nzLFIcXg,GB,Movie/TV Trailer,2,2,376405,18125
tL2nzLFIcXg,IE,Movie/TV Trailer,6,20,486025,19691
tL_WP0rLKYw,IN,Music,1,7,128913,781
tLvCkYq2RvE,GB,Other,1,12,164288,12233
tLvCkYq2RvE,IE,Other,2,27,294179,17309
tLvCkYq2RvE,IE,Other,1,42,351084,19004
tM6AyDw0p34,IN,Gaming,1,41,95822,0
tMOQ_lII7Ao,US,Other,1,34,699675,29100
tNV9dzhZY88,US,Gaming,1,15,333496,25730
tNiJfttL2hM,GB,Movie/TV Trailer,1,44,23808,561
tNnPRjAGfeA,GB,Other,1,44,246312,3622
tOQ6HAIOew8,US,Other,1,35,0,0
tOidPCQS78U,IE,Gaming,1,45,280980,1234
tOidPCQS78U,US,Gaming,1,17,282753,1234
tP3h0iP8OY8,GB,Challenge/Stunt,1,28,413642,32008
tQYG3vSMUms,GB,Music,1,37,37640,6440
tQYG3vSMUms,US,Music,1,18,41130,6614
tQcNSJc8gEg,GB,Movie/TV Trailer,1,20,51965,3129
tQx8GBF9Sq4,GB,Other,1,15,364876,3222
tRVxQ7VLmHI,GB,Gaming,1,12,372178,8330
tRVxQ7VLmHI,IE,Gaming,1,39,372416,8331
tRVxQ7VLmHI,US,Gaming,1,50,374553,8359
tS6aQywLKds,IN,Sports,1,20,1707742,3523
tSPjFZ5EVbM,IN,Gaming,1,36,817418,2232
tSp_BJ5UaUc,US,Other,2,1,773061,737
tT7VPANguvA,GB,Music,1,10,549367,11175
tTShz7ZJkJQ,GB,Other,1,43,28362,3897
tTd8Q23e57c,US,Other,2,21,229392,1320
tTne4Fi4FLs,GB,Challenge/Stunt,1,18,258798,2293
tVe0rNRmA3k,US,Sports,1,41,381473,22146
tW3fdeH2N9A,GB,Music,1,34,2923,257
tY3f66V-aCM,IN,Gaming,1,21,458343,6851
tY6ERxackSo,US,Movie/TV Trailer,1,38,21185,740
tYW2i9VOkH0,GB,Movie/TV Trailer,1,19,285464,10249
tYW2i9VOkH0,IE,Movie/TV Trailer,4,22,363960,12223
tYW2i9VOkH0,US,Movie/TV Trailer,1,31,288013,10292
tYjDoPXtdL4,US,Other,1,43,349157,9071
tZ15yNT9LSE,GB,Sports,1,25,410469,10145
tZvWaVCjuMs,IN,Movie/TV Trailer,5,5,256420,4561
t_QUYXwkwss,US,Movie/TV Trailer,2,13,629597,21274
tblD7cnRBoc,GB,Other,1,16,39795,8693
tbnI7YvLYpA,GB,Other,1,46,132031,782
tbybXMAcSC4,GB,Other,1,44,220405,21868
tcA-Z5jlAwM,US,Other,1,36,56718,1525
tcm9ELy-u1Q,GB,Movie/TV Trailer,1,47,41144,363
tf3lXvYEJv4,GB,Music,1,31,106837,11358
tf3lXvYEJv4,US,Music,1,30,110877,11670
tfPs5zaVqHM,US,Other,1,41,0,0
tflo8FgQ4bo,GB,Other,1,44,306461,17832
tiYz2RiKA1M,GB,Movie/TV Trailer,1,40,37870,2480
tigsBUNnGjo,US,Other,1,21,258161,29946
tjnra1LDlwU,US,Other,1,6,612707,18858
tkXKZZWY6Mo,IN,Sports,2,12,1356380,44618
tkXRK8CxbqY,IN,Other,1,35,302871,10487
tku9rqITvvM,US,Other,1,27,210511,8137
tl2kaF_tot0,IN,Gaming,3,6,1912297,117154
tl8BTYn8bUU,IN,Other,1,27,555966,45322
tlJMx8H9Jd8,GB,Movie/TV Trailer,3,11,825863,33986
tlJMx8H9Jd8,US,Movie/TV Trailer,3,14,829968,34062
tlRlavbg3sY,GB,Other,1,10,683525,34506
tlRlavbg3sY,IN,Other,4,4,2069431,53727
tlTvjKU69dY,US,Other,1,24,0,0
tm8S57Qc-wQ,GB,Gaming,1,3,162989,665
tm8S57Qc-wQ,IE,Gaming,1,36,166065,677
tm8S57Qc-wQ,US,Gaming,1,33,187168,732
tmc4lq2lQqQ,GB,Other,1,31,386947,15025
tmc4lq2lQqQ,US,Other,1,24,401094,15306
tmeD9wfSSwE,IN,Other,1,22,267622,917
tmeMkdTGJyU,US,Gaming,1,35,261495,6614
tpLZF4u2fWs,GB,Music,1,3,23583,1795
tpP4pq2Si-I,GB,Gaming,1,27,79160,4958
tpsC24DPkJ8,IN,Music,2,33,409602,661
tqjr1h_y-As,IN,Gaming,1,30,441504,28645
tqnqXlb8Cxs,IN,Other,1,21,309383,650
tr7z6IFxpnI,GB,Other,1,34,403359,2765
ts0NPFROIqQ,IN,Sports,1,32,307996,1784
ts8peyv5sRI,IN,Other,1,12,360231,2510
tsTOXpHXNxw,IN,Movie/TV Trailer,2,14,279007,10265
tsUV27flYRQ,GB,Other,1,40,73409,12373
tsUV27flYRQ,US,Other,1,16,77033,12725
tt9xkyFbTdg,GB,Other,2,34,129452,12296
tu_QAmspOFU,IN,Gaming,1,24,999986,2275
tup6is0-qY0,GB,Other,1,30,1302459,26055
tup6is0-qY0,US,Other,1,29,1310507,26193
twLhSqabby0,GB,Music,2,7,1976031,68393
twLhSqabby0,IE,Music,7,25,6220752,86285
twLhSqabby0,US,Music,1,14,1094930,60097
tx9rcP08xZE,IN,Sports,1,45,172447,1263
txHQag0OJBo,GB,Movie/TV Trailer,1,26,153544,3996
txHQag0OJBo,IN,Movie/TV Trailer,2,20,268524,11042
txrYKA8Zg4g,GB,Other,2,10,907503,82551
txrYKA8Zg4g,US,Other,3,1,1285387,97964
ty1BqUcGruM,GB,Other,1,46,173625,830
tyBbHfKFd0c,IN,Gaming,1,21,932905,5229
tyG9hgWzD6k,GB,Movie/TV Trailer,1,35,1546991,13258
tyG9hgWzD6k,IN,Movie/TV Trailer,3,14,2543873,18877
tykxfRygYH8,GB,Movie/TV Trailer,1,50,42503,1589
tykxfRygYH8,US,Movie/TV Trailer,1,44,43386,1604
tzgtaXLUaDA,GB,Other,1,24,24129,849
tzlY8XD1CGg,GB,Other,2,2,606861,33068
tzlY8XD1CGg,IE,Other,6,26,780065,37555
tzlY8XD1CGg,US,Other,2,5,610692,33136
tztp1eqn3tQ,US,Sports,1,6,0,0
u-BMzP-RLd4,GB,Other,1,48,99602,14260
u-Mwar6DwA8,IE,Other,1,45,834655,41808
u06B4BVTgvU,IN,Music,3,4,4682515,177932
u0g8elvennQ,GB,Music,1,46,533994,10352
u0g8elvennQ,US,Music,1,22,539815,10473
u21St-Q58GI,GB,Other,1,9,1174383,70664
u21St-Q58GI,IE,Other,6,12,2488599,96834
u21St-Q58GI,US,Other,1,32,1212385,71551
u48_JpUloGY,GB,Movie/TV Trailer,1,23,243499,9751
u48_JpUloGY,IE,Movie/TV Trailer,5,32,3559535,95304
u4jbkirlbIw,IN,Movie/TV Trailer,4,2,222050,5358
u4npZvN1YG0,GB,Movie/TV Trailer,1,35,69427,2596
u4npZvN1YG0,US,Movie/TV Trailer,1,32,73163,2666
u54KQyoXdo4,GB,Gaming,1,35,121018,9026
u57vS1ijxTI,GB,Gaming,1,42,202449,2626
u61fUWCKAG4,GB,Music,2,13,643808,56146
u61fUWCKAG4,US,Music,2,4,656504,56638
u6QLVj6H_hI,GB,Movie/TV Trailer,1,23,89759,3898
u6rKrcf2t9E,US,Other,1,28,0,0
u799DFYWKRY,GB,Sports,1,6,682985,21351
u799DFYWKRY,IE,Sports,1,29,683517,21359
u799DFYWKRY,US,Sports,1,8,687305,21396
u7KInooWQJQ,US,Other,1,37,95351,506
u8UkPk-Z6Zc,US,Gaming,1,21,295194,14455
u8fPKDGg1zI,IN,Movie/TV Trailer,2,38,223955,4695
u8yQ88IRc2Q,GB,Movie/TV Trailer,2,14,290701,5443
u8yQ88IRc2Q,US,Movie/TV Trailer,2,10,292519,5472
u9Ak0a715jQ,GB,Gaming,1,12,658908,12250
u9Ak0a715jQ,US,Gaming,1,9,674921,12524
u9BdaJTWeiw,IN,Music,5,1,4850878,76435
uA6796XjIns,GB,Other,1,34,231251,12322
uAEM7Tyzics,GB,Challenge/Stunt,1,24,67973,1596
uAmHkYShGhM,GB,Other,1,39,1705533,3167
uAmHkYShGhM,US,Other,1,42,1705679,3168
uB-ei21vpxA,IN,Other,1,44,199191,1524
uBotyv_TSZg,GB,Movie/TV Trailer,2,2,20465275,258145
uBotyv_TSZg,IE,Movie/TV Trailer,12,20,25951315,304583
uBotyv_TSZg,IN,Movie/TV Trailer,6,2,24920937,293282
uBotyv_TSZg,US,Movie/TV Trailer,2,23,20554813,259262
uC6c2JMWaOs,IN,Other,1,45,151313,788
uCGRvzdJir8,IN,Other,1,31,137714,1583
uCN3lhcFu5g,GB,Other,1,28,1867518,12368
uCN3lhcFu5g,IN,Other,3,15,940860,6224
uCjkRVV0-qU,GB,Movie/TV Trailer,1,31,536449,10575
uCjkRVV0-qU,IN,Movie/TV Trailer,3,14,11440248,15268
uD0yLUVtAvk,GB,Other,1,22,187922,38404
uDvsMTADc7w,GB,Other,1,46,542637,22923
uE8VV3WXB0s,IN,Sports,1,38,737262,21331
uEGXoTTKpH0,GB,Other,1,27,178096,4527
uEfiwemf69k,GB,Music,2,10,2190970,30116
uEq6e7u_C04,IN,Movie/TV Trailer,3,8,473494,6968
uF1tNZKJxC8,US,Other,1,14,254896,10665
uF3ZTH5lXi4,IN,Movie/TV Trailer,1,43,207456,12163
uF5HUfho2NU,GB,Other,1,49,34014,4373
uFJDQH0AuHI,GB,Other,1,39,331930,24330
uFJDQH0AuHI,US,Other,1,34,346259,24799
uFf_aQqDiOw,GB,Sports,1,12,407587,22919
uFf_aQqDiOw,US,Sports,1,44,421693,23436
uGusRN7Ir0g,GB,Reaction,1,46,89455,7398
uGusRN7Ir0g,US,Reaction,1,37,52521,5123
uGwsF0CfKpY,IN,Gaming,1,15,483217,8474
uHpz5sgmJwo,GB,Movie/TV Trailer,1,11,95975,2404
uHpz5sgmJwo,US,Movie/TV Trailer,1,19,97615,2415
uJHNU5A_lSE,GB,Other,1,24,82354,1793
uJKHvFJsb2c,IN,Other,1,35,135259,391
uK2750jXA7k,IN,Movie/TV Trailer,1,49,9815,604
uKMd6orLNBk,GB,Other,1,32,173829,6933
uKPCsmR4ol0,IN,Movie/TV Trailer,1,43,73041,769
uL1rkret6CQ,IN,Other,1,44,54383,140
uLZvGq-a-Aw,IN,Movie/TV Trailer,2,41,427384,4252
uL_G6zC9ECc,US,Other,1,40,0,0
uMIKPfAfn3w,GB,Other,1,33,26953,943
uMMyozRqglI,US,Other,1,35,124433,5215
uMXGDfB6uRU,GB,Movie/TV Trailer,1,49,43869,4136
uNBo8dYSvKc,US,Other,1,36,0,0
uO_VHpxl5Pg,US,Other,1,43,0,0
uPNYyoOF4Ug,IN,Other,1,45,162529,240
uPZ94vlPhPI,GB,Other,1,44,77088,1518
uQ-Y3oEvghM,GB,Other,1,14,68489,1938
uRfn-Hj8vHc,IN,Music,3,7,435635,16197
uRk5M1XYA4Q,GB,Music,1,48,418542,36135
uRk5M1XYA4Q,US,Music,1,37,425685,36847
uS5HpSC37nk,IN,Other,4,19,417829,24837
uS9jaNTtcqg,US,Other,1,29,250517,9407
uVfVJEYD88U,GB,Music,1,33,51912,66
uWfJeDJcy94,IN,Movie/TV Trailer,3,32,124084,6719
uX_iqFlUdqI,GB,Gaming,1,6,899844,60626
uX_iqFlUdqI,IE,Gaming,4,27,2178983,107226
uX_iqFlUdqI,US,Gaming,1,12,945377,62410
uXwEJh4wg4k,IN,Gaming,1,9,1314513,3480
uYU1J7QszpU,US,Other,1,23,169391,23570
uah77OHk6nA,US,Other,1,3,0,0
ubzjfMwYM2M,GB,Gaming,1,49,156794,10791
udK_Z2YJjYY,US,Other,1,30,107211,2723
udcTxiHk-2o,US,Sports,1,47,494560,14547
ueb59rJDF8g,US,Other,1,9,698954,25182
uebsiRoqtSk,IN,Other,2,6,1752810,90379
ug0Br7QeMuA,US,Sports,1,20,799183,0
ugILckQ9ePg,US,Other,1,12,0,0
ugKc1YAlO2Y,GB,Other,1,48,151191,3465
uhHOK2paQqs,GB,Other,1,30,312524,16243
uhHOK2paQqs,IE,Other,1,48,314484,16277
uhHOK2paQqs,US,Other,1,48,321644,16504
uhky6t2lj6U,GB,Other,1,43,20581,1144
uj8JZD38Il0,IN,Other,2,33,66403,13944
ujVAmeBgOjs,IN,Music,1,36,158262,7779
ujvSfYgnFGQ,IN,Other,1,20,667103,62059
ulU8RHc9biA,US,Music,1,46,20565,3280
ulgKmnSLZWU,GB,Other,2,34,53655,4577
ulwYwjmU3ZI,GB,Music,1,36,111213,5364
un603Uxm_vs,US,Other,1,21,190454,10470
undhkaMMenU,GB,Other,1,24,759885,16117
undhkaMMenU,IN,Other,4,4,2620406,33878
unf8x_aZg9Y,GB,Movie/TV Trailer,1,22,4805936,41264
unf8x_aZg9Y,IN,Movie/TV Trailer,4,5,14329855,63176
unf8x_aZg9Y,US,Movie/TV Trailer,1,43,4983622,42458
uo0Dp6uYtxM,IN,Gaming,1,19,150617,572
uoBKZZFl-mo,GB,Gaming,1,38,91488,5042
uoKgr_oYHsA,US,Other,1,24,44660,604
uobLkWraHGw,GB,Other,1,34,57134,7059
uotHvdvE6qI,IN,Other,1,34,30491,104
up2Ni79-okI,GB,Other,1,46,198181,4340
upJ_LQ7uFv0,GB,Music,1,49,30277,1182
upvOb_jh0Hg,IN,Movie/TV Trailer,1,29,35345,1487
upy3zhSV4wY,GB,Other,1,36,62956,1341
uqn8ga1y3ow,US,Movie/TV Trailer,1,25,118497,1943
ur5F5IV5sgM,GB,Music,1,38,266403,875
urVFQLBtx7w,GB,Gaming,1,12,116426,3612
uriK7yH4b5E,IN,Movie/TV Trailer,1,11,287702,10170
usegdkbD3_E,GB,Other,2,1,585500,13935
usegdkbD3_E,IE,Other,5,1,1726494,34390
utf2lCWptPo,GB,Gaming,1,30,59219,3459
uwf2zXGNHcw,US,Music,1,7,54002,6390
uwild1rw7Aw,IE,Movie/TV Trailer,4,26,3544808,76960
uxNuuys19XE,GB,Other,1,1,563236,50311
uxNuuys19XE,IE,Other,1,22,580544,51030
uxNuuys19XE,US,Other,2,1,4089567,136696
uxUMXniTfjM,GB,Movie/TV Trailer,2,2,1516932,120774
uxUMXniTfjM,US,Movie/TV Trailer,3,2,1523493,121098
uy-4yZaUF0Q,GB,Other,1,18,507005,29957
uy-4yZaUF0Q,US,Other,1,18,535132,31031
uySR5f38rfs,US,Movie/TV Trailer,1,17,97456,7308
uz1I2jnPN9A,US,Other,1,49,0,0
v-L6axH9L_Y,GB,Other,1,23,307556,15567
v-L6axH9L_Y,US,Other,1,17,324447,15965
v-SnFA5v9P8,GB,Movie/TV Trailer,2,8,707042,17611
v-SnFA5v9P8,US,Movie/TV Trailer,2,8,707766,17616
v02H8nylJVc,IN,Other,1,31,796936,32603
v0FW4iwLlPo,GB,Movie/TV Trailer,2,5,108862,760
v0xwwjsdvYU,US,Gaming,1,43,193202,15175
v1ISv_h_qXY,GB,Movie/TV Trailer,1,50,98893,6581
v1t4MTqdfyI,GB,Other,4,1,4652707,368492
v1t4MTqdfyI,IE,Other,4,7,4660326,368576
v1t4MTqdfyI,US,Other,4,1,4682404,369134
v23iSg1oVfI,GB,Other,1,13,63662,390
v2OS2LOD-G8,GB,Music,2,25,344867,34809
v2lHUchbMSI,GB,Other,1,45,12323,291
v324aEfFX3o,US,Gaming,1,38,558734,58779
v3HfKcRqhf8,GB,Gaming,1,29,307510,10310
v3HfKcRqhf8,US,Gaming,1,23,330841,10779
v4Xfw1HT6ME,GB,Other,1,18,823694,61549
v4Xfw1HT6ME,IE,Other,2,42,1673500,100512
v4Xfw1HT6ME,US,Other,2,15,1444161,91167
v5IBfDJ1QOs,GB,Other,1,20,214516,19752
v5IBfDJ1QOs,US,Other,1,42,231400,20669
v5jVX0QYwQo,IN,Other,1,33,905856,9531
v67VmnSs4Fk,GB,Other,1,15,538813,8276
v67VmnSs4Fk,US,Other,1,12,543447,8336
v6l_Xw438Uk,IN,Other,2,38,1142232,85129
v6oRGsg7518,IN,Gaming,1,45,411696,6065
v7-HJlnijy4,GB,Movie/TV Trailer,1,29,34352,1076
v75Bv1rnZA4,US,Other,1,8,525433,21073
v7KXFji-IIM,US,Other,1,41,0,0
v7MsmIR0YsM,US,Other,1,29,403858,11549
v7fatG7Somw,US,Reaction,1,47,27735,1319
v8-szyybwh4,US,Music,2,7,146963,8816
v9MxlpYd7yQ,US,Other,1,25,247593,11257
v9c6C_dcxro,US,Other,1,44,92043,3036
v9iRIZ1Z63A,IN,Other,1,35,402149,30209
vABuhYF-aIM,GB,Other,1,41,586736,17381
vABuhYF-aIM,IE,Other,4,14,921550,24339
vAdV9XqiQ-g,GB,Other,2,9,263803,364
vAsMCl3xIg8,GB,Other,1,36,314462,4981
vAteGCCq80Y,IE,Other,1,42,430824,26427
vBxzAnxh8BE,GB,Reaction,1,19,78571,3955
vBxzAnxh8BE,US,Reaction,1,22,82277,4061
vCsS9a4dstY,US,Other,1,43,0,0
vCx-zNBIq3w,IN,Other,1,25,271723,441
vD2GwIrseno,IN,Gaming,1,21,412639,23909
vDDDqk3Omx4,US,Other,1,31,0,0
vDL8VyhE7G4,IN,Sports,1,27,181978,2089
vDO987ywE_E,GB,Other,3,1,112661,6578
vElboau8b1g,GB,Gaming,1,33,163087,6435
vElboau8b1g,US,Gaming,1,27,171843,6596
vEvAQeBoDGQ,GB,Gaming,1,48,1014762,8542
vFf14t357jg,US,Other,1,28,114817,1724
vI_uSGAoNPE,US,Other,1,35,411647,1460
vIqdyYEVmDY,US,Movie/TV Trailer,2,23,106134,2336
vJuYZKuP5b0,US,Other,1,36,120270,616
vKIsTOYMTsA,US,Gaming,1,36,254074,9495
vK_IL6V17Js,GB,Gaming,1,17,220311,19211
vKlhyxeLh7c,IN,Other,2,22,403965,1254
vKr1wiLiBpo,GB,Other,1,45,213746,3652
vKzPmy3VUzY,US,Other,1,41,90900,8681
vLIloxtPNZI,US,Other,1,22,126063,1599
vLaVHY86Vhc,IE,Music,11,13,817794,700
vMx06MD8tcQ,IN,Challenge/Stunt,1,12,1095706,15458
vN-5uOzOFec,GB,Other,1,18,50755,1464
vN-5uOzOFec,US,Other,1,38,60442,1560
vNRfmRbXLUs,GB,Other,2,1,344883,907
vOGmktrRipk,GB,Movie/TV Trailer,2,11,492183,10141
vOGmktrRipk,IE,Movie/TV Trailer,2,44,492873,10145
vOGmktrRipk,US,Movie/TV Trailer,1,2,307667,7727
vOIdqzOhUpo,GB,Movie/TV Trailer,1,32,128678,2666
vOIdqzOhUpo,US,Movie/TV Trailer,1,37,131755,2706
vOPEc878fXA,GB,Gaming,1,24,207638,8176
vOPEc878fXA,US,Gaming,1,35,222887,8396
vO_VCU3GDqw,US,Movie/TV Trailer,1,29,78481,2954
vOfyxPRunFM,GB,Other,3,4,3513567,178547
vOfyxPRunFM,IE,Other,2,10,3516579,178676
vOfyxPRunFM,US,Other,3,10,3541549,179464
vOtlejS1En0,US,Other,1,38,0,0
vQCGZCagY1w,US,Sports,1,17,0,0
vQqwVQ8Et_k,GB,Other,1,37,102980,17235
vRymn_J5X4k,US,Other,1,45,58865,1814
vU2_3SHFjOk,GB,Other,1,41,194989,7841
vU2_3SHFjOk,US,Other,1,13,209502,8096
vVHMEjzQDaw,IN,Gaming,2,21,832611,27319
vVwni50foWc,GB,Music,1,46,62461,211
vWRJIAYhIcc,GB,Movie/TV Trailer,1,17,356794,23234
vWRJIAYhIcc,US,Movie/TV Trailer,1,29,363566,23524
vY6QT50zrf0,GB,Other,2,6,418529,9464
vY6QT50zrf0,IE,Other,5,21,455717,10036
vY6QT50zrf0,US,Other,1,18,368807,8801
vY8oHE682ko,GB,Sports,1,33,109901,3385
vYoDvVF6e_s,GB,Movie/TV Trailer,2,23,341161,9410
vYoDvVF6e_s,US,Movie/TV Trailer,2,14,345467,9457
vYvL9MNytno,IN,Movie/TV Trailer,6,5,954625,6387
vZYVkitGXBU,GB,Other,2,22,1010874,96601
vZYVkitGXBU,IE,Other,7,22,2100719,137739
vZYVkitGXBU,US,Other,1,15,556861,70602
v_EWmEvsrac,IN,Gaming,1,35,658831,1794
v_VnpR0D9TM,US,Other,1,13,46057,4633
v_aL3bM9cfg,US,Other,1,35,173478,12397
v_byBvDATyk,GB,Other,1,18,48063,3692
v_jXOcIwZAY,GB,Other,1,33,245025,10113
v_jXOcIwZAY,IE,Other,1,45,245531,10120
vb2ntNpXAio,GB,Gaming,1,35,165157,5206
vb2ntNpXAio,US,Gaming,1,40,196454,5679
vcc4TSFaohA,GB,Other,1,44,575084,10762
vcwcpU0Ch28,US,Reaction,1,47,23379,1405
vdLLjpQlkME,IN,Other,1,16,116796,399
vdhxgoKWIYU,IN,Gaming,1,38,1546890,41596
veaEnWHpCf0,GB,Challenge/Stunt,1,12,109951,2755
veaEnWHpCf0,IE,Challenge/Stunt,2,21,187586,3933
veyPvRjJJlU,IN,Movie/TV Trailer,1,49,33929,3109
vhPefPkIlmQ,US,Other,1,24,240306,11360
vi4CsVIxY4c,GB,Other,1,7,174054,38366
viKFyeAcFuc,IE,Sports,1,47,1695035,13035
vidh_dat-no,US,Other,2,13,269955,2878
vioV3mlXub4,US,Other,1,6,635012,22414
vjBQsNmQsRA,IN,Other,1,13,1009691,91118
vjBd5aloEVg,GB,Gaming,1,46,242603,9267
vjDWB_H05Tg,GB,Movie/TV Trailer,1,31,120030,4695
vjDWB_H05Tg,US,Movie/TV Trailer,1,14,123836,4760
vjP6J-vpbmo,US,Other,2,17,358601,16372
vkz-p4wYegU,US,Movie/TV Trailer,2,10,202209,6270
vkzBZLjLZB4,US,Other,1,22,353170,16810
vlGZxVlj088,GB,Other,1,33,75235,1416
vlajVnQeoSM,IN,Movie/TV Trailer,1,8,1350728,10261
vlajVnQeoSM,IN,Movie/TV Trailer,1,14,235663,0
vmedYZa1A7I,IN,Gaming,1,50,150284,2273
vmo_JIjacW4,GB,Music,1,46,172554,590
vnZDuHgE2F4,GB,Other,1,36,442510,17556
vnZDuHgE2F4,US,Other,1,40,452476,17814
vnbryrcSICc,IN,Music,2,15,440773,27201
vnu02xMS2Uw,IN,Other,2,40,746544,4689
vnxXTIBxP0o,GB,Other,1,27,57824,1792
vo0N_i326as,GB,Movie/TV Trailer,2,2,497912,16831
vo0N_i326as,US,Movie/TV Trailer,2,5,503659,16973
vo1ZAkW5iy4,IN,Movie/TV Trailer,1,48,23224,288
voi9E13Kh30,IN,Movie/TV Trailer,1,32,22342,2136
vonRpwOq4zg,US,Other,1,47,186489,21625
vp_cT8TWafA,US,Other,1,26,246529,11239
vqM3sYzDgcQ,IN,Other,2,31,584029,5393
vqV3xfeb4SQ,IN,Movie/TV Trailer,2,34,6751014,14292
vqZXCScsg7g,GB,Other,1,30,405147,25813
vqZXCScsg7g,US,Other,1,42,414020,26099
vrRZwypfH6A,IE,Other,2,33,1521096,78472
vrY1THC_NQE,GB,Music,2,1,8762295,1072768
vrY1THC_NQE,IE,Music,30,1,76438317,3539590
vrY1THC_NQE,IN,Music,3,7,20544884,1956483
vrY1THC_NQE,US,Music,2,4,14664577,1564866
vsubLVneEsg,IN,Gaming,1,29,447265,65623
vtA_ixbpwsI,GB,Other,2,34,134951,14322
vtA_ixbpwsI,US,Other,1,22,39834,6380
vtEnjikCXyA,GB,Movie/TV Trailer,2,17,489695,4026
vtEnjikCXyA,US,Movie/TV Trailer,1,8,134337,1763
vtjdJHm9E9o,GB,Movie/TV Trailer,1,46,6831,655
vuXCDV5qDUM,IN,Music,3,22,381662,8674
vuau-7r-N_A,US,Other,1,18,369393,380
vucdXEwuOhI,GB,Music,1,15,10247,879
vutbVGewIcg,US,Other,2,1,4344791,312240
vvDdynLow_A,IN,Gaming,3,6,2655684,52946
vvO-sh-Wryo,IN,Sports,2,9,1080502,33130
vvtC6KQ0olY,US,Sports,1,33,0,0
vw6VBqKrHvo,US,Other,1,37,154675,7261
vwv0yIiRwWk,US,Other,1,20,252435,11384
vxYfR3g1xws,IN,Other,2,25,105940,2778
vxgYGGFNs98,GB,Movie/TV Trailer,1,29,892207,20386
vyISuWUWcFs,IE,Movie/TV Trailer,3,17,16393523,54918
vz2mNGpikr4,GB,Other,1,40,53040,9091
vz2mNGpikr4,US,Other,1,29,68606,10087
vzPB8jR2Gr8,GB,Other,1,3,360442,22721
vzPB8jR2Gr8,IE,Other,2,18,709783,34303
vzPB8jR2Gr8,US,Other,1,34,370052,22950
w-Z7cHB3BFI,IN,Other,2,38,139472,2236
w0R8F3KEP6E,GB,Movie/TV Trailer,1,43,40402,2016
w0R8F3KEP6E,US,Movie/TV Trailer,1,43,40917,2026
w0fmWzpxaIQ,IN,Other,1,29,501774,44104
w1HM3M5ztdk,IN,Sports,1,46,218991,4412
w1HifS-RdY4,GB,Music,2,13,3983026,49690
w1HifS-RdY4,IN,Music,2,28,3983881,49713
w24myORUm0M,US,Other,1,21,0,0
w2gBD_4i48o,US,Other,1,22,0,0
w2qeAZY_T5k,GB,Movie/TV Trailer,2,3,517424,21637
w2qeAZY_T5k,IE,Movie/TV Trailer,4,30,599811,23723
w3-TSukBlGI,US,Other,1,45,0,0
w3gTt_rXjtM,GB,Other,2,7,54969,281
w3gTt_rXjtM,IE,Other,16,6,1173959,5769
w6FEGa4azy8,IE,Other,2,40,1630661,10267
w6Geren83pU,GB,Other,1,42,7398,310
w6cqHvAQLxA,GB,Other,1,31,452078,1284
w6xKzG3Opdo,IN,Other,1,48,462678,1134
w7KdaO_wiC0,GB,Other,1,49,56901,8889
w8bk91BeYig,GB,Music,1,1,356653,2996
w94juPrw-3c,IN,Other,1,38,374002,20902
w9IvQ6cSpG0,GB,Other,1,11,152663,5844
w9IvQ6cSpG0,US,Other,1,14,159097,6004
w9LiOOVQ12U,GB,Other,1,13,35688,371
wAnnubDUsmY,GB,Other,3,12,322867,8323
wAoN-Mqhzso,US,Other,1,49,0,0
wCKP3JW7Mrk,GB,Movie/TV Trailer,1,23,22080,1355
wCTFRPqT5x8,GB,Other,1,24,57787,835
wE42ZvscvuU,US,Other,1,47,0,0
wECp0mEK1Rs,IN,Movie/TV Trailer,3,8,944474,23727
wED5VAZ6iRw,IN,Gaming,1,35,5056204,18866
wEEIUYnmXBM,GB,Movie/TV Trailer,1,26,117053,6457
wEWlf-dYgrw,GB,Gaming,1,33,158660,6389
wF0iM7Av04c,GB,Other,1,21,4470,457
wFHPJkrPjMY,GB,Sports,1,49,145633,1953
wGBgTNthIVk,IN,Movie/TV Trailer,3,8,223229,15238
wGW9QTriNYM,US,Other,1,37,105908,2991
wGYMz-b0evQ,US,Other,1,26,0,0
wH-whH3Yjl0,GB,Movie/TV Trailer,1,29,9858,24
wHWJiNciOPA,US,Other,1,47,0,0
wHfY1TjmRnc,GB,Other,1,30,575168,34945
wHfY1TjmRnc,US,Other,1,15,596884,35725
wHiidn69wyE,GB,Other,1,27,252485,9763
wHiidn69wyE,IE,Other,4,14,939994,23087
wISyE4dZzyo,GB,Movie/TV Trailer,1,43,79711,2518
wISyE4dZzyo,US,Movie/TV Trailer,1,46,81130,2543
wIa2MZXpp1w,IN,Other,1,36,674298,46894
wJhoHS1i6tQ,US,Other,1,36,0,0
wLkO_xTeQxc,IN,Other,1,34,265704,1602
wLmLB4Zzyiw,US,Other,2,21,429141,8159
wMGLGHGziww,GB,Music,1,40,61158,10066
wMGLGHGziww,US,Music,1,4,64620,10369
wMMJzR-Ezds,GB,Movie/TV Trailer,1,5,109623,3498
wMMJzR-Ezds,US,Movie/TV Trailer,1,8,112394,3577
wO6eCvz5ygc,IN,Other,3,3,2719717,198759
wOPu83PYsDU,US,Reaction,1,14,18607,1404
wPA2ZaKVQTo,US,Other,1,14,195296,6856
wPGd0X2E1Jk,GB,Movie/TV Trailer,1,50,2470,295
wPyxxygYY0Q,GB,Movie/TV Trailer,1,20,25130,515
wQ1KM1_Sbmk,GB,Gaming,1,27,492817,20288
wQ1KM1_Sbmk,US,Gaming,3,32,739116,25346
wQ4sqMgMAyM,GB,Music,2,41,137457,217
wQIp8QDfPeA,US,Other,1,39,271261,4086
wQpdbEtz_Qw,IN,Sports,1,42,141202,2965
wQrfAvzUiZA,IN,Gaming,2,16,297071,1033
wSj8UAbIpOs,US,Other,1,17,0,0
wT2VV6bq6hU,GB,Movie/TV Trailer,1,26,776956,19746
wT2VV6bq6hU,IN,Movie/TV Trailer,4,8,2509898,27973
wT9z109JfIA,US,Other,1,47,188755,7174
wTtGd0gE3Ag,GB,Music,2,7,467399,33097
wTtGd0gE3Ag,US,Music,2,9,471898,33158
wTwDb-__8vQ,GB,Other,1,37,308915,2533
wUr5IuYcg8M,IN,Sports,1,18,1475156,2662
wV3yeqXNUhY,GB,Gaming,1,48,251452,7828
wV3yeqXNUhY,US,Gaming,1,21,262299,7963
wVimvwHeot8,US,Other,1,42,0,0
wWVTZl5pZ5s,IN,Movie/TV Trailer,3,38,375864,4236
wWZbNEFa1_o,US,Other,1,36,87097,727
wWarXnr3tWc,IN,Sports,1,39,605990,1980
wXbudH0WLQk,GB,Other,1,32,333129,12909
wXbudH0WLQk,US,Other,1,17,342358,13076
wYMIxiWJsvU,IN,Gaming,1,40,254655,7216
wYr79xvtsig,US,Movie/TV Trailer,1,26,122000,7281
wZ0Ti6SyPH8,GB,Gaming,1,30,1128147,24348
wZ6WITEL-hM,GB,Gaming,1,44,187848,7230
wZ6WITEL-hM,US,Gaming,1,49,201757,7465
wZAoWXvfPmg,IN,Other,1,33,490605,27412
wZOmLy0uBao,IN,Other,1,37,43883,287
wZW016nna48,GB,Other,2,3,16127641,409961
wZW016nna48,IE,Other,19,3,48504493,857861
wZW016nna48,IN,Other,3,15,24768021,544407
wZW016nna48,US,Other,2,6,16443597,415215
wakSU6KJRLc,US,Sports,1,6,0,0
waxRlAWaUSw,US,Other,1,16,78977,752
wb4CJFCcPDA,US,Music,1,27,27240,2956
wbMNy_djxGk,GB,Movie/TV Trailer,1,20,1406344,3240
wbMNy_djxGk,IN,Movie/TV Trailer,2,24,2995895,6263
wbMNy_djxGk,US,Movie/TV Trailer,1,14,1469491,3495
wbsPEHzG6U0,IN,Other,1,42,213792,689
wbsfQYI_IIY,GB,Movie/TV Trailer,1,35,295407,19141
wbyjvTe-ZMY,IN,Other,1,29,541830,36249
wc6L0lKm6o4,IN,Gaming,1,17,695594,11605
wcMIb_4r2co,GB,Music,1,31,108087,338
wdTq2Aa8b4U,GB,Other,1,43,43395,2338
wdaO-NV1Tj4,US,Other,1,41,228784,21670
wdhwXKtVBR0,GB,Music,1,36,36740,3635
wdqDfzUUyTE,US,Other,1,48,311198,4751
weruopUdJ78,US,Other,1,39,0,0
wf6zimsGJ_U,GB,Other,1,46,94701,10293
wf6zimsGJ_U,US,Other,1,16,96948,10437
wfr4QN1Hvhs,GB,Other,1,48,348333,27622
wfr4QN1Hvhs,US,Other,1,43,358509,28128
wfx3MjMV6x4,GB,Movie/TV Trailer,2,19,99138,1068
wgMDQtAweXo,US,Movie/TV Trailer,1,25,77627,1287
wgiTSrXm0vg,US,Other,1,20,0,0
wgkC0I0T0Jw,US,Other,2,23,227373,2315
wgyb4zyM6B0,GB,Reaction,1,34,237916,14004
wgyb4zyM6B0,US,Reaction,1,40,240187,14072
wgyjxf8wxTQ,IN,Other,1,19,58052,1279
wixzainceAE,GB,Movie/TV Trailer,2,8,4351718,37136
wixzainceAE,US,Movie/TV Trailer,2,2,4396906,37317
wjPWkTdmUoM,IN,Other,1,42,31983,453
wjaneaZ79Yk,IN,Music,3,7,648496,4408
wjiK9KIaal4,IN,Other,1,27,367090,20412
wlNOlyguBBY,GB,Gaming,1,45,293199,11780
wlVCLYtyQDo,IN,Other,2,22,540281,15926
wm3axOAx74s,US,Other,1,39,313355,8944
wob0NDMQqGY,IN,Movie/TV Trailer,4,5,962351,13721
wob0NDMQqGY,US,Movie/TV Trailer,1,22,392638,7033
wp33PP_tG84,IN,Movie/TV Trailer,1,38,113858,6186
wqE5qUqjuxI,IN,Gaming,1,38,2546433,3958
wqSHogLRtJI,GB,Other,1,49,9881816,330909
wsUj-bNnGB4,US,Sports,1,8,175421,5345
wsna-8COvhM,GB,Other,1,17,387008,3096
wsna-8COvhM,IE,Other,2,20,406338,3215
wsna-8COvhM,US,Other,1,23,388245,3106
wtA_NBaxwDQ,US,Music,1,28,301524,475
wtB4bexSjuE,US,Movie/TV Trailer,1,37,7394,2505
wtJn6AVmk8g,GB,Other,1,15,153079,26139
wtryI-7hKdE,GB,Sports,1,46,98818,5811
wu23mGZJVOQ,GB,Other,1,27,51179,471
wuB1aY186MA,US,Other,1,45,96614,4069
wu_bnMV2BEA,US,Other,1,48,0,0
wwEUB7jqS88,GB,Other,2,1,1543185,111974
wwEUB7jqS88,IE,Other,18,1,3503760,156021
wwEUB7jqS88,US,Other,2,1,1553983,112226
wwP7OhjWzOA,US,Other,1,46,0,0
wxWHpEf7gj8,IN,Other,2,29,171776,728
wyZHyKce5XY,GB,Gaming,1,3,397727,3041
wyZHyKce5XY,US,Gaming,1,17,397780,3038
wzbOMd_RJaI,IN,Other,1,47,150197,542
x-Kfr-aAXVg,IN,Movie/TV Trailer,2,28,981629,6654
x-vWnkzIGKE,IN,Gaming,1,24,1172401,64482
x0m1V7tmhac,US,Other,1,36,61527,545
x0sjwLSnbpw,GB,Gaming,1,24,116600,4788
x1SO--6JUmg,US,Movie/TV Trailer,1,41,119734,4232
x1SO--6JUmg,US,Movie/TV Trailer,1,20,69166,2853
x2A-gzRyLXs,US,Other,1,20,306613,18390
x3dral7OjIw,IE,Gaming,6,15,1519810,1771
x3eqqoZPV_E,GB,Other,2,1,20478420,875089
x3eqqoZPV_E,IE,Other,15,13,83726039,1194658
x3eqqoZPV_E,IN,Other,2,4,20532094,875520
x3eqqoZPV_E,US,Other,2,1,20761245,877760
x3fz-PV0gWY,GB,Gaming,1,3,328156,5248
x3fz-PV0gWY,US,Gaming,1,50,345134,5387
x4TQ-YL40rE,GB,Sports,1,26,146643,3800
x4YPOr0fGYo,GB,Movie/TV Trailer,2,34,526763,61665
x4YPOr0fGYo,US,Movie/TV Trailer,2,16,529552,61832
x5NUenuAPpg,GB,Other,1,44,31800,2884
x5_s6UlNZxI,US,Other,1,18,0,0
x5bt4nuhDF8,GB,Sports,1,48,370392,6933
x69cfPINk70,GB,Other,1,6,1531166,5800
x69cfPINk70,IE,Other,1,18,1531200,5800
x69cfPINk70,IN,Other,1,15,1531200,5800
x69cfPINk70,US,Other,1,3,1531420,5800
x6_mbnsh6VU,IE,Other,25,7,8541732,347248
x6e5ddOGI4E,US,Other,1,40,0,0
x7TjKQx9mFg,IE,Challenge/Stunt,4,24,1016301,35261
x7XjtSiJ4fs,GB,Other,1,28,333124,12398
x7XjtSiJ4fs,IE,Other,4,27,637185,19898
x7XjtSiJ4fs,US,Other,1,17,347453,12607
x7_ZgVIDkmg,IN,Other,1,45,759424,31742
x7x124Ez4sI,GB,Other,1,37,170399,1864
x8cd49s6Xi8,GB,Other,2,6,2523445,20684
x8cd49s6Xi8,IE,Other,5,15,4488264,33541
x8cd49s6Xi8,US,Other,2,3,2636745,21554
x9-l_M-ODlc,GB,Movie/TV Trailer,1,50,44662,2213
x9-l_M-ODlc,US,Movie/TV Trailer,1,29,47316,2299
x9EAMqDJva0,GB,Other,2,21,706256,73103
x9EAMqDJva0,IE,Other,3,27,948854,86911
x9EAMqDJva0,US,Other,1,21,293360,38254
x9EWv5EgGlA,GB,Other,1,39,788133,11292
x9EWv5EgGlA,US,Other,1,26,790377,11315
x9VXlf0j980,GB,Other,1,1,11140699,135826
x9qiUBtFgH4,GB,Movie/TV Trailer,2,8,1131531,38661
x9qiUBtFgH4,IE,Movie/TV Trailer,4,44,2236779,47517
x9qiUBtFgH4,IN,Movie/TV Trailer,5,2,2562290,50423
xANBhMJ93x4,IN,Other,2,24,885814,32273
xAWOuM7gRb0,US,Gaming,1,42,145102,9814
xAlzgUP61ec,IN,Movie/TV Trailer,3,7,406904,11979
xBGM9VBURiY,US,Other,1,33,0,0
xBTn8gjy1zA,IN,Other,2,13,71515,792
xC3r10VLf-c,US,Other,1,33,163890,7708
xCHsyht5eac,GB,Other,1,16,4663093,70888
xCHsyht5eac,IN,Other,3,13,8519174,96444
xCkf2L7gFnI,US,Other,2,12,1500462,104735
xCrp6odd0Rg,IN,Gaming,1,30,1494675,2551
xCwlRhBxP5o,US,Gaming,2,32,490899,31878
xDdrmoSh3W4,GB,Movie/TV Trailer,1,19,101130,18194
xDdrmoSh3W4,US,Movie/TV Trailer,1,17,117515,19926
xE1nsWN68UY,US,Other,1,38,245478,7318
xEXTnppcZDc,GB,Other,1,19,273194,17469
xEdb7D9ohXw,IN,Movie/TV Trailer,1,47,120571,3520
xF6nQjxUJPk,US,Other,2,38,84295,5798
xFGBXa__CME,IN,Other,1,47,526551,8987
xFx3qciUw-s,US,Other,1,25,0,0
xG8a5AoncJw,US,Other,1,9,0,0
xHSeZUAq2-s,GB,Music,1,39,130731,9556
xHSeZUAq2-s,US,Music,2,1,367239,22693
xHTymez8ZiU,GB,Challenge/Stunt,1,42,302151,25485
xHTymez8ZiU,IE,Challenge/Stunt,3,18,1291167,67979
xIOl_7kJ5LU,GB,Sports,1,25,188889,1105
xJP67dh-wWo,US,Movie/TV Trailer,1,13,14943,1580
xJfIfwLHdNg,GB,Other,2,3,1255502,48809
xJfIfwLHdNg,IE,Other,2,3,1493889,54192
xJfIfwLHdNg,US,Other,1,9,669772,31673
xJkCv_pTafk,US,Sports,1,38,0,0
xLAPpTflZmk,GB,Other,1,25,484107,50141
xLFF5x0hSeg,GB,Other,1,23,318128,18886
xLFF5x0hSeg,US,Other,1,38,326757,19122
xNruotCQjuY,US,Music,1,37,15382,980
xNzYtLNEZjg,GB,Other,1,39,365966,31603
xOLbK3iD3oM,IN,Challenge/Stunt,1,32,258685,3233
xRQi00kCST8,GB,Other,1,27,385465,37156
xRQi00kCST8,US,Other,1,39,389322,37355
xSY6Pmph358,US,Other,1,27,271318,9413
xSyODB5qdKs,US,Other,1,32,0,0
xTHd-CU4-Yw,GB,Other,1,43,130795,14826
xTHd-CU4-Yw,US,Other,3,33,306119,23327
xTI2YfOawBE,IN,Movie/TV Trailer,1,47,72516,2022
xVLDmJaob7Q,US,Other,2,7,174214,5594
xVoiJX0YEHM,GB,Other,1,39,144381,3515
xVuO0NjcBIY,GB,Gaming,1,36,42574,3172
xW0-Ko1nra4,GB,Other,1,45,212515,9516
xW0-Ko1nra4,US,Other,1,12,232334,9878
xW1k46NPyN0,IN,Other,1,39,111327,5684
xWRrf64_Qns,GB,Other,1,25,10243,456
xWfV4okI064,GB,Gaming,1,30,97011,5862
xWkWUjbK864,US,Other,1,28,0,0
xWsBUSQWtmM,GB,Other,1,49,16377,467
xYUx6bsBXg8,GB,Music,1,36,1234385,117766
xYUx6bsBXg8,IN,Music,5,4,2729524,158035
xYbLpsEhcfA,GB,Movie/TV Trailer,1,8,3775233,16096
xYbLpsEhcfA,IN,Movie/TV Trailer,5,2,10620538,34912
xYjNoOJA2CY,GB,Other,1,42,246722,11353
xYjNoOJA2CY,US,Other,1,15,269109,11879
xYyerGYgpXE,GB,Gaming,1,15,630047,16373
xYyerGYgpXE,US,Gaming,1,20,667516,17122
xZNQHuvFnyE,GB,Other,2,21,215484,4071
xZUavocHU2g,GB,Movie/TV Trailer,2,2,586783,13023
xZUavocHU2g,IE,Movie/TV Trailer,8,17,1129721,18974
xZUavocHU2g,IN,Movie/TV Trailer,4,2,889309,16618
xZUavocHU2g,US,Movie/TV Trailer,2,11,595514,13135
xZYYROshwus,IN,Other,1,40,254763,5267
x_KUeqVr9fY,GB,Reaction,1,35,62842,2945
x_KUeqVr9fY,US,Reaction,1,20,64706,3006
x_Y1Pun89PM,US,Other,1,26,0,0
xaDpPVD1pmw,US,Other,1,26,92076,7290
xaG7hE6Q4po,GB,Music,1,31,4511,353
xbGUd7R2BSU,US,Other,2,21,363726,373
xc-FS_MhxKM,US,Other,1,36,0,0
xc7aBWqFpes,IN,Other,1,47,143613,8029
xckal05i-N0,US,Other,1,47,175443,12654
xdJuDfJ80bw,IN,Gaming,1,42,336416,14664
xdSLs6_ZFI0,GB,Movie/TV Trailer,1,32,69919,3519
xeIvq9Oloqc,IN,Movie/TV Trailer,2,29,124948,3429
xeXghe2nxOY,US,Other,1,28,0,0
xf8IQbfbdeY,GB,Other,1,34,289492,1543
xfOTbg6jFZc,GB,Other,1,6,341370,30056
xfOTbg6jFZc,US,Other,1,38,355860,30933
xg2tN3dI_Yg,GB,Movie/TV Trailer,2,5,675686,29453
xg2tN3dI_Yg,IE,Movie/TV Trailer,4,11,1078326,36882
xg2tN3dI_Yg,US,Movie/TV Trailer,3,8,897098,34018
xgXjUBG_lKo,IN,Gaming,1,26,1231250,2261
xgeuzWwExIY,US,Other,1,32,479260,24111
xgvmoMx2dxI,US,Other,1,12,0,0
xgwa2GXWYck,IN,Other,2,25,480089,1852
xhNrqN042l4,IN,Other,2,26,1325363,104618
xhlyxzkq140,IN,Other,1,29,347008,19886
xigp_04qQtY,GB,Other,1,42,75080,5502
xik4ustTQJw,IN,Gaming,1,29,614345,1220
xjZOQR9uqdA,US,Music,2,18,178811,15051
xjt56lcuQ6g,GB,Sports,1,33,246274,628
xkHsNI6IwA4,IN,Movie/TV Trailer,1,32,238601,11067
xkXQfGZdQ1g,IN,Gaming,1,27,1029069,0
xll4nkFNkbc,IN,Movie/TV Trailer,3,11,473119,34796
xlyUaeeTsFc,US,Other,1,12,0,0
xnvAYrtub6I,GB,Other,2,38,252965,5287
xo15L091lqI,GB,Movie/TV Trailer,2,11,416926,17533
xo15L091lqI,IE,Movie/TV Trailer,7,25,675647,24091
xo15L091lqI,US,Movie/TV Trailer,2,11,421344,17627
xqSO21hr3Zk,GB,Music,1,18,196457,7698
xqWSZSZfCOQ,US,Other,1,46,0,0
xrcHZRjVnwI,IN,Other,1,27,275241,2012
xreKWvd3Wpw,US,Other,1,15,0,0
xs5P1MJIiRg,IN,Reaction,2,14,45149,3596
xsYsRWbsAi0,IN,Gaming,1,9,418748,52965
xthcVFZLVX4,IN,Gaming,1,47,223085,0
xtnQv2BCe_k,GB,Other,1,27,319190,5061
xuo_jDL1DBI,GB,Gaming,1,21,336777,5956
xvT1jH8B9AM,GB,Music,2,1,1757897,122842
xvT1jH8B9AM,IE,Music,19,4,41086837,732313
xvT1jH8B9AM,IN,Music,6,1,8147728,305322
xvxw3d6suhQ,IN,Other,1,15,600189,24739
xwWrjeFGVuI,GB,Other,1,47,516945,8495
xxFjwI1qYmc,US,Music,2,16,426416,19816
xxJ49TLCIJg,US,Other,2,7,254559,700
xxcJM0wYZGE,IE,Music,2,37,1321791,98309
xyTZmViI9Ls,GB,Music,1,31,84215,9142
xyTZmViI9Ls,US,Music,1,19,87076,9299
xzz2iKVlBrY,GB,Other,1,15,333332,28347
xzz2iKVlBrY,IE,Other,1,41,333390,28487
xzz2iKVlBrY,US,Other,1,35,348202,29262
y-EcThl2214,GB,Reaction,1,41,32871,1936
y-EcThl2214,US,Reaction,1,32,34328,1999
y-gvCEUw1ec,GB,Music,1,16,125583,475
y-kWCDDdcMY,US,Other,1,31,0,0
y-qUkEynU_A,GB,Music,2,9,130406,377
y-qUkEynU_A,US,Music,2,24,133080,381
y0kFJDb2Mkw,US,Other,1,31,0,0
y2PAJNJ7MWs,US,Sports,1,3,0,0
y2T9NpuVhak,IN,Other,1,19,158582,666
y2Zcmcbrm9s,GB,Movie/TV Trailer,1,10,2842343,272156
y2Zcmcbrm9s,IE,Movie/TV Trailer,10,5,3537967,286737
y2Zcmcbrm9s,US,Movie/TV Trailer,1,10,2850704,272334
y2cGPmT5NxY,US,Other,1,21,107901,1238
y3WDu1jC21A,GB,Other,1,24,441738,38789
y3WDu1jC21A,US,Other,1,12,470378,40118
y5GaJ2k8dM0,IN,Gaming,1,33,170700,5633
y69Bj1h-_aA,IN,Other,3,25,487107,2074
y6JFbHVl3AA,IE,Other,2,18,946253,27218
y6Ox96GdVaU,GB,Music,1,46,252478,584
y77_fA6fOts,GB,Other,1,46,71280,1492
y8bSn8XawGQ,GB,Other,1,42,168086,26312
yA4B_8-rpH8,US,Other,1,38,140439,12569
yA6pvflvKM0,US,Other,1,12,231191,10863
yAUCiKtNDqw,IN,Other,2,25,98432,382
yBCI826y7dI,GB,Other,1,34,138109,5252
yBQiQAIgk74,GB,Other,1,32,149508,3531
yBwL_An2mDw,GB,Other,1,46,265355,8526
yBy5NnLTiWQ,GB,Gaming,2,3,1898394,106349
yBy5NnLTiWQ,IE,Gaming,7,11,2438074,118180
yBy5NnLTiWQ,US,Gaming,1,6,1191873,84895
yCLwk1WaXvI,IN,Movie/TV Trailer,2,14,101844,3942
yCvx4g13xo8,IN,Music,2,33,142563,2553
yDA-A1jWswo,US,Movie/TV Trailer,1,35,162976,11628
yETv-aZMPe0,IN,Gaming,1,47,481916,23760
yEXZWDj9A34,IN,Gaming,2,6,1420102,20266
yEeIgmFij6k,IN,Other,1,40,109127,414
yFhUSoJ8HTQ,IN,Gaming,2,33,470271,5648
yFmFKAtgqRo,GB,Movie/TV Trailer,1,50,65989,6504
yFyUyl8uips,IN,Sports,1,44,1092519,1660
yHlSmn4_oQ8,GB,Music,1,4,233415,1674
yI7PNroE2EU,US,Other,1,49,257121,746
yJ8fdmJPQ38,GB,Other,1,22,215928,21312
yJtckcMHM2g,GB,Other,3,1,2274794,146124
yJtckcMHM2g,IE,Other,7,7,3261600,172454
yJtckcMHM2g,US,Other,3,4,2283913,146371
yKSfwz7aL04,GB,Music,1,43,81458,223
yLoc_vJMzRY,GB,Music,1,19,176083,795
yM5APO87aNU,GB,Music,2,16,4181319,78024
yM5APO87aNU,IN,Music,2,18,4184719,78091
yNCAKTRLVt4,US,Movie/TV Trailer,1,35,14126,479
yNWig6Xu68k,IN,Gaming,2,9,1117001,50693
yNa8jP4zoJo,IE,Music,11,16,14133785,783083
yOQZtxAi_L8,GB,Other,1,37,9272,376
yOR5LKfdytA,GB,Music,1,13,321456,1684
yOWrqZytcGk,US,Other,1,30,172071,477
yPXJyn0VAbQ,GB,Other,1,28,146897,1977
yPXJyn0VAbQ,IN,Other,1,43,148098,1982
yQLKrS5N4KU,IN,Movie/TV Trailer,1,2,3465648,18360
yRMmzFvoW-o,GB,Reaction,1,49,16117,956
yRTNg5g3B7Y,IN,Gaming,2,3,1387953,19078
yTJc2KOVXfs,GB,Other,2,9,932136,28239
yTJc2KOVXfs,US,Other,2,9,949667,28529
yUX7zYyM03g,GB,Challenge/Stunt,1,50,338197,16305
yUX7zYyM03g,US,Challenge/Stunt,1,32,358830,16760
yUXT0H9JOr0,US,Other,1,10,0,0
yVegipl0NDg,IN,Other,1,41,537482,8229
yVoJv0nVWCM,GB,Gaming,2,37,532696,16939
yW-Hr4IXjYI,GB,Other,1,30,265783,17481
yWFrb_Y0omY,IN,Other,2,13,591956,11515
yWGT5gncNJw,IN,Other,4,16,1661681,5084
yWJJG_y8W0k,GB,Sports,1,17,140885,3270
yWJJG_y8W0k,IE,Sports,1,47,141314,3278
yWqGth2Ncv4,IN,Movie/TV Trailer,5,5,570372,3968
yYeExLYdf9g,US,Other,1,23,0,0
yYiOKWX9Q1w,US,Music,2,6,179978,13873
yYyrqk2nzBk,US,Other,1,26,185564,12222
yZ_9Kq9TtVA,US,Other,1,26,223699,8951
yZuHSGE1xw8,GB,Other,1,45,131382,11154
yZx0zwbz1eQ,GB,Music,2,13,56931,2740
y_XMBZ7i_e4,IN,Movie/TV Trailer,4,5,2213546,48896
ya1tkd4Vyrw,IN,Music,3,4,1522106,120089
ybdpv091aw4,US,Other,1,33,0,0
ybmg63IKhMo,IN,Other,3,9,538965,4513
yc7wgHDwaMw,IN,Gaming,1,14,2446155,16698
ycN_H2OTFeA,GB,Other,1,4,50918,9609
ycN_H2OTFeA,IE,Other,8,37,189161,14738
ycSTOHPUvkE,US,Other,1,26,427873,17040
ydof6IwhTsU,IN,Movie/TV Trailer,1,29,33349,821
ydssj556GIQ,GB,Movie/TV Trailer,2,31,501067,22707
ydssj556GIQ,IE,Movie/TV Trailer,3,37,547837,23991
ydssj556GIQ,US,Movie/TV Trailer,2,13,502904,22743
yeBqqAuDL7E,US,Other,2,9,957665,76627
yf88VH5XNbs,GB,Music,1,37,49624,91
yfNwhYxajzg,US,Other,1,20,0,0
yfx94yz31KQ,GB,Other,1,37,279378,24240
yhUWtCa8qeM,GB,Other,1,35,52122,1267
yh_Y6ouBmGo,US,Sports,1,3,0,0
yhvt7_o0ksY,GB,Movie/TV Trailer,2,11,400486,11927
yhvt7_o0ksY,IE,Movie/TV Trailer,6,32,586487,15024
yhvt7_o0ksY,US,Movie/TV Trailer,2,5,404346,12000
yhxf4SYE1gg,IN,Movie/TV Trailer,1,26,188112,4326
yiF8FTL2jKs,GB,Music,1,44,388532,2475
yiY9B_rNB60,GB,Other,1,33,194363,8692
yicWZa3C-RY,IN,Movie/TV Trailer,3,25,783072,7731
yiqgdDBMisI,GB,Movie/TV Trailer,1,46,84233,4382
yjAogy9uB4A,IN,Other,1,36,70056,375
yjWtkQSF8dA,GB,Music,1,39,344316,33332
yjWtkQSF8dA,US,Music,2,24,601827,45067
yjdMzicn7BA,GB,Other,1,35,258255,4745
yjdMzicn7BA,IE,Other,1,45,258373,4749
yjrB6o9D0CY,GB,Other,1,13,70949,7920
ykVpDClBL6U,US,Music,2,6,137242,11368
yl3WUn9UUPo,GB,Other,1,12,273025,15566
yl3WUn9UUPo,IE,Other,2,39,522349,24519
ylGKgCWazw0,GB,Gaming,1,45,2560717,68812
ylGKgCWazw0,IE,Gaming,1,42,2561470,68893
ylpG7zCR4ao,GB,Other,1,50,21369,5443
ylpG7zCR4ao,US,Other,1,34,26168,5997
ymUHnTtaGMk,IN,Reaction,1,40,39584,3182
ynFKIIUK7WI,GB,Other,1,24,481793,6781
ynFKIIUK7WI,IE,Other,1,45,482357,6787
ynFKIIUK7WI,US,Other,1,42,485040,6814
ynG4T9yLKFs,GB,Gaming,1,48,456416,19451
ynG4T9yLKFs,US,Gaming,1,44,465693,19657
ynR3e3R7NjE,GB,Other,3,2,417611,12711
ynR3e3R7NjE,US,Other,3,2,419008,12727
yoAvM_6hpPM,IN,Gaming,1,45,316701,9478
yoO8S7jhAvc,IN,Movie/TV Trailer,1,38,11046,1104
yopgS0mOGqI,US,Music,1,12,94068,17932
ypqZr2jSRmE,US,Other,3,1,1369201,7039
yprYv7WsBzc,US,Movie/TV Trailer,1,16,31309,5418
ypxW1boSa3Q,US,Other,1,29,171403,9572
yq-gVH2bQBs,GB,Other,1,39,218177,12186
yq1k0ne0M6M,IN,Movie/TV Trailer,1,49,20892,1853
yqT-mt6kGws,GB,Music,1,12,129701,4293
ysDUclBoJHk,GB,Movie/TV Trailer,1,19,37667,4123
ysDUclBoJHk,US,Movie/TV Trailer,1,4,46064,4457
ysg6GVlzz9Y,GB,Other,1,49,421671,75223
ytFZ2FQQEpk,IN,Other,3,28,359674,931
ytMcUsfKrqw,GB,Gaming,1,24,151198,4841
yu4s7enxy1s,US,Other,1,49,0,0
yuGeOcR0XIM,US,Sports,1,12,0,0
yuka3HCqOPE,US,Other,1,13,18055,1811
yv9rOjSBAjc,IN,Movie/TV Trailer,1,31,105841,3479
yvZ_y08DFzg,IN,Reaction,2,29,31125,961
ywSHs8AQX00,US,Other,1,27,157864,1561
yx3cV5hZqxA,GB,Other,1,23,66818,7246
yxRz1PBU06s,US,Music,1,42,215142,559
yxra3K2roYk,IN,Gaming,1,37,470243,8035
yyX5zsi1iPY,US,Other,1,27,189283,8636
yzFZanGBpb0,IN,Movie/TV Trailer,1,34,107307,3671
yzKvfS5ZPpA,US,Music,1,36,30267,2072
yzjy8F9y5SE,IN,Gaming,2,3,1505405,20524
z-2-77KkUzY,US,Gaming,1,21,145539,10069
z19rT9xz1lM,IN,Gaming,1,30,1040514,2508
z1ATOkbsN4k,IN,Movie/TV Trailer,2,11,1732767,10418
z1GEcZ_-ilQ,GB,Other,1,44,62233,4412
z1GEcZ_-ilQ,US,Other,1,26,63626,4448
z1RtSYF6moQ,IN,Movie/TV Trailer,4,8,610608,23344
z1XKbQQeLbU,IN,Movie/TV Trailer,2,29,147482,8216
z1zsgLY8OXs,GB,Movie/TV Trailer,1,49,108672,1147
z1zsgLY8OXs,US,Movie/TV Trailer,1,49,114743,1251
z22zRnTlgMg,GB,Music,2,10,466044,26623
z2mMRrDi0eU,IN,Music,2,22,325334,1172
z2qstV9p-EU,GB,Other,1,48,97407,1700
z38lDNVAHbI,GB,Gaming,1,15,294708,4495
z3IhXxeMy4Y,GB,Other,1,10,386313,23715
z3IhXxeMy4Y,US,Other,1,7,393328,23960
z3xHKng1lI8,IN,Gaming,2,12,286910,12665
z42YNGpWifA,US,Other,2,10,729374,13135
z43fM-SRpI8,GB,Music,1,16,81327,5899
z4ps_h7ce_0,GB,Other,1,45,8756,375
z5A0qpWUrfg,GB,Other,1,7,18732,2514
z5qZzlwSLgI,GB,Music,1,27,12933,1611
z6GO4xMKG_I,GB,Gaming,1,38,258439,5262
z6QWUHzweF4,GB,Music,1,25,58531,149
z7TEEGA0TQk,US,Other,1,47,13005,520
z7eGToy4MWk,GB,Movie/TV Trailer,2,1,3758081,162731
z7eGToy4MWk,IE,Movie/TV Trailer,4,1,4008380,166557
z7eGToy4MWk,US,Movie/TV Trailer,2,1,3768440,162892
z84rfQ5GQLg,US,Other,1,19,0,0
zA6FK8KhW_c,GB,Other,1,33,105110,438
zAEA3h529ZU,GB,Other,2,9,3153665,62015
zAEA3h529ZU,IN,Other,4,4,7225781,91755
zAFdkBucLzY,IN,Movie/TV Trailer,2,38,17065,636
zBEsH7PZ5SA,IN,Other,3,15,1765621,59885
zCHn7urivKw,US,Other,1,20,0,0
zCHtn4jwn_Q,GB,Movie/TV Trailer,2,20,461574,15750
zCHtn4jwn_Q,IN,Movie/TV Trailer,3,14,504027,16703
zDoh5Cvg7XM,IN,Other,2,40,378144,717
zECvo3s1uH8,US,Other,1,23,164045,6789
zEO2z9lXz_w,US,Other,1,48,111749,7606
zFhI2kffBOo,GB,Other,1,33,171011,5681
zFszhQLMNXU,GB,Movie/TV Trailer,1,32,237439,6354
zFszhQLMNXU,US,Movie/TV Trailer,1,20,245982,6520
zG6zww17cIA,GB,News,1,14,57722,1964
zG6zww17cIA,US,News,1,8,59156,1991
zGpsrIY0wg4,IN,Gaming,1,43,449615,7328
zGsj0fDHB_s,GB,Other,1,7,2049569,120961
zGsj0fDHB_s,US,Other,1,27,2064980,121514
zGyZoC6G0OQ,GB,Music,1,46,100313,10844
zGyZoC6G0OQ,US,Music,1,21,102826,11107
zHEJEj_CMPg,IN,Gaming,1,24,385028,20392
zHG0usNFXMk,GB,Other,1,6,306563,12338
zHG0usNFXMk,US,Other,1,9,334636,12839
zHufYmH4Tz4,GB,Other,2,37,11358,778
zHvTzK6iavo,IN,Music,1,43,338297,2416
zI4IYgOn5R4,IN,Other,1,33,129857,337
zIngzF2xeN4,GB,Music,1,13,204011,13132
zJbiRiB9K4c,GB,Gaming,1,12,393630,4838
zJbiRiB9K4c,US,Gaming,1,45,408751,4943
zJy1kaQxJMA,US,Other,1,25,0,0
zKyGkE7jzRg,IN,Gaming,1,35,324164,1494
zLSJOsTOM98,IN,Gaming,1,12,1622898,5907
zMMiYOgl1V0,GB,Other,1,24,106105,694
zMkQl5WtUaw,IN,Gaming,1,46,21448,97
zO9Sm1S59po,US,Other,1,32,247832,16197
zPPoqtqrDTk,GB,Other,2,6,383825,24324
zPPoqtqrDTk,IE,Other,3,27,473710,27691
zRk4WIPJdYQ,GB,Movie/TV Trailer,1,29,51384,2138
zTFZuAyDdXY,US,Other,2,27,1659288,123287
zTM79B80Kb8,IN,Movie/TV Trailer,1,49,138151,2051
zTUCiNfTvcs,GB,Other,1,12,154177,3999
zTUCiNfTvcs,IE,Other,1,47,154710,4008
zTcC9j4XNmw,GB,Other,2,38,228946,8864
zTcC9j4XNmw,US,Other,2,38,230514,8903
zUshKe8FpH8,IN,Music,2,16,276658,25974
zUvJclsD-OE,GB,Gaming,1,50,210951,8121
zUvJclsD-OE,US,Gaming,1,27,239997,8883
zV1dJ9QAvQk,US,Other,2,24,257602,292
zVLzC3Maj4s,US,Other,1,39,71936,10677
zVXKN5pxbcI,GB,Other,2,26,807315,29392
zVnizZX54Yc,US,Other,1,48,0,0
zXHHenUWxnQ,GB,Other,1,33,210150,6045
zXY7En43YDo,GB,Other,1,3,729776,42565
zXY7En43YDo,US,Other,2,9,1294704,63116
zXi93SBOYDo,GB,Gaming,1,27,1247201,10410
zXwSDMrPeA4,IN,Sports,1,30,414887,2319
zYae5JCTvs4,GB,Movie/TV Trailer,1,22,69406,2171
zYae5JCTvs4,US,Movie/TV Trailer,1,31,70478,2189
zZA6G9jzneU,IN,Other,1,46,512930,2084
zZbjLcdn5Uk,GB,Other,1,6,367703,15468
z_f0m2TbMDo,IN,Movie/TV Trailer,1,31,116800,6635
z_irPa7PBV0,GB,Music,2,16,10197,735
za6mr7Nu0aA,IN,Gaming,2,12,1059369,3005
zaNNLwHIUfE,GB,Other,2,1,815525,25294
zaNNLwHIUfE,IE,Other,4,45,1285385,35340
zaNNLwHIUfE,US,Other,3,6,1078016,30683
zaaBv_6odMo,IN,Gaming,2,9,11031813,32754
zbo1vquQo5g,GB,Other,1,6,150137,3161
zbo1vquQo5g,US,Other,1,35,152342,3195
zcDm84v769s,GB,Gaming,1,46,198441,7740
zcDm84v769s,US,Gaming,1,44,211091,8032
zdcnSDPcpdw,GB,Other,1,39,128518,4879
zfQ49f0WbGI,US,Other,1,40,0,0
zfopTfY3lBU,GB,Movie/TV Trailer,4,8,20933713,214729
zfopTfY3lBU,IE,Movie/TV Trailer,15,17,26222541,241593
zfopTfY3lBU,IN,Movie/TV Trailer,4,2,20981976,214789
zfopTfY3lBU,US,Movie/TV Trailer,1,26,6796487,147338
zgSGDQFm8AU,GB,Other,2,13,26794,1170
zgetcBn7WLg,GB,Reaction,1,20,27996,684
zgiQ5hVggBQ,IN,Movie/TV Trailer,1,26,17310,978
zh0MbxxLahM,US,Other,1,43,0,0
zh0xYqckuPc,US,Reaction,1,11,42261,3361
zhchELOS76k,GB,Movie/TV Trailer,1,35,52695,803
zhkTUhWdMi0,IN,Movie/TV Trailer,3,14,157418,6950
ziLDALAQmVM,IN,Gaming,1,35,1002523,2222
ziRCQByPAdw,US,Other,1,30,156394,16185
zinfTtkH8dk,US,Gaming,1,45,107748,3722
zj3AdmFML28,IN,Movie/TV Trailer,3,11,109862,855
zj7kIreX7tQ,GB,Other,1,23,110288,4718
zj7kIreX7tQ,IE,Other,1,44,111222,4748
zjAUr3_d0Os,IE,Gaming,1,33,825305,40404
zjStbKoGALg,GB,Challenge/Stunt,1,24,1323761,17861
zjStbKoGALg,US,Challenge/Stunt,1,42,1346581,18026
zk87RHWfQ3w,IN,Other,1,37,167876,29300
zmpp9WSChkw,US,Other,1,43,332688,17394
znPUHkavlGw,GB,Other,1,45,478486,18090
zncQBYxJOWM,GB,Gaming,1,46,365217,13926
zncQBYxJOWM,US,Gaming,1,41,405292,14692
zo2r0paDmKI,GB,Other,1,41,49957,1208
zo2xd1Qi-WQ,US,Other,1,26,311066,271
zoKof7YRKwQ,IN,Gaming,1,23,560454,32875
zoUYo8Wln20,GB,Music,1,34,72017,9000
zpHD-bj6E_k,US,Other,1,28,0,0
zpauAqP9TwA,GB,Other,1,28,6028,491
zpbonbp_tyw,IN,Other,1,12,805924,58794
zpvGp5kOg18,GB,Movie/TV Trailer,1,20,25035,2117
zpvGp5kOg18,US,Movie/TV Trailer,1,19,25513,2131
zqZKextpkr8,GB,Other,1,47,98994,4654
zqay9kQlSOE,GB,Other,1,13,377440,40906
zqay9kQlSOE,IN,Other,1,34,386670,41367
zqdrP3rvBQk,GB,Other,1,49,185990,7455
zqdrP3rvBQk,US,Other,1,41,200284,7749
zrcg8YHSys8,GB,Movie/TV Trailer,1,17,79967,1816
zrcg8YHSys8,US,Movie/TV Trailer,1,22,84811,1853
zrnvjTjvtbo,US,Sports,1,3,0,0
zrrqo7E_XsA,GB,Music,1,12,292892,19204
zsU9X03cMoo,US,Other,1,24,229932,17820
zsp96OnAehM,GB,Other,1,14,388600,26494
zsp96OnAehM,US,Other,1,21,406800,27120
zvOwzn7Hwdo,US,Other,1,3,0,0
zvaO4DPM1ZM,GB,Other,1,9,946667,40162
zvaO4DPM1ZM,US,Other,1,18,986587,41323
zvdxphGS07o,IN,Gaming,1,43,457038,30329
zvdxphGS07o,IN,Gaming,1,44,1086721,49110
zw9uaJzw2HU,IN,Movie/TV Trailer,2,14,281588,10649
zwQsx82-yp4,IN,Sports,1,33,510328,18827
zxxMGtrr7v0,IN,Other,1,24,88376,483
zy-dSb3amfY,IN,Other,1,28,30502,156
zyACw_HW-vM,GB,Sports,1,15,8378205,33106
zyACw_HW-vM,IN,Sports,2,6,8433107,33112
zyizzSzEByc,GB,Music,1,4,321306,1182
zz4rsZLcauY,GB,Movie/TV Trailer,1,16,69880,2569
zzQRogrTBc0,GB,Reaction,1,12,279359,13926
zzQRogrTBc0,US,Reaction,1,20,294459,14334
